{"stats":{"minecraft:crafted":{"minecraft:crafting_table":1,"minecraft:stick":4,"minecraft:wooden_axe":1,"minecraft:acacia_planks":32},"minecraft:mined":{"iceandfire:copper_pile":28,"cyclic:flower_purple_tulip":2,"iceandfire:crackled_gravel":2,"minecraft:grass_block":1,"minecraft:melon":3,"minecraft:chest":11,"minecraft:copper_ore":6,"minecraft:tall_grass":3,"minecraft:hay_block":1,"minecraft:repeater":1,"iceandfire:crackled_stone":1,"treechop:chopped_log":4,"minecraft:grass":26,"minecraft:bamboo":3,"minecraft:stone":34,"sophisticatedbackpacks:copper_backpack":1},"minecraft:killed":{"minecraft:sheep":3,"minecraft:zombie":1,"born_in_chaos_v1:nightmare_stalker":1},"minecraft:dropped":{"minecraft:bread":7,"minecraft:wheat_seeds":5,"minecraft:oak_trapdoor":1,"minecraft:stone_sword":1,"minecraft:rotten_flesh":2,"minecraft:mossy_stone_brick_slab":1,"minecraft:apple":9,"minecraft:mossy_stone_brick_stairs":1,"cyclic:flower_lime_carnation":1,"minecraft:torch":1,"minecraft:bundle":1,"minecraft:repeater":2,"minecraft:leather_boots":3,"minecraft:stone_brick_stairs":1,"minecraft:bone":2},"minecraft:custom":{"minecraft:mob_kills":6,"minecraft:interact_with_crafting_table":2,"minecraft:damage_dealt_resisted":21,"minecraft:time_since_death":31878,"minecraft:climb_one_cm":1698,"minecraft:damage_resisted":0,"minecraft:time_since_rest":31878,"minecraft:sprint_one_cm":112044,"minecraft:damage_taken":2115,"minecraft:walk_one_cm":242847,"minecraft:trigger_trapped_chest":1,"minecraft:drop":24,"minecraft:damage_dealt":798,"minecraft:swim_one_cm":8640,"minecraft:fly_one_cm":257586,"minecraft:open_chest":4,"minecraft:crouch_one_cm":1984,"minecraft:play_time":31878,"minecraft:sneak_time":390,"minecraft:walk_under_water_one_cm":1752,"minecraft:jump":746,"minecraft:walk_on_water_one_cm":10652,"minecraft:total_world_time":31878,"minecraft:fall_one_cm":22323},"minecraft:picked_up":{"born_in_chaos_v1:fused_bone":1,"iceandfire:dragon_skull_lightning":3,"minecraft:repeater":2,"born_in_chaos_v1:monster_flesh":1,"minecraft:brown_wool":1,"minecraft:potion":1,"minecraft:stone_brick_stairs":1,"minecraft:chain":7,"iceandfire:armor_copper_metal_helmet":3,"iceandfire:manuscript":7,"minecraft:oak_trapdoor":1,"minecraft:dirt":1,"minecraft:raw_copper":21,"minecraft:leather_boots":2,"croptopia:olive":1,"minecraft:bone":29,"cyclic:flower_lime_carnation":1,"minecraft:apple":9,"minecraft:stone_bricks":1,"cyclic:flower_purple_tulip":1,"minecraft:wheat_seeds":5,"croptopia:squash":1,"minecraft:iron_ingot":4,"minecraft:cobweb":20,"minecraft:bamboo":15,"minecraft:melon_slice":17,"minecraft:chest":10,"minecraft:oak_planks":3,"minecraft:acacia_sapling":6,"minecraft:mossy_stone_brick_stairs":1,"minecraft:book":1,"minecraft:stick":4,"iceandfire:copper_nugget":286,"iceandfire:dragonbone":64,"minecraft:acacia_log":24,"minecraft:torch":1,"born_in_chaos_v1:ethereal_spirit":1,"croptopia:hops":1,"croptopia:olive_seed":1,"iceandfire:crackled_gravel":4,"born_in_chaos_v1:nightmare_claw":1,"minecraft:mossy_stone_brick_slab":1,"minecraft:stone_sword":1,"croptopia:hops_seed":1,"minecraft:arrow":64,"toughasnails:water_canteen":1,"minecraft:rotten_flesh":2,"croptopia:squash_seed":2,"iceandfire:crackled_stone":1,"minecraft:bread":7,"sophisticatedbackpacks:copper_backpack":1,"minecraft:black_wool":1,"minecraft:mutton":5,"minecraft:skeleton_skull":1,"minecraft:white_wool":1,"minecraft:cobblestone":33},"minecraft:used":{"minecraft:stone_sword":33,"minecraft:bundle":1,"minecraft:glass_bottle":1,"minecraft:stone_pickaxe":14,"sophisticatedbackpacks:copper_backpack":1,"toughasnails:water_canteen":23,"minecraft:torch":1,"minecraft:dirt":1,"minecraft:crafting_table":2,"toughasnails:empty_canteen":4,"minecraft:wooden_axe":20,"minecraft:apple":9,"iceandfire:crackled_gravel":1,"born_in_chaos_v1:monster_flesh":1,"minecraft:bread":7,"minecraft:melon_slice":13,"cyclic:flower_purple_tulip":1,"minecraft:stone_bricks":1,"minecraft:stone_axe":17,"minecraft:bow":40,"minecraft:potion":2,"croptopia:ajvar_toast":4},"minecraft:broken":{"toughasnails:water_canteen":4}},"DataVersion":3465}