{"stats":{"minecraft:broken":{"minecraft:stone_sword":1,"minecraft:stone_axe":2,"toughasnails:purified_water_canteen":1,"roughtweaks:plaster":1},"minecraft:crafted":{"biomesoplenty:fir_stairs":4,"minecraft:oak_planks":32,"minecraft:dark_oak_door":3,"minecraft:ladder":3,"minecraft:chest":8,"minecraft:dark_oak_planks":124,"minecraft:crafting_table":4,"minecraft:wooden_pickaxe":1,"biomesoplenty:willow_planks":60,"biomesoplenty:fir_planks":300,"minecraft:stick":20,"biomesoplenty:fir_trapdoor":16},"minecraft:killed":{"minecraft:cave_spider":2,"born_in_chaos_v1:skeleton_demoman":1,"born_in_chaos_v1:skeleton_thrasher_not_despawn":1,"born_in_chaos_v1:maggot":1,"minecraft:skeleton":4,"soulslikeuniverse:darkspirit":1,"born_in_chaos_v1:corpse_fish":1,"born_in_chaos_v1:barrel_zombie":1,"minecraft:sheep":3,"minecraft:zombie":8,"minecraft:stray":1,"minecraft:cow":6},"minecraft:dropped":{"minecraft:enchanted_book":1,"minecraft:bread":7,"born_in_chaos_v1:intoxicating_decoction":1,"born_in_chaos_v1:shattered_skull":2,"minecraft:wheat_seeds":5,"minecraft:lapis_lazuli":1,"weaponmaster:tutorialbook":1,"vampirism:altar_tip":2,"biomesoplenty:maple_sapling":3,"minecraft:apple":9,"born_in_chaos_v1:pileof_dark_metal":1,"minecraft:spruce_stairs":2,"biomesoplenty:fir_sapling":14,"minecraft:iron_block":1,"minecraft:dirt":81,"vampirism:altar_pillar":4,"minecraft:torch":1,"born_in_chaos_v1:stimulating_decoction":1,"minecraft:potion":3,"gravestone:obituary":3,"minecraft:bone_meal":1,"minecraft:sugar":3,"minecraft:cyan_carpet":3,"minecraft:bone":8,"biomesoplenty:toadstool":6,"minecraft:stone_sword":4,"alexsmobs:animal_dictionary":1,"soulslikeuniverse:dagger":1,"minecraft:rotten_flesh":6,"soulslikeuniverse:estusflask":2,"minecraft:tipped_arrow":1,"minecraft:gunpowder":2,"minecraft:skeleton_skull":2,"mysticalagriculture:inferium_essence":5,"minecraft:andesite":2,"born_in_chaos_v1:corpse_maggot":2,"minecraft:leather_boots":2,"apotheosis:gem":2,"minecraft:stone_bricks":3,"minecraft:arrow":3,"minecraft:stone_pickaxe":3,"minecraft:wooden_pickaxe":1},"minecraft:custom":{"minecraft:mob_kills":30,"minecraft:interact_with_crafting_table":9,"minecraft:open_barrel":3,"minecraft:damage_dealt_resisted":1253,"minecraft:time_since_death":20920,"minecraft:climb_one_cm":1502,"minecraft:damage_resisted":0,"minecraft:sprint_one_cm":179895,"minecraft:walk_one_cm":178081,"minecraft:drop":110,"minecraft:play_time":65096,"minecraft:deaths":3,"minecraft:sneak_time":3733,"minecraft:walk_under_water_one_cm":1474,"minecraft:jump":1677,"minecraft:interact_with_brewingstand":1,"minecraft:walk_on_water_one_cm":6230,"minecraft:total_world_time":65096,"minecraft:sleep_in_bed":1,"minecraft:time_since_rest":4452,"minecraft:waystone_activated":1,"minecraft:damage_taken":2164,"minecraft:damage_dealt":6501,"minecraft:swim_one_cm":11906,"minecraft:fly_one_cm":389807,"minecraft:open_chest":28,"minecraft:crouch_one_cm":8014,"minecraft:fall_one_cm":55045},"minecraft:used":{"minecraft:stone_sword":182,"minecraft:ladder":9,"minecraft:chest":9,"minecraft:iron_sword":5,"minecraft:iron_chestplate":2,"minecraft:torch":1,"minecraft:dirt":13,"croptopia:taco":13,"toughasnails:empty_canteen":1,"born_in_chaos_v1:scorched_planks_slab":2,"minecraft:dark_oak_planks":103,"minecraft:iron_helmet":1,"minecraft:iron_boots":1,"soulslikeuniverse:estusflask":7,"minecraft:item_frame":4,"biomesoplenty:fir_trapdoor":11,"minecraft:trapped_chest":1,"minecraft:iron_leggings":1,"born_in_chaos_v1:mint_ice_cream":1,"epicfight:skillbook":2,"minecraft:diamond_boots":2,"biomesoplenty:willow_planks":48,"minecraft:bundle":1,"minecraft:stone_pickaxe":84,"minecraft:oak_planks":36,"minecraft:wooden_pickaxe":6,"biomesoplenty:fir_planks":72,"toughasnails:water_canteen":2,"minecraft:crafting_table":4,"born_in_chaos_v1:holiday_candy":8,"minecraft:dark_oak_door":2,"biomesoplenty:fir_stairs":7,"minecraft:stone_axe":247,"minecraft:cobblestone":1,"toughasnails:purified_water_canteen":5},"minecraft:picked_up":{"minecraft:seagrass":1,"minecraft:iron_chestplate":1,"minecraft:ladder":6,"born_in_chaos_v1:river_mint":9,"biomesoplenty:orange_autumn_sapling":20,"minecraft:enchanted_book":6,"minecraft:gold_block":1,"minecraft:potion":3,"croptopia:cabbage_seed":1,"minecraft:brewing_stand":2,"minecraft:shield":1,"biomesoplenty:fir_trapdoor":1,"minecraft:string":3,"born_in_chaos_v1:intoxicating_decoction":1,"minecraft:item_frame":1,"minecraft:cyan_carpet":3,"mysticalagriculture:inferium_essence":8,"minecraft:gold_nugget":12,"biomesoplenty:fir_planks":64,"croptopia:tomato_seed":2,"minecraft:beef":15,"croptopia:blueberry":1,"born_in_chaos_v1:stimulating_decoction":1,"minecraft:chest":1,"minecraft:raw_iron":1,"born_in_chaos_v1:scorched_planks_slab":2,"minecraft:tipped_arrow":1,"apotheosis:gem":4,"minecraft:stick":22,"iceandfire:ghost_chest":1,"croptopia:corn_seed":3,"born_in_chaos_v1:shattered_skull":2,"roughtweaks:plaster":1,"soulslikeuniverse:spawnmagicwhitephantom":1,"minecraft:torch":1,"minecraft:spruce_stairs":2,"sophisticatedbackpacks:backpack":1,"born_in_chaos_v1:pileof_dark_metal":1,"minecraft:cauldron":1,"minecraft:dark_oak_planks":3,"minecraft:arrow":8,"minecraft:stone_sword":4,"minecraft:rotten_flesh":10,"soulslikeuniverse:estusflask":4,"biomesoplenty:willow_sapling":4,"minecraft:hay_block":13,"minecraft:iron_block":1,"soulslikeuniverse:repairstone":1,"minecraft:cod":1,"minecraft:mutton":5,"croptopia:cabbage":1,"minecraft:iron_bars":2,"minecraft:skeleton_skull":2,"minecraft:white_wool":3,"minecraft:cobblestone":78,"born_in_chaos_v1:corpse_maggot":2,"minecraft:air":0,"minecraft:andesite":2,"minecraft:leather":12,"paraglider:spirit_orb":2,"biomesoplenty:fir_sapling":14,"biomesoplenty:fir_log":75,"minecraft:oak_log":9,"minecraft:chainmail_chestplate":1,"iceandfire:ectoplasm":2,"biomesoplenty:fir_stairs":3,"minecraft:gunpowder":2,"croptopia:taco":32,"croptopia:blueberry_seed":2,"minecraft:lapis_lazuli":1,"minecraft:dirt":94,"minecraft:name_tag":3,"minecraft:leather_boots":2,"minecraft:bone":12,"croptopia:corn":2,"minecraft:apple":15,"minecraft:stone_bricks":3,"cyclic:flower_purple_tulip":1,"minecraft:wheat_seeds":8,"vampirism:altar_pillar":4,"minecraft:raw_gold":1,"minecraft:stone_pickaxe":1,"born_in_chaos_v1:smoked_flesh":9,"croptopia:tomato":1,"minecraft:iron_sword":1,"minecraft:oak_planks":4,"minecraft:book":21,"biomesoplenty:toadstool":6,"toughasnails:purified_water_canteen":1,"minecraft:pumpkin":81,"croptopia:oat":1,"minecraft:ink_sac":1,"minecraft:trapped_chest":1,"minecraft:dark_oak_log":31,"biomesoplenty:maple_sapling":3,"croptopia:oat_seed":1,"minecraft:slime_ball":1,"biomesoplenty:willow_log":15,"vampirism:altar_tip":2,"waystones:waystone":2,"minecraft:bread":7},"minecraft:mined":{"minecraft:dark_oak_planks":3,"biomesoplenty:orange_autumn_leaves":1,"minecraft:brewing_stand":2,"minecraft:carved_pumpkin":1,"minecraft:ladder":6,"vampirism:altar_pillar":4,"gravestone:gravestone":3,"minecraft:grass_block":6,"minecraft:hay_block":14,"minecraft:spawner":1,"croptopia:corn_crop":2,"croptopia:blueberry_crop":1,"minecraft:pumpkin":81,"treechop:chopped_log":9,"minecraft:bookshelf":8,"biomesoplenty:fir_stairs":3,"minecraft:water_cauldron":1,"minecraft:iron_bars":2,"minecraft:stone":70,"minecraft:oak_fence":1,"croptopia:oat_crop":1,"born_in_chaos_v1:scorched_planks_slab":2,"iceandfire:ghost_chest":1,"minecraft:chest":2,"minecraft:tall_grass":4,"minecraft:cobblestone":1,"biomesoplenty:sprout":13,"minecraft:oak_planks":4,"minecraft:spruce_stairs":2,"minecraft:trapped_chest":1,"born_in_chaos_v1:river_mint":9,"minecraft:grass":37,"biomesoplenty:fir_trapdoor":1,"minecraft:dirt":12,"minecraft:cobweb":1,"minecraft:stone_bricks":2,"minecraft:oak_leaves":2,"minecraft:fern":9,"croptopia:cabbage_crop":1,"vampirism:altar_tip":2},"minecraft:killed_by":{"minecraft:vex":1}},"DataVersion":3465}