{"stats":{"minecraft:crafted":{"minecraft:crafting_table":1,"minecraft:stick":4,"minecraft:wooden_axe":1,"minecraft:acacia_planks":32},"minecraft:mined":{"iceandfire:copper_pile":7,"cyclic:flower_purple_tulip":1,"iceandfire:crackled_gravel":2,"minecraft:grass_block":1,"minecraft:melon":3,"minecraft:chest":10,"minecraft:copper_ore":6,"minecraft:tall_grass":3,"iceandfire:crackled_stone":1,"treechop:chopped_log":4,"minecraft:grass":14,"minecraft:bamboo":3,"minecraft:stone":34,"sophisticatedbackpacks:copper_backpack":1},"minecraft:killed":{"born_in_chaos_v1:nightmare_stalker":1},"minecraft:dropped":{"minecraft:bread":7,"minecraft:wheat_seeds":1,"minecraft:stone_sword":1,"minecraft:apple":9,"minecraft:torch":1,"minecraft:bundle":1,"minecraft:leather_boots":3},"minecraft:custom":{"minecraft:mob_kills":1,"minecraft:interact_with_crafting_table":2,"minecraft:time_since_death":19878,"minecraft:climb_one_cm":1484,"minecraft:damage_resisted":0,"minecraft:time_since_rest":19878,"minecraft:sprint_one_cm":64154,"minecraft:damage_taken":883,"minecraft:walk_one_cm":127716,"minecraft:trigger_trapped_chest":1,"minecraft:drop":9,"minecraft:damage_dealt":266,"minecraft:swim_one_cm":6408,"minecraft:fly_one_cm":128324,"minecraft:open_chest":2,"minecraft:crouch_one_cm":1292,"minecraft:play_time":19878,"minecraft:sneak_time":278,"minecraft:walk_under_water_one_cm":1505,"minecraft:jump":364,"minecraft:walk_on_water_one_cm":7163,"minecraft:total_world_time":19878,"minecraft:fall_one_cm":14572},"minecraft:picked_up":{"iceandfire:dragon_skull_lightning":2,"born_in_chaos_v1:monster_flesh":1,"minecraft:potion":1,"minecraft:chain":7,"iceandfire:armor_copper_metal_helmet":3,"iceandfire:manuscript":7,"minecraft:dirt":1,"minecraft:raw_copper":21,"minecraft:leather_boots":2,"minecraft:bone":26,"minecraft:apple":9,"cyclic:flower_purple_tulip":1,"minecraft:wheat_seeds":1,"minecraft:iron_ingot":4,"minecraft:cobweb":20,"minecraft:bamboo":15,"minecraft:melon_slice":17,"minecraft:chest":9,"minecraft:oak_planks":3,"minecraft:acacia_sapling":6,"minecraft:book":1,"minecraft:stick":4,"iceandfire:copper_nugget":18,"iceandfire:dragonbone":42,"minecraft:acacia_log":24,"minecraft:torch":1,"born_in_chaos_v1:ethereal_spirit":1,"iceandfire:crackled_gravel":4,"born_in_chaos_v1:nightmare_claw":1,"minecraft:stone_sword":1,"toughasnails:water_canteen":1,"minecraft:bread":7,"sophisticatedbackpacks:copper_backpack":1,"minecraft:skeleton_skull":1,"minecraft:cobblestone":33},"minecraft:used":{"minecraft:stone_sword":12,"minecraft:bundle":1,"minecraft:glass_bottle":1,"minecraft:stone_pickaxe":14,"sophisticatedbackpacks:copper_backpack":1,"toughasnails:water_canteen":10,"minecraft:torch":1,"minecraft:dirt":1,"minecraft:crafting_table":2,"toughasnails:empty_canteen":2,"minecraft:wooden_axe":20,"minecraft:apple":1,"iceandfire:crackled_gravel":1,"minecraft:bread":7,"minecraft:melon_slice":13,"cyclic:flower_purple_tulip":1,"minecraft:stone_axe":11,"minecraft:potion":2},"minecraft:broken":{"toughasnails:water_canteen":2}},"DataVersion":3465}