{"stats":{"minecraft:crafted":{"iceandfire:armor_amythest_chestplate":1,"iceandfire:armor_amythest_leggings":1,"iceandfire:armor_amythest_helmet":1,"minecraft:chest":8,"minecraft:crafting_table":4,"sophisticatedbackpacks:gold_backpack":1,"minecraft:copper_ingot":33,"iceandfire:armor_amythest_boots":1,"minecraft:air":0,"minecraft:stick":8,"minecraft:wooden_axe":1,"minecraft:gold_ingot":5,"minecraft:acacia_planks":96},"minecraft:mined":{"minecraft:stone_pressure_plate":1,"iceandfire:copper_pile":28,"iceandfire:crackled_gravel":2,"minecraft:spruce_trapdoor":5,"minecraft:grass_block":2,"minecraft:oak_pressure_plate":1,"minecraft:polished_diorite":1,"minecraft:potted_bamboo":1,"minecraft:spawner":1,"minecraft:hay_block":8,"treechop:chopped_log":4,"minecraft:bamboo":3,"minecraft:stone":34,"sophisticatedbackpacks:copper_backpack":1,"minecraft:white_wool":42,"minecraft:acacia_leaves":2,"cyclic:flower_purple_tulip":2,"minecraft:melon":3,"minecraft:chest":11,"minecraft:tall_grass":3,"minecraft:copper_ore":6,"minecraft:spruce_stairs":1,"minecraft:repeater":1,"iceandfire:crackled_stone":1,"minecraft:grass":33,"minecraft:acacia_planks":1},"minecraft:killed":{"born_in_chaos_v1:restless_spirit":1,"minecraft:spider":1,"born_in_chaos_v1:siamese_skeletonsright":1,"minecraft:skeleton":1,"born_in_chaos_v1:corpse_fish":2,"minecraft:cat":2,"vampirism:hunter":2,"minecraft:sheep":3,"minecraft:zombie":4,"born_in_chaos_v1:dread_hound":1,"born_in_chaos_v1:nightmare_stalker":2,"iceandfire:lightning_dragon":1,"born_in_chaos_v1:siamese_skeletonsleft":1,"minecraft:enderman":1},"minecraft:dropped":{"minecraft:bread":7,"toughasnails:water_canteen":1,"minecraft:wheat_seeds":14,"croptopia:flour":11,"minecraft:glass_bottle":2,"minecraft:crossbow":1,"minecraft:book":1,"minecraft:apple":9,"spartanfire:dragon_bone_boomerang":1,"minecraft:mossy_stone_brick_stairs":1,"iceandfire:lightning_dragon_flesh":3,"minecraft:stick":8,"minecraft:flint":10,"minecraft:acacia_sign":8,"minecraft:dirt":25,"minecraft:torch":1,"iceandfire:copper_nugget":4,"minecraft:repeater":2,"minecraft:wooden_axe":1,"minecraft:melon_slice":4,"minecraft:brown_wool":1,"minecraft:chain":7,"minecraft:string":4,"minecraft:bucket":1,"cyclic:flower_purple_tulip":2,"iceandfire:dragonbone":72,"minecraft:bone":2,"minecraft:spyglass":1,"minecraft:oak_trapdoor":1,"iceandfire:lightning_dragon_heart":1,"minecraft:stone_sword":2,"cyclic:flower_absalon_tulip":3,"minecraft:rotten_flesh":7,"minecraft:oak_planks":1,"minecraft:mossy_stone_brick_slab":1,"iceandfire:armor_copper_metal_helmet":1,"cyclic:flower_lime_carnation":1,"iceandfire:crackled_gravel":3,"minecraft:trident":2,"iceandfire:dragonscales_amythest":6,"minecraft:bundle":1,"minecraft:skeleton_skull":1,"mysticalagriculture:inferium_essence":6,"minecraft:melon_seeds":8,"minecraft:leather_boots":3,"apotheosis:gem":2,"minecraft:acacia_sapling":7,"minecraft:chainmail_boots":1,"minecraft:bow":1,"minecraft:arrow":4,"iceandfire:crackled_stone":1,"iceandfire:armor_copper_metal_leggings":1,"minecraft:stone_brick_stairs":1,"iceandfire:dragon_skull_lightning":1,"iceandfire:manuscript":7,"minecraft:black_wool":1},"minecraft:custom":{"minecraft:mob_kills":25,"minecraft:interact_with_crafting_table":13,"minecraft:open_barrel":4,"minecraft:damage_dealt_resisted":1002,"minecraft:time_since_death":91878,"minecraft:climb_one_cm":8296,"minecraft:damage_resisted":0,"minecraft:sprint_one_cm":285259,"minecraft:walk_one_cm":573316,"minecraft:drop":177,"minecraft:play_time":91878,"minecraft:sneak_time":1631,"minecraft:walk_under_water_one_cm":12410,"minecraft:jump":1747,"minecraft:interact_with_blast_furnace":3,"minecraft:walk_on_water_one_cm":27492,"minecraft:total_world_time":91878,"minecraft:interact_with_furnace":9,"minecraft:pot_flower":1,"minecraft:sleep_in_bed":1,"minecraft:time_since_rest":40557,"minecraft:waystone_activated":2,"minecraft:damage_taken":3082,"minecraft:damage_absorbed":40,"minecraft:trigger_trapped_chest":1,"minecraft:damage_dealt":5065,"minecraft:swim_one_cm":54785,"minecraft:fly_one_cm":663894,"minecraft:open_chest":51,"minecraft:crouch_one_cm":7852,"minecraft:fall_one_cm":49235},"minecraft:picked_up":{"iceandfire:dragon_skull_lightning":10,"minecraft:iron_chestplate":1,"minecraft:wheat":1,"minecraft:ladder":1,"minecraft:flower_pot":1,"minecraft:potion":1,"minecraft:stone_brick_stairs":1,"minecraft:chain":7,"iceandfire:manuscript":7,"minecraft:string":4,"minecraft:oak_trapdoor":1,"minecraft:raw_copper":21,"born_in_chaos_v1:intoxicating_decoction":1,"cyclic:flower_lime_carnation":1,"mysticalagriculture:inferium_essence":11,"minecraft:gold_nugget":2,"minecraft:acacia_sign":8,"minecraft:melon_slice":17,"minecraft:chest":10,"minecraft:spruce_trapdoor":5,"minecraft:tipped_arrow":5,"minecraft:stick":6,"iceandfire:dragonbone":73,"apotheosis:gem":3,"minecraft:torch":1,"minecraft:acacia_log":24,"minecraft:spruce_stairs":1,"croptopia:olive_seed":1,"epicfight:skillbook":2,"minecraft:porkchop":3,"iceandfire:lightning_dragon_flesh":3,"iceandfire:crackled_gravel":4,"born_in_chaos_v1:pieceofdarkmetal":1,"minecraft:trident":1,"born_in_chaos_v1:nightmare_claw":2,"minecraft:stone_pressure_plate":1,"minecraft:brown_carpet":1,"minecraft:stone_sword":1,"minecraft:arrow":66,"minecraft:rotten_flesh":7,"croptopia:squash_seed":2,"minecraft:hay_block":8,"sophisticatedbackpacks:copper_backpack":1,"minecraft:mutton":5,"minecraft:skeleton_skull":1,"minecraft:white_wool":43,"minecraft:cobblestone":33,"born_in_chaos_v1:fused_bone":3,"minecraft:repeater":2,"born_in_chaos_v1:monster_flesh":4,"minecraft:salmon":64,"croptopia:flour":11,"minecraft:brown_wool":1,"minecraft:flint":5,"iceandfire:armor_copper_metal_helmet":3,"minecraft:dirt":27,"born_in_chaos_v1:monster_skin":4,"minecraft:leather_boots":2,"croptopia:kiwi_seed":5,"croptopia:olive":1,"minecraft:bone":30,"minecraft:acacia_trapdoor":1,"minecraft:acacia_planks":3,"minecraft:stone_bricks":1,"minecraft:apple":9,"cyclic:flower_purple_tulip":3,"minecraft:wheat_seeds":14,"croptopia:squash":1,"minecraft:iron_ingot":4,"minecraft:cobweb":20,"minecraft:bamboo":16,"minecraft:acacia_sapling":8,"minecraft:oak_planks":3,"minecraft:iron_sword":1,"croptopia:kiwi":3,"minecraft:mossy_stone_brick_stairs":1,"iceandfire:dragonscales_amythest":30,"minecraft:book":1,"minecraft:scaffolding":1,"iceandfire:copper_nugget":286,"minecraft:spyglass":2,"born_in_chaos_v1:ethereal_spirit":1,"minecraft:oak_pressure_plate":1,"croptopia:hops":1,"cyclic:flower_absalon_tulip":3,"iceandfire:lightning_dragon_heart":1,"minecraft:mossy_stone_brick_slab":1,"minecraft:spider_eye":1,"toughasnails:water_canteen":1,"croptopia:hops_seed":1,"minecraft:polished_diorite":1,"iceandfire:crackled_stone":1,"minecraft:crossbow":1,"minecraft:golden_apple":1,"minecraft:spruce_sign":1,"minecraft:bread":7,"born_in_chaos_v1:rotten_fish":2,"minecraft:acacia_slab":3,"minecraft:melon_seeds":8,"minecraft:black_wool":1},"minecraft:used":{"minecraft:stone_sword":72,"sophisticatedbackpacks:copper_backpack":1,"born_in_chaos_v1:intoxicating_decoction":1,"minecraft:chest":12,"minecraft:torch":1,"minecraft:dirt":1,"minecraft:spyglass":5,"toughasnails:empty_canteen":8,"minecraft:wooden_axe":20,"iceandfire:crackled_gravel":1,"cyclic:flower_purple_tulip":1,"minecraft:stone_bricks":1,"minecraft:golden_carrot":2,"minecraft:bow":65,"minecraft:scaffolding":1,"croptopia:ajvar_toast":9,"spartanfire:dragon_bone_boomerang":2,"minecraft:acacia_planks":1,"epicfight:skillbook":2,"minecraft:bundle":1,"minecraft:glass_bottle":1,"minecraft:stone_pickaxe":19,"not_just_sandwich:steak_sandwich":4,"iceandfire:dragon_skull_lightning":9,"toughasnails:water_canteen":62,"minecraft:golden_apple":1,"minecraft:crafting_table":5,"minecraft:flower_pot":1,"minecraft:apple":9,"spartanweaponry:iron_saber":75,"born_in_chaos_v1:monster_flesh":1,"minecraft:melon_slice":13,"minecraft:bread":7,"minecraft:stone_axe":32,"minecraft:potion":2,"croptopia:kiwi":1,"toughasnails:purified_water_canteen":12},"minecraft:broken":{"toughasnails:water_canteen":8}},"DataVersion":3465}