{"stats":{"minecraft:broken":{"minecraft:stone_axe":1,"roughtweaks:plaster":1},"minecraft:crafted":{"minecraft:oak_planks":32,"minecraft:crafting_table":2,"minecraft:wooden_pickaxe":1,"biomesoplenty:willow_planks":60,"minecraft:stick":8,"minecraft:dark_oak_planks":64},"minecraft:killed":{"minecraft:cave_spider":2,"born_in_chaos_v1:skeleton_demoman":1,"born_in_chaos_v1:skeleton_thrasher_not_despawn":1,"minecraft:skeleton":2,"minecraft:zombie":5,"minecraft:stray":1,"minecraft:cow":1},"minecraft:dropped":{"minecraft:bread":7,"born_in_chaos_v1:shattered_skull":2,"minecraft:wheat_seeds":2,"alexsmobs:animal_dictionary":1,"minecraft:stone_sword":1,"weaponmaster:tutorialbook":1,"soulslikeuniverse:dagger":1,"vampirism:altar_tip":2,"biomesoplenty:maple_sapling":3,"minecraft:rotten_flesh":6,"minecraft:apple":9,"born_in_chaos_v1:pileof_dark_metal":1,"biomesoplenty:fir_sapling":14,"minecraft:iron_block":1,"minecraft:tipped_arrow":1,"minecraft:gunpowder":2,"vampirism:altar_pillar":4,"minecraft:torch":1,"mysticalagriculture:inferium_essence":4,"apotheosis:gem":2,"minecraft:leather_boots":1,"gravestone:obituary":1,"minecraft:stone_bricks":1,"minecraft:arrow":3,"minecraft:wooden_pickaxe":1,"minecraft:bone":8},"minecraft:custom":{"minecraft:mob_kills":13,"minecraft:interact_with_crafting_table":3,"minecraft:damage_dealt_resisted":1253,"minecraft:time_since_death":8902,"minecraft:climb_one_cm":191,"minecraft:time_since_rest":8929,"minecraft:sprint_one_cm":72477,"minecraft:damage_taken":858,"minecraft:walk_one_cm":79215,"minecraft:drop":66,"minecraft:damage_dealt":2853,"minecraft:swim_one_cm":7102,"minecraft:fly_one_cm":104194,"minecraft:crouch_one_cm":2288,"minecraft:play_time":29096,"minecraft:deaths":1,"minecraft:sneak_time":1239,"minecraft:walk_under_water_one_cm":753,"minecraft:jump":560,"minecraft:walk_on_water_one_cm":1909,"minecraft:total_world_time":29096,"minecraft:fall_one_cm":19042},"minecraft:used":{"epicfight:skillbook":2,"minecraft:stone_sword":109,"minecraft:bundle":1,"minecraft:stone_pickaxe":73,"minecraft:oak_planks":22,"minecraft:wooden_pickaxe":6,"minecraft:torch":1,"minecraft:dirt":1,"croptopia:taco":9,"minecraft:crafting_table":2,"soulslikeuniverse:estusflask":1,"minecraft:stone_axe":172,"toughasnails:purified_water_canteen":3,"minecraft:trapped_chest":1},"minecraft:picked_up":{"minecraft:air":0,"minecraft:leather":4,"minecraft:gold_block":1,"biomesoplenty:orange_autumn_sapling":20,"biomesoplenty:fir_sapling":14,"biomesoplenty:fir_log":75,"minecraft:enchanted_book":1,"paraglider:spirit_orb":2,"minecraft:oak_log":8,"minecraft:gunpowder":2,"croptopia:taco":32,"minecraft:string":2,"minecraft:dirt":1,"minecraft:leather_boots":1,"minecraft:bone":8,"minecraft:apple":15,"minecraft:stone_bricks":1,"vampirism:altar_pillar":4,"minecraft:wheat_seeds":4,"mysticalagriculture:inferium_essence":4,"minecraft:beef":2,"born_in_chaos_v1:smoked_flesh":9,"minecraft:chest":1,"minecraft:oak_planks":2,"minecraft:book":21,"minecraft:tipped_arrow":1,"minecraft:stick":22,"toughasnails:purified_water_canteen":1,"apotheosis:gem":2,"born_in_chaos_v1:shattered_skull":2,"minecraft:pumpkin":81,"roughtweaks:plaster":1,"minecraft:torch":1,"sophisticatedbackpacks:backpack":1,"born_in_chaos_v1:pileof_dark_metal":1,"minecraft:dark_oak_log":31,"minecraft:trapped_chest":1,"minecraft:stone_sword":1,"biomesoplenty:maple_sapling":3,"minecraft:arrow":8,"minecraft:rotten_flesh":6,"biomesoplenty:willow_log":15,"soulslikeuniverse:estusflask":2,"vampirism:altar_tip":2,"biomesoplenty:willow_sapling":4,"waystones:waystone":1,"minecraft:iron_block":1,"minecraft:bread":7,"minecraft:cobblestone":70},"minecraft:mined":{"biomesoplenty:orange_autumn_leaves":1,"vampirism:altar_pillar":4,"gravestone:gravestone":1,"minecraft:grass_block":1,"minecraft:chest":1,"minecraft:tall_grass":3,"biomesoplenty:sprout":11,"minecraft:oak_planks":2,"minecraft:spawner":1,"minecraft:trapped_chest":1,"minecraft:pumpkin":81,"treechop:chopped_log":9,"minecraft:grass":17,"minecraft:bookshelf":7,"minecraft:stone":70,"minecraft:fern":7,"vampirism:altar_tip":2},"minecraft:killed_by":{"minecraft:vex":1}},"DataVersion":3465}