{"stats":{"minecraft:used":{"sophisticatedbackpacks:copper_backpack":1,"born_in_chaos_v1:intoxicating_decoction":1,"minecraft:chest":14,"minecraft:cyan_terracotta":1,"iceandfire:crackled_gravel":1,"cyclic:flower_purple_tulip":1,"minecraft:stone_bricks":1,"minecraft:bow":65,"minecraft:scaffolding":1,"toughasnails:melon_juice":11,"minecraft:acacia_fence":1,"spartanfire:dragon_bone_boomerang":45,"minecraft:egg":1,"epicfight:skillbook":5,"minecraft:stone_pickaxe":73,"not_just_sandwich:steak_sandwich":20,"toughasnails:water_canteen":71,"minecraft:golden_apple":1,"spartanweaponry:iron_saber":159,"born_in_chaos_v1:monster_flesh":1,"minecraft:melon_slice":13,"minecraft:bread":7,"minecraft:diamond_sword":195,"minecraft:coarse_dirt":2,"minecraft:stone_sword":72,"minecraft:torch":25,"minecraft:dirt":40,"minecraft:spyglass":8,"minecraft:hopper":2,"toughasnails:empty_canteen":11,"cyclic:emerald_pickaxe":488,"minecraft:wooden_axe":20,"minecraft:iron_axe":82,"gobber2:gobber2_gooey_beef":1,"minecraft:golden_carrot":4,"croptopia:ajvar_toast":10,"minecraft:cobbled_deepslate":1,"minecraft:acacia_planks":4,"minecraft:bundle":1,"minecraft:glass_bottle":37,"iceandfire:dragon_skull_lightning":9,"minecraft:crafting_table":5,"minecraft:flower_pot":2,"minecraft:apple":9,"minecraft:diamond_shovel":42,"minecraft:stone_axe":32,"minecraft:cobblestone":6,"minecraft:potion":2,"croptopia:kiwi":1,"toughasnails:purified_water_canteen":42},"minecraft:mined":{"minecraft:stone_pressure_plate":1,"iceandfire:copper_pile":28,"paraglider:rito_goddess_statue":1,"minecraft:spruce_trapdoor":5,"minecraft:granite":1,"minecraft:grass_block":21,"gobber2:gobber2_lucky_block":1,"minecraft:oak_pressure_plate":1,"minecraft:polished_diorite":1,"mysticalagriculture:inferium_ore":7,"minecraft:spawner":13,"minecraft:mossy_cobblestone_slab":1,"minecraft:mossy_cobblestone_stairs":1,"minecraft:iron_ore":2,"minecraft:deepslate_lapis_ore":4,"sophisticatedbackpacks:copper_backpack":1,"minecraft:deepslate_redstone_ore":1,"minecraft:cyan_terracotta":1,"soulsweapons:verglas_ore_deepslate":1,"soulsweapons:moonstone_ore":1,"born_in_chaos_v1:infected_deepslate_diamond_ore":1,"minecraft:melon":4,"minecraft:polished_andesite_stairs":1,"iceandfire:ghost_chest":1,"minecraft:chest":11,"minecraft:cobblestone":7,"minecraft:sugar_cane":2,"minecraft:wall_torch":4,"minecraft:repeater":1,"iceandfire:crackled_stone":1,"minecraft:potted_poppy":1,"minecraft:smooth_stone_slab":1,"minecraft:grass":38,"minecraft:acacia_fence":15,"minecraft:dirt":3,"mysticalagriculture:deepslate_prosperity_ore":2,"mysticalagriculture:deepslate_inferium_ore":5,"minecraft:deepslate":8,"soulsweapons:verglas_ore":3,"iceandfire:silver_ore":2,"minecraft:mossy_cobblestone":1,"minecraft:deepslate_diamond_ore":1,"born_in_chaos_v1:infected_diamond_ore":1,"iceandfire:crackled_gravel":2,"minecraft:acacia_slab":9,"minecraft:potted_bamboo":2,"minecraft:hay_block":8,"minecraft:acacia_wood":1,"minecraft:andesite":3,"treechop:chopped_log":7,"soulsweapons:moonstone_ore_deepslate":4,"minecraft:deepslate_iron_ore":6,"minecraft:bamboo":3,"minecraft:stone":41,"minecraft:white_wool":42,"minecraft:acacia_leaves":2,"cyclic:flower_purple_tulip":2,"minecraft:rose_bush":1,"minecraft:tall_grass":3,"minecraft:copper_ore":13,"minecraft:lapis_ore":1,"minecraft:deepslate_gold_ore":1,"minecraft:spruce_stairs":1,"minecraft:coarse_dirt":3,"gobber2:gobber2_lucky_block_deepslate":1,"minecraft:coal_ore":7,"minecraft:gravel":2,"minecraft:cracked_stone_bricks":1,"minecraft:acacia_planks":11,"minecraft:stone_bricks":1},"minecraft:dropped":{"minecraft:iron_sword":1,"croptopia:flour":11,"minecraft:glass_bottle":8,"minecraft:crossbow":1,"spartanfire:dragon_bone_boomerang":2,"minecraft:mossy_stone_brick_stairs":1,"minecraft:cracked_stone_bricks":1,"minecraft:flint":10,"minecraft:music_disc_13":1,"minecraft:dirt":39,"minecraft:chain":7,"cyclic:flower_purple_tulip":2,"minecraft:bone":11,"minecraft:spyglass":2,"minecraft:cobbled_deepslate":81,"cyclic:flower_absalon_tulip":3,"minecraft:wheat":1,"minecraft:rotten_flesh":28,"minecraft:oak_planks":1,"spartanweaponry:iron_saber":1,"minecraft:mossy_stone_brick_slab":1,"cyclic:flower_lime_carnation":1,"iceandfire:crackled_gravel":3,"minecraft:poppy":1,"iceandfire:ghost_chest":1,"minecraft:trident":2,"minecraft:gunpowder":3,"minecraft:skeleton_skull":1,"mysticalagriculture:inferium_essence":7,"minecraft:melon_seeds":8,"born_in_chaos_v1:corpse_maggot":5,"minecraft:leather_boots":3,"apotheosis:gem":7,"minecraft:acacia_sapling":7,"minecraft:chainmail_boots":1,"minecraft:arrow":8,"biomesoplenty:mahogany_sapling":4,"iceandfire:armor_copper_metal_leggings":1,"minecraft:stone_brick_stairs":1,"iceandfire:manuscript":7,"minecraft:bread":7,"toughasnails:water_canteen":1,"minecraft:wheat_seeds":17,"minecraft:cobblestone":77,"minecraft:book":1,"minecraft:apple":9,"iceandfire:lightning_dragon_flesh":3,"minecraft:stick":16,"minecraft:acacia_sign":8,"born_in_chaos_v1:black_argillite":16,"minecraft:mossy_cobblestone_slab":1,"minecraft:diorite":15,"iceandfire:copper_nugget":4,"minecraft:torch":1,"minecraft:repeater":2,"minecraft:wooden_axe":1,"minecraft:melon_slice":4,"minecraft:brown_wool":1,"minecraft:mossy_cobblestone_stairs":1,"minecraft:iron_shovel":2,"minecraft:string":5,"minecraft:bucket":1,"iceandfire:dragonbone":72,"toughasnails:empty_canteen":1,"minecraft:oak_trapdoor":1,"minecraft:stone_sword":2,"minecraft:coarse_dirt":1,"iceandfire:lightning_dragon_heart":1,"minecraft:iron_boots":1,"iceandfire:armor_copper_metal_helmet":1,"minecraft:potato":1,"minecraft:bundle":1,"iceandfire:dragonscales_amythest":6,"minecraft:stone_bricks":1,"minecraft:bow":1,"minecraft:stone_pickaxe":1,"iceandfire:crackled_stone":1,"iceandfire:dragon_skull_lightning":1,"epicfight:skillbook":1,"minecraft:black_wool":1},"minecraft:picked_up":{"minecraft:iron_chestplate":2,"minecraft:wheat":2,"minecraft:chainmail_boots":1,"minecraft:flower_pot":2,"soulsweapons:moonstone":21,"minecraft:potion":6,"minecraft:stone_brick_stairs":1,"born_in_chaos_v1:black_argillite":16,"iceandfire:manuscript":7,"minecraft:string":6,"minecraft:raw_copper":250,"minecraft:smooth_stone_slab":1,"minecraft:iron_leggings":1,"minecraft:cobbled_deepslate":312,"mysticalagriculture:inferium_essence":191,"minecraft:gold_nugget":2,"minecraft:acacia_sign":8,"minecraft:melon_slice":24,"minecraft:iron_boots":1,"minecraft:tipped_arrow":5,"minecraft:stick":14,"iceandfire:ghost_chest":1,"apotheosis:gem":11,"minecraft:acacia_fence":14,"mysticalagriculture:prosperity_shard":96,"minecraft:torch":5,"minecraft:acacia_log":24,"minecraft:spruce_stairs":1,"epicfight:skillbook":6,"croptopia:olive_seed":1,"minecraft:porkchop":3,"iceandfire:lightning_dragon_flesh":3,"iceandfire:crackled_gravel":4,"vampirism:vampire_fang":1,"minecraft:diorite":184,"born_in_chaos_v1:nightmare_claw":3,"minecraft:brown_carpet":1,"gobber2:gobber2_foo":14,"minecraft:stone_sword":1,"vampirism:blood_bottle":1,"minecraft:rotten_flesh":56,"croptopia:squash_seed":2,"biomesoplenty:mahogany_sapling":12,"minecraft:cyan_terracotta":1,"minecraft:cobblestone":632,"minecraft:mossy_cobblestone_slab":1,"minecraft:repeater":2,"minecraft:andesite":286,"minecraft:brown_wool":1,"croptopia:flour":11,"minecraft:potato":2,"paraglider:spirit_orb":24,"minecraft:flint":5,"minecraft:lapis_lazuli":168,"minecraft:dirt":144,"minecraft:lantern":2,"born_in_chaos_v1:monster_skin":4,"minecraft:leather_boots":2,"croptopia:kiwi_seed":5,"minecraft:bone":39,"minecraft:acacia_planks":11,"gobber2:gobber2_gooey_beef":18,"minecraft:wheat_seeds":18,"minecraft:raw_gold":8,"minecraft:bamboo":17,"minecraft:oak_planks":3,"minecraft:mossy_stone_brick_stairs":1,"gobber2:gobber2_gooey_bread":23,"iceandfire:dragonscales_amythest":30,"minecraft:music_disc_13":1,"minecraft:oak_pressure_plate":1,"minecraft:sand":56,"cyclic:flower_absalon_tulip":3,"iceandfire:lightning_dragon_heart":1,"minecraft:lily_of_the_valley":1,"toughasnails:water_canteen":1,"croptopia:hops_seed":1,"minecraft:diamond":16,"iceandfire:crackled_stone":1,"minecraft:crossbow":2,"minecraft:granite":33,"minecraft:bone_meal":4,"minecraft:golden_apple":1,"soulsweapons:verglas":4,"minecraft:spruce_sign":1,"minecraft:bread":7,"born_in_chaos_v1:rotten_fish":3,"gobber2:gobber2_goo":31,"iceandfire:raw_silver":5,"iceandfire:dragon_skull_lightning":10,"born_in_chaos_v1:diamond_termite_shard":1,"minecraft:coarse_dirt":3,"minecraft:ladder":1,"minecraft:turtle_helmet":1,"minecraft:chain":7,"minecraft:oak_trapdoor":1,"born_in_chaos_v1:intoxicating_decoction":1,"minecraft:iron_shovel":2,"cyclic:flower_lime_carnation":4,"minecraft:cracked_stone_bricks":1,"minecraft:poppy":1,"minecraft:sugar_cane":6,"minecraft:chest":10,"minecraft:spruce_trapdoor":5,"minecraft:egg":1,"minecraft:raw_iron":107,"iceandfire:dragonbone":73,"minecraft:trident":1,"born_in_chaos_v1:pieceofdarkmetal":1,"minecraft:redstone":316,"minecraft:stone_pressure_plate":1,"minecraft:arrow":70,"cyclic:emerald_pickaxe":1,"minecraft:hay_block":8,"sophisticatedbackpacks:copper_backpack":1,"minecraft:mutton":5,"minecraft:skeleton_skull":1,"minecraft:white_wool":43,"born_in_chaos_v1:fused_bone":3,"born_in_chaos_v1:corpse_maggot":10,"born_in_chaos_v1:monster_flesh":5,"minecraft:salmon":64,"gobber2:gobber2_gooey_beefstew":13,"minecraft:gunpowder":5,"iceandfire:armor_copper_metal_helmet":3,"croptopia:olive":1,"croptopia:squash":1,"minecraft:apple":9,"minecraft:stone_bricks":2,"cyclic:flower_purple_tulip":3,"minecraft:acacia_trapdoor":1,"alexsmobs:cockroach_wing_fragment":1,"minecraft:iron_ingot":4,"minecraft:cobweb":20,"minecraft:acacia_sapling":8,"minecraft:iron_sword":2,"croptopia:kiwi":3,"minecraft:book":1,"minecraft:scaffolding":1,"minecraft:polished_andesite_stairs":1,"iceandfire:copper_nugget":286,"born_in_chaos_v1:ethereal_spirit":1,"minecraft:spyglass":2,"minecraft:gravel":1,"croptopia:hops":1,"minecraft:mossy_stone_brick_slab":1,"minecraft:spider_eye":2,"biomesoplenty:mahogany_log":64,"minecraft:diamond_shovel":1,"minecraft:polished_diorite":1,"minecraft:mossy_cobblestone_stairs":1,"minecraft:black_wool":1,"minecraft:acacia_slab":11,"minecraft:melon_seeds":8,"minecraft:coal":51},"minecraft:broken":{"toughasnails:water_canteen":8,"toughasnails:purified_water_canteen":4},"minecraft:custom":{"minecraft:interact_with_crafting_table":30,"minecraft:open_barrel":4,"minecraft:leave_game":3,"minecraft:time_since_death":182354,"minecraft:damage_resisted":0,"minecraft:sprint_one_cm":592625,"minecraft:drop":269,"minecraft:play_time":182354,"minecraft:jump":2983,"minecraft:walk_on_water_one_cm":40999,"minecraft:interact_with_furnace":26,"minecraft:sleep_in_bed":2,"minecraft:waystone_activated":3,"minecraft:damage_dealt":19022,"minecraft:crouch_one_cm":20232,"minecraft:mob_kills":117,"minecraft:interact_with_anvil":1,"minecraft:inspect_hopper":10,"minecraft:damage_dealt_resisted":1287,"minecraft:climb_one_cm":10956,"minecraft:walk_one_cm":1203399,"minecraft:damage_dealt_absorbed":110,"minecraft:sneak_time":3590,"minecraft:walk_under_water_one_cm":14708,"minecraft:interact_with_blast_furnace":17,"minecraft:total_world_time":182354,"minecraft:pot_flower":2,"minecraft:time_since_rest":28987,"minecraft:damage_taken":4325,"minecraft:damage_absorbed":40,"minecraft:trigger_trapped_chest":1,"minecraft:swim_one_cm":82107,"minecraft:fly_one_cm":877149,"minecraft:open_chest":148,"minecraft:fall_one_cm":71054},"minecraft:killed":{"vampirism:vampire":1,"vampirism:advanced_vampire":1,"born_in_chaos_v1:restless_spirit":3,"minecraft:spider":3,"born_in_chaos_v1:siamese_skeletonsright":1,"minecraft:skeleton":6,"minecraft:cat":2,"born_in_chaos_v1:diamond_termite":2,"minecraft:zombie_villager":1,"minecraft:creeper":1,"vampirism:hunter":2,"minecraft:sheep":3,"minecraft:zombie":61,"born_in_chaos_v1:dread_hound":1,"born_in_chaos_v1:corpse_fly":1,"iceandfire:lightning_dragon":1,"born_in_chaos_v1:siamese_skeletonsleft":1,"born_in_chaos_v1:maggot":14,"born_in_chaos_v1:corpse_fish":3,"minecraft:bat":1,"born_in_chaos_v1:decrepit_skeleton":1,"alexsmobs:cockroach":1,"born_in_chaos_v1:nightmare_stalker":3,"minecraft:enderman":1},"minecraft:crafted":{"iceandfire:armor_amythest_chestplate":1,"iceandfire:armor_amythest_leggings":1,"minecraft:glass":49,"minecraft:hopper":2,"minecraft:chest":12,"minecraft:glass_bottle":36,"minecraft:crafting_table":4,"minecraft:copper_ingot":33,"toughasnails:melon_juice":21,"minecraft:stick":8,"minecraft:iron_ingot":24,"minecraft:gold_ingot":5,"spartanfire:dragon_bone_boomerang":4,"biomesoplenty:mahogany_planks":256,"iceandfire:armor_amythest_helmet":1,"toughasnails:apple_juice":12,"minecraft:sugar":6,"iceandfire:armor_amythest_boots":1,"sophisticatedbackpacks:gold_backpack":1,"minecraft:air":0,"minecraft:wooden_axe":1,"minecraft:acacia_planks":96}},"DataVersion":3465}