{"stats":{"minecraft:broken":{"minecraft:stone_sword":1,"minecraft:stone_axe":1,"toughasnails:purified_water_canteen":1,"roughtweaks:plaster":1},"minecraft:crafted":{"minecraft:oak_planks":32,"minecraft:crafting_table":2,"minecraft:wooden_pickaxe":1,"biomesoplenty:willow_planks":60,"minecraft:stick":8,"minecraft:dark_oak_planks":64},"minecraft:killed":{"minecraft:cave_spider":2,"born_in_chaos_v1:skeleton_demoman":1,"born_in_chaos_v1:skeleton_thrasher_not_despawn":1,"minecraft:skeleton":3,"minecraft:zombie":5,"minecraft:stray":1,"minecraft:cow":6},"minecraft:dropped":{"minecraft:bread":7,"born_in_chaos_v1:intoxicating_decoction":1,"born_in_chaos_v1:shattered_skull":2,"minecraft:wheat_seeds":5,"alexsmobs:animal_dictionary":1,"minecraft:stone_sword":1,"weaponmaster:tutorialbook":1,"soulslikeuniverse:dagger":1,"vampirism:altar_tip":2,"biomesoplenty:maple_sapling":3,"minecraft:rotten_flesh":6,"minecraft:apple":9,"born_in_chaos_v1:pileof_dark_metal":1,"biomesoplenty:fir_sapling":14,"minecraft:iron_block":1,"minecraft:tipped_arrow":1,"minecraft:gunpowder":2,"vampirism:altar_pillar":4,"minecraft:torch":1,"minecraft:skeleton_skull":2,"mysticalagriculture:inferium_essence":5,"apotheosis:gem":2,"minecraft:leather_boots":1,"born_in_chaos_v1:stimulating_decoction":1,"minecraft:potion":3,"minecraft:bone_meal":1,"gravestone:obituary":2,"minecraft:stone_bricks":3,"minecraft:arrow":3,"minecraft:sugar":3,"minecraft:wooden_pickaxe":1,"minecraft:bone":8},"minecraft:custom":{"minecraft:mob_kills":19,"minecraft:interact_with_crafting_table":3,"minecraft:open_barrel":3,"minecraft:damage_dealt_resisted":1253,"minecraft:time_since_death":5853,"minecraft:climb_one_cm":191,"minecraft:time_since_rest":5886,"minecraft:sprint_one_cm":117042,"minecraft:damage_taken":1473,"minecraft:walk_one_cm":99569,"minecraft:drop":84,"minecraft:damage_dealt":4198,"minecraft:swim_one_cm":11106,"minecraft:fly_one_cm":253898,"minecraft:open_chest":5,"minecraft:crouch_one_cm":3915,"minecraft:play_time":41096,"minecraft:deaths":2,"minecraft:sneak_time":2466,"minecraft:walk_under_water_one_cm":1032,"minecraft:interact_with_brewingstand":1,"minecraft:jump":1088,"minecraft:walk_on_water_one_cm":2866,"minecraft:total_world_time":41096,"minecraft:fall_one_cm":38281},"minecraft:used":{"born_in_chaos_v1:mint_ice_cream":1,"epicfight:skillbook":2,"minecraft:stone_sword":134,"minecraft:bundle":1,"minecraft:stone_pickaxe":84,"minecraft:oak_planks":36,"minecraft:chest":1,"minecraft:wooden_pickaxe":6,"minecraft:torch":1,"minecraft:dirt":4,"croptopia:taco":10,"minecraft:crafting_table":2,"born_in_chaos_v1:scorched_planks_slab":2,"soulslikeuniverse:estusflask":7,"minecraft:cobblestone":1,"minecraft:stone_axe":195,"toughasnails:purified_water_canteen":5,"minecraft:trapped_chest":1},"minecraft:picked_up":{"minecraft:air":0,"minecraft:leather":12,"minecraft:potion":3,"minecraft:gold_block":1,"biomesoplenty:orange_autumn_sapling":20,"biomesoplenty:fir_sapling":14,"biomesoplenty:fir_log":75,"minecraft:enchanted_book":1,"paraglider:spirit_orb":2,"minecraft:oak_log":8,"iceandfire:ectoplasm":1,"minecraft:brewing_stand":2,"minecraft:gunpowder":2,"croptopia:taco":32,"minecraft:string":3,"minecraft:dirt":10,"born_in_chaos_v1:intoxicating_decoction":1,"minecraft:leather_boots":1,"minecraft:bone":12,"minecraft:apple":15,"minecraft:stone_bricks":3,"minecraft:gold_nugget":12,"vampirism:altar_pillar":4,"minecraft:wheat_seeds":5,"mysticalagriculture:inferium_essence":5,"minecraft:beef":15,"born_in_chaos_v1:smoked_flesh":9,"born_in_chaos_v1:stimulating_decoction":1,"minecraft:chest":1,"minecraft:oak_planks":4,"minecraft:book":21,"born_in_chaos_v1:scorched_planks_slab":2,"minecraft:tipped_arrow":1,"iceandfire:ghost_chest":1,"minecraft:stick":22,"toughasnails:purified_water_canteen":1,"apotheosis:gem":2,"born_in_chaos_v1:shattered_skull":2,"minecraft:pumpkin":81,"roughtweaks:plaster":1,"minecraft:torch":1,"sophisticatedbackpacks:backpack":1,"born_in_chaos_v1:pileof_dark_metal":1,"minecraft:dark_oak_log":31,"minecraft:trapped_chest":1,"minecraft:cauldron":1,"minecraft:stone_sword":1,"biomesoplenty:maple_sapling":3,"minecraft:arrow":8,"minecraft:rotten_flesh":6,"biomesoplenty:willow_log":15,"soulslikeuniverse:estusflask":2,"vampirism:altar_tip":2,"biomesoplenty:willow_sapling":4,"waystones:waystone":2,"minecraft:iron_block":1,"minecraft:bread":7,"soulslikeuniverse:repairstone":1,"minecraft:iron_bars":2,"minecraft:skeleton_skull":2,"minecraft:cobblestone":71},"minecraft:mined":{"biomesoplenty:orange_autumn_leaves":1,"minecraft:brewing_stand":2,"vampirism:altar_pillar":4,"gravestone:gravestone":2,"minecraft:grass_block":3,"born_in_chaos_v1:scorched_planks_slab":2,"iceandfire:ghost_chest":1,"minecraft:chest":1,"minecraft:tall_grass":4,"minecraft:cobblestone":1,"biomesoplenty:sprout":12,"minecraft:oak_planks":4,"minecraft:spawner":1,"minecraft:trapped_chest":1,"minecraft:pumpkin":81,"treechop:chopped_log":9,"minecraft:grass":21,"minecraft:bookshelf":7,"minecraft:water_cauldron":1,"minecraft:iron_bars":2,"minecraft:dirt":10,"minecraft:cobweb":1,"minecraft:stone_bricks":2,"minecraft:stone":70,"minecraft:fern":9,"vampirism:altar_tip":2},"minecraft:killed_by":{"minecraft:vex":1}},"DataVersion":3465}