{"stats":{"minecraft:custom":{"minecraft:time_since_rest":19302,"minecraft:sprint_one_cm":19421,"minecraft:damage_taken":1569,"minecraft:walk_one_cm":52469,"minecraft:mob_kills":25,"minecraft:drop":7,"minecraft:damage_dealt":3577,"minecraft:swim_one_cm":3112,"minecraft:interact_with_crafting_table":1,"minecraft:fly_one_cm":16843,"minecraft:crouch_one_cm":168,"minecraft:play_time":19302,"minecraft:sneak_time":349,"minecraft:walk_under_water_one_cm":19926,"minecraft:damage_dealt_resisted":0,"minecraft:jump":194,"minecraft:time_since_death":19302,"minecraft:walk_on_water_one_cm":8877,"minecraft:total_world_time":19302,"minecraft:fall_one_cm":3575},"minecraft:picked_up":{"minecraft:birch_log":8,"minecraft:stick":4,"born_in_chaos_v1:corpse_maggot":2,"minecraft:feather":2,"minecraft:chicken":2,"minecraft:leather":2,"minecraft:torch":1,"minecraft:porkchop":8,"pointblank:gunmetal_nugget":9,"minecraft:dirt":13,"not_just_sandwich:raw_bacon":1,"minecraft:leather_boots":1,"minecraft:arrow":2,"minecraft:stone_sword":1,"minecraft:apple":9,"minecraft:rotten_flesh":5,"mysticalagriculture:inferium_essence":6,"minecraft:beef":2,"minecraft:bread":7,"minecraft:light_gray_wool":1,"minecraft:glass_bottle":4,"minecraft:birch_sapling":3,"minecraft:mutton":7,"minecraft:white_wool":3},"minecraft:killed":{"minecraft:sheep":7,"minecraft:skeleton":1,"minecraft:bee":2,"minecraft:zombie":4,"minecraft:pig":4,"minecraft:chicken":2,"born_in_chaos_v1:corpse_fly":1,"alexsmobs:raccoon":1,"born_in_chaos_v1:corpse_fish":1,"born_in_chaos_v1:zombie_bruiser":1,"minecraft:cow":1},"minecraft:crafted":{"minecraft:crafting_table":1,"minecraft:birch_planks":32},"minecraft:dropped":{"minecraft:bread":7,"minecraft:stone_sword":1,"minecraft:torch":1,"mysticalagriculture:inferium_essence":2,"minecraft:leather_boots":1,"minecraft:apple":9},"minecraft:used":{"epicfight:skillbook":4,"minecraft:apple":9,"minecraft:stone_sword":76,"minecraft:birch_sapling":3,"minecraft:bundle":1,"minecraft:bread":4,"soulslikeuniverse:estusflask":5,"minecraft:leather_boots":1,"minecraft:torch":1,"minecraft:dirt":6,"minecraft:potion":4,"minecraft:crafting_table":1,"soulslikeuniverse:dagger":19},"minecraft:mined":{"treechop:chopped_log":2,"minecraft:bee_nest":1,"minecraft:grass":3,"minecraft:grass_block":12,"minecraft:dirt":1}},"DataVersion":3465}