{"stats":{"minecraft:crafted":{"spartanweaponry:copper_katana":1,"minecraft:furnace":4,"iceandfire:armor_copper_metal_helmet":1,"iceandfire:armor_copper_metal_boots":1,"minecraft:stone_pickaxe":1,"iceandfire:armor_copper_metal_chestplate":1,"minecraft:chest":1,"minecraft:copper_block":50,"not_just_sandwich:cooked_bacon":0,"supertools:copperleggings":1,"minecraft:cooked_beef":17,"epicfight:stone_spear":1,"minecraft:cyan_dye":2,"minecraft:cooked_porkchop":9,"minecraft:wooden_pickaxe":1,"spartanweaponry:handle":1,"minecraft:copper_ingot":484,"minecraft:bone":6,"minecraft:air":0,"minecraft:jungle_planks":260,"spartanweaponry:copper_greatsword":1,"not_just_sandwich:porkchop_sandwich":2,"minecraft:stick":4,"not_just_sandwich:cut_bread":4},"minecraft:mined":{"minecraft:spruce_fence":1,"minecraft:jungle_log":1,"born_in_chaos_v1:gnawed_bones":1,"minecraft:iron_ore":2,"treechop:chopped_log":1,"cyclic:flower_cyan":1,"minecraft:vine":4,"minecraft:bamboo":3,"minecraft:stone":41,"minecraft:tripwire":1,"minecraft:crafting_table":1,"minecraft:copper_ore":12,"minecraft:wheat":37,"minecraft:copper_block":51,"minecraft:grass":13,"minecraft:fern":1},"minecraft:killed":{"vampirism:vampire":3,"vampirism:advanced_vampire":1,"born_in_chaos_v1:restless_spirit":1,"born_in_chaos_v1:pumpkin_spirit":1,"minecraft:spider":2,"born_in_chaos_v1:zombie_bruiser":1,"born_in_chaos_v1:maggot":6,"vampirism:blinding_bat":2,"minecraft:skeleton":1,"alexsmobs:bison":12,"minecraft:drowned":1,"born_in_chaos_v1:corpse_fish":2,"minecraft:pig":5,"born_in_chaos_v1:baby_skeleton":1,"minecraft:creeper":1,"born_in_chaos_v1:decrepit_skeleton":2,"minecraft:sheep":7,"born_in_chaos_v1:zombie_fisherman":1,"minecraft:zombie":13,"alexsmobs:cockroach":1,"iceandfire:ghost":5,"born_in_chaos_v1:dread_hound":2,"alexsmobs:gazelle":1,"born_in_chaos_v1:corpse_fly":10,"minecraft:cow":1},"minecraft:dropped":{"supertools:copperleggings":1,"minecraft:bread":7,"minecraft:wheat_seeds":64,"minecraft:cyan_dye":2,"minecraft:prismarine_shard":1,"minecraft:cobblestone":5,"minecraft:iron_helmet":1,"minecraft:apple":9,"minecraft:jungle_planks":46,"iceandfire:ectoplasm":11,"epicfight:stone_spear":1,"born_in_chaos_v1:pieceofdarkmetal":2,"supertools:copperchestplate":3,"alexsmobs:bison_fur":11,"minecraft:stick":5,"not_just_sandwich:porkchop_sandwich":1,"minecraft:dirt":1,"minecraft:diorite":2,"minecraft:torch":1,"minecraft:jungle_sapling":4,"minecraft:gold_nugget":3,"toughasnails:purified_water_canteen":4,"minecraft:bone":5,"minecraft:stone_sword":1,"minecraft:bowl":6,"born_in_chaos_v1:ethereal_spirit":1,"iceandfire:armor_copper_metal_helmet":1,"supertools:copperhelmet":1,"minecraft:spruce_fence":1,"supertools:copperboots":1,"alexsmobs:cockroach_wing_fragment":1,"born_in_chaos_v1:corpse_maggot":7,"minecraft:leather_boots":4,"apotheosis:gem":3,"minecraft:oak_sapling":1,"minecraft:arrow":2,"minecraft:wooden_pickaxe":2,"croptopia:grapefruit":2},"minecraft:custom":{"minecraft:mob_kills":84,"minecraft:interact_with_crafting_table":42,"minecraft:damage_dealt_resisted":298,"minecraft:time_since_death":77668,"minecraft:climb_one_cm":2257,"minecraft:damage_resisted":2,"minecraft:sprint_one_cm":113289,"vampirism:amount_bitten":2,"minecraft:walk_one_cm":337077,"minecraft:damage_blocked_by_shield":20,"minecraft:drop":62,"vampirism:skills_unlocked":1,"minecraft:sneak_time":1626,"minecraft:play_time":77668,"minecraft:walk_under_water_one_cm":10954,"minecraft:jump":869,"minecraft:walk_on_water_one_cm":50474,"minecraft:total_world_time":77668,"vampirism:blood_drunk":400,"minecraft:interact_with_furnace":28,"spartanshields:shield_bash_hits":2,"minecraft:time_since_rest":77668,"minecraft:damage_taken":3600,"minecraft:trigger_trapped_chest":1,"minecraft:damage_dealt":18516,"minecraft:swim_one_cm":42360,"minecraft:fly_one_cm":292168,"minecraft:open_chest":17,"minecraft:crouch_one_cm":8213,"minecraft:fall_one_cm":23121},"minecraft:picked_up":{"minecraft:crafting_table":1,"minecraft:iron_chestplate":1,"minecraft:wheat":37,"minecraft:prismarine_shard":1,"minecraft:wooden_pickaxe":2,"minecraft:string":3,"minecraft:raw_copper":45,"minecraft:iron_shovel":2,"mysticalagriculture:inferium_essence":15,"minecraft:beef":86,"born_in_chaos_v1:gnawed_bones":2,"minecraft:jungle_sapling":4,"minecraft:iron_boots":1,"minecraft:raw_iron":2,"minecraft:stick":7,"apotheosis:gem":3,"minecraft:copper_ingot":23,"minecraft:torch":2,"minecraft:bowl":1,"minecraft:spruce_fence":1,"epicfight:skillbook":1,"minecraft:porkchop":9,"iceandfire:crackled_gravel":1,"vampirism:vampire_fang":1,"minecraft:diorite":2,"born_in_chaos_v1:pieceofdarkmetal":2,"minecraft:stone_sword":1,"minecraft:arrow":2,"minecraft:rotten_flesh":17,"minecraft:mutton":5,"minecraft:white_wool":6,"minecraft:cobblestone":46,"born_in_chaos_v1:corpse_maggot":9,"vampirism:vampire_blood_bottle":1,"born_in_chaos_v1:monster_flesh":2,"minecraft:jungle_log":66,"minecraft:copper_block":49,"minecraft:potato":1,"alexsmobs:bison_fur":11,"iceandfire:ectoplasm":2,"minecraft:dirt":1,"cyclic:flower_cyan":1,"minecraft:leather_boots":4,"minecraft:bone":5,"minecraft:apple":9,"minecraft:wheat_seeds":67,"alexsmobs:cockroach_wing_fragment":1,"minecraft:iron_ingot":1,"minecraft:bamboo":14,"iceandfire:copper_nugget":10,"toughasnails:purified_water_canteen":2,"born_in_chaos_v1:ethereal_spirit":1,"supertools:copperhelmet":1,"minecraft:jungle_planks":46,"not_just_sandwich:raw_bacon":2,"supertools:copperchestplate":1,"minecraft:iron_helmet":2,"croptopia:grapefruit":2,"minecraft:bread":7,"minecraft:oak_sapling":1,"born_in_chaos_v1:rotten_fish":1,"minecraft:black_wool":1},"minecraft:used":{"croptopia:leafy_salad":9,"minecraft:stone_sword":45,"minecraft:chest":1,"spartanweaponry:copper_greatsword":5,"minecraft:torch":2,"minecraft:jungle_planks":18,"minecraft:milk_bucket":6,"minecraft:iron_axe":8,"minecraft:jungle_log":1,"minecraft:iron_helmet":1,"spartanweaponry:copper_katana":38,"minecraft:iron_boots":1,"born_in_chaos_v1:gnawed_bones":1,"minecraft:furnace":4,"toughasnails:melon_juice":6,"epicfight:skillbook":1,"minecraft:bundle":1,"minecraft:stone_pickaxe":105,"minecraft:wooden_pickaxe":3,"minecraft:crafting_table":4,"supertools:copperhelmet":1,"epicfight:stone_spear":17,"epicfight:iron_tachi":300,"minecraft:apple":9,"born_in_chaos_v1:monster_flesh":1,"minecraft:bread":7,"minecraft:string":1,"spartanshields:copper_tower_shield":1,"minecraft:cobblestone":3,"toughasnails:purified_water_canteen":2,"not_just_sandwich:porkchop_sandwich":1},"minecraft:broken":{"supertools:copperboots":1}},"DataVersion":3465}