{"stats":{"minecraft:custom":{"minecraft:mob_kills":29,"minecraft:interact_with_crafting_table":14,"minecraft:damage_dealt_resisted":0,"minecraft:time_since_death":55302,"minecraft:climb_one_cm":2334,"minecraft:time_since_rest":55302,"minecraft:waystone_activated":1,"minecraft:sprint_one_cm":81928,"minecraft:damage_taken":2402,"minecraft:walk_one_cm":171853,"minecraft:drop":17,"minecraft:damage_dealt":4773,"minecraft:swim_one_cm":9247,"minecraft:talked_to_villager":3,"minecraft:fly_one_cm":89994,"minecraft:open_chest":15,"minecraft:crouch_one_cm":1569,"minecraft:play_time":55302,"minecraft:sneak_time":1000,"minecraft:walk_under_water_one_cm":31375,"minecraft:jump":628,"minecraft:walk_on_water_one_cm":19800,"minecraft:total_world_time":55302,"minecraft:fall_one_cm":10940},"minecraft:picked_up":{"minecraft:wooden_axe":1,"minecraft:birch_log":28,"minecraft:charcoal":4,"born_in_chaos_v1:corpse_maggot":2,"minecraft:wheat":254,"minecraft:feather":2,"minecraft:chicken":2,"minecraft:flower_pot":1,"minecraft:leather":2,"minecraft:birch_planks":7,"minecraft:dirt":54,"minecraft:leather_boots":1,"minecraft:zombie_head":1,"minecraft:bone":2,"minecraft:apple":9,"minecraft:stone_bricks":6,"minecraft:wheat_seeds":668,"mysticalagriculture:inferium_essence":7,"minecraft:iron_ingot":6,"minecraft:beef":4,"minecraft:rabbit":4,"minecraft:glass_bottle":6,"minecraft:light_gray_wool":1,"minecraft:chest":2,"minecraft:birch_sapling":6,"minecraft:egg":1,"minecraft:stick":6,"minecraft:torch":1,"pointblank:gunmetal_nugget":12,"minecraft:porkchop":8,"born_in_chaos_v1:pieceofdarkmetal":4,"minecraft:white_bed":2,"minecraft:lily_of_the_valley":1,"not_just_sandwich:raw_bacon":1,"minecraft:stone_sword":1,"minecraft:arrow":6,"minecraft:rotten_flesh":10,"minecraft:gold_ingot":1,"minecraft:bread":7,"minecraft:mutton":9,"minecraft:white_wool":3,"minecraft:cobblestone":7},"minecraft:killed":{"born_in_chaos_v1:fallen_chaos_knight":1,"minecraft:pig":4,"alexsmobs:raccoon":1,"minecraft:iron_golem":1,"born_in_chaos_v1:zombie_bruiser":1,"minecraft:sheep":7,"minecraft:skeleton":1,"minecraft:zombie":6,"minecraft:bee":2,"born_in_chaos_v1:corpse_fly":1,"minecraft:chicken":2,"born_in_chaos_v1:corpse_fish":1,"minecraft:cow":1},"minecraft:crafted":{"minecraft:crafting_table":2,"minecraft:bowl":12,"minecraft:birch_planks":112,"minecraft:stone_axe":1,"minecraft:bread":82,"minecraft:chest":1,"spartanshields:wooden_basic_shield":1},"minecraft:dropped":{"minecraft:bread":7,"minecraft:wheat_seeds":249,"minecraft:stone_sword":1,"minecraft:cobblestone":2,"minecraft:apple":9,"minecraft:torch":1,"mysticalagriculture:inferium_essence":2,"minecraft:wooden_axe":2,"minecraft:leather_boots":1,"minecraft:zombie_head":1,"minecraft:stone_bricks":3},"minecraft:used":{"minecraft:wheat_seeds":122,"epicfight:skillbook":4,"minecraft:stone_sword":85,"minecraft:birch_planks":28,"minecraft:bundle":1,"minecraft:chest":3,"minecraft:wooden_pickaxe":68,"minecraft:iron_sword":26,"minecraft:leather_boots":1,"minecraft:torch":1,"minecraft:dirt":21,"minecraft:crafting_table":2,"minecraft:flower_pot":1,"minecraft:apple":15,"minecraft:bread":7,"minecraft:birch_sapling":6,"soulslikeuniverse:estusflask":5,"minecraft:stone_bricks":3,"minecraft:stone_axe":60,"minecraft:cobblestone":2,"minecraft:potion":6,"minecraft:egg":1,"soulslikeuniverse:dagger":19},"minecraft:mined":{"minecraft:white_bed":2,"minecraft:potted_lily_of_the_valley":1,"biomesoplenty:bush":3,"minecraft:grass_block":14,"minecraft:chest":2,"minecraft:campfire":2,"minecraft:birch_planks":7,"minecraft:wheat":158,"minecraft:birch_log":1,"treechop:chopped_log":4,"minecraft:bee_nest":1,"minecraft:grass":4,"minecraft:zombie_head":1,"minecraft:dirt":13,"minecraft:stone":6,"minecraft:stone_bricks":6,"minecraft:oak_leaves":1,"biomesoplenty:reed":1}},"DataVersion":3465}