{"stats":{"minecraft:used":{"epicfight:skillbook":4,"minecraft:bundle":1,"epicfight:uchigatana":10,"minecraft:leather_boots":1},"minecraft:custom":{"minecraft:time_since_rest":14780,"minecraft:crouch_one_cm":1975,"minecraft:play_time":14780,"minecraft:sprint_one_cm":7378,"minecraft:damage_taken":160,"minecraft:walk_one_cm":18147,"minecraft:sneak_time":317,"minecraft:mob_kills":4,"minecraft:drop":12,"minecraft:jump":65,"minecraft:damage_dealt":397,"minecraft:time_since_death":14780,"minecraft:total_world_time":14780,"minecraft:fall_one_cm":1171,"minecraft:fly_one_cm":5032},"minecraft:dropped":{"minecraft:feather":1,"minecraft:bread":7,"minecraft:apple":9,"soulslikeuniverse:estusflask":5,"minecraft:torch":1,"minecraft:stone_sword":2,"minecraft:leather_boots":1},"minecraft:killed":{"alexsmobs:seagull":1,"alexsmobs:flying_fish":3},"minecraft:picked_up":{"croptopia:lemon":2,"minecraft:leather_boots":1,"minecraft:stone_sword":1,"minecraft:feather":1,"croptopia:nectarine":3,"minecraft:apple":9,"minecraft:torch":1,"mysticalagriculture:inferium_essence":1,"minecraft:bread":7,"alexsmobs:flying_fish":3}},"DataVersion":3465}