{"stats":{"minecraft:custom":{"minecraft:time_since_rest":12802,"minecraft:interact_with_furnace":5,"minecraft:sprint_one_cm":41570,"minecraft:damage_taken":846,"minecraft:walk_one_cm":76537,"minecraft:mob_kills":5,"minecraft:drop":20,"minecraft:damage_dealt":1445,"minecraft:interact_with_crafting_table":7,"minecraft:fly_one_cm":55185,"minecraft:crouch_one_cm":161,"minecraft:play_time":25196,"minecraft:deaths":1,"minecraft:sneak_time":257,"minecraft:jump":241,"minecraft:leave_game":2,"minecraft:time_since_death":12504,"minecraft:walk_on_water_one_cm":8082,"minecraft:total_world_time":25196,"minecraft:fall_one_cm":3599},"minecraft:used":{"cyclic:flower_cyan":1,"minecraft:stone_sword":33,"minecraft:bundle":1,"minecraft:stone_pickaxe":18,"minecraft:wooden_pickaxe":12,"minecraft:torch":1,"minecraft:leather_boots":1,"biomesoplenty:toadstool":1,"minecraft:stone_axe":40,"minecraft:dirt":5,"minecraft:crafting_table":2,"minecraft:furnace":2},"minecraft:picked_up":{"minecraft:wooden_axe":1,"biomesoplenty:toadstool":1,"minecraft:stick":4,"born_in_chaos_v1:corpse_maggot":4,"born_in_chaos_v1:shattered_skull":1,"minecraft:torch":1,"toughasnails:pumpkin_juice":8,"biomesoplenty:fir_sapling":4,"biomesoplenty:fir_log":42,"minecraft:dirt":14,"cyclic:flower_cyan":2,"minecraft:bundle":1,"minecraft:leather_boots":1,"minecraft:stone_sword":1,"minecraft:rotten_flesh":6,"minecraft:apple":9,"minecraft:wheat_seeds":4,"minecraft:bread":7,"croptopia:caesar_salad":16,"minecraft:cobblestone":26},"minecraft:dropped":{"minecraft:bread":7,"minecraft:dirt":9,"minecraft:wheat_seeds":1,"minecraft:stone_sword":1,"minecraft:torch":1,"minecraft:bundle":1,"minecraft:wooden_axe":1,"born_in_chaos_v1:corpse_maggot":2,"minecraft:leather_boots":1,"minecraft:rotten_flesh":4,"gravestone:obituary":1,"minecraft:apple":9,"minecraft:wooden_pickaxe":1,"minecraft:stick":2},"minecraft:crafted":{"biomesoplenty:fir_planks":24,"minecraft:charcoal":3,"minecraft:cyan_dye":2,"minecraft:crafting_table":2,"minecraft:stone_pickaxe":1,"minecraft:stick":8,"minecraft:wooden_pickaxe":1,"minecraft:wooden_axe":1,"minecraft:furnace":2,"cyclic:scythe_leaves":1,"minecraft:stone_axe":1},"minecraft:killed":{"born_in_chaos_v1:corpse_fly":3,"born_in_chaos_v1:decrepit_skeleton":2},"minecraft:mined":{"biomesoplenty:toadstool":1,"treechop:chopped_log":5,"biomesoplenty:fir_log":11,"cyclic:flower_cyan":2,"gravestone:gravestone":1,"minecraft:grass":29,"minecraft:grass_block":5,"minecraft:dirt":9,"biomesoplenty:sprout":1,"minecraft:stone":26,"minecraft:fern":25}},"DataVersion":3465}