{"stats":{"minecraft:custom":{"minecraft:interact_with_furnace":12,"minecraft:mob_kills":11,"minecraft:interact_with_crafting_table":18,"minecraft:damage_dealt_resisted":0,"minecraft:leave_game":2,"minecraft:time_since_death":24504,"minecraft:time_since_rest":24802,"minecraft:sprint_one_cm":63127,"minecraft:walk_one_cm":153367,"minecraft:damage_taken":1492,"minecraft:drop":23,"minecraft:damage_dealt":2864,"minecraft:fly_one_cm":101427,"minecraft:open_chest":1,"minecraft:crouch_one_cm":161,"minecraft:play_time":37196,"minecraft:deaths":1,"minecraft:sneak_time":282,"minecraft:jump":412,"minecraft:walk_on_water_one_cm":8545,"minecraft:total_world_time":37196,"minecraft:fall_one_cm":7219},"minecraft:used":{"cyclic:flower_cyan":1,"epicfight:skillbook":1,"toughasnails:pumpkin_juice":3,"minecraft:stone_sword":41,"fabledweaponry:waraxe_wood":19,"croptopia:caesar_salad":1,"minecraft:bundle":1,"minecraft:stone_pickaxe":28,"minecraft:wooden_pickaxe":12,"fabledweaponry:scythe_stone":1,"minecraft:leather_boots":1,"minecraft:torch":1,"minecraft:dirt":5,"scalinghealth:heart_crystal":1,"minecraft:crafting_table":2,"minecraft:apple":3,"fabledweaponry:waraxe_stone":2,"biomesoplenty:toadstool":1,"minecraft:stone_axe":40,"minecraft:furnace":2,"biomesoplenty:fir_log":2},"minecraft:picked_up":{"minecraft:wooden_axe":1,"born_in_chaos_v1:corpse_maggot":4,"biomesoplenty:fir_sapling":4,"biomesoplenty:fir_log":43,"toughasnails:pumpkin_juice":8,"scalinghealth:heart_crystal":1,"minecraft:dirt":14,"cyclic:flower_cyan":2,"minecraft:leather_boots":1,"minecraft:bone":1,"minecraft:apple":9,"minecraft:wheat_seeds":5,"mysticalagriculture:inferium_essence":1,"croptopia:caesar_salad":16,"biomesoplenty:toadstool":1,"minecraft:stick":4,"born_in_chaos_v1:shattered_skull":1,"minecraft:torch":1,"minecraft:acacia_log":2,"epicfight:skillbook":1,"minecraft:cherry_log":1,"minecraft:bundle":1,"minecraft:stone_sword":1,"minecraft:arrow":2,"minecraft:rotten_flesh":11,"minecraft:bread":7,"minecraft:cobblestone":36,"born_in_chaos_v1:fused_bone":2},"minecraft:dropped":{"minecraft:bread":7,"minecraft:wheat_seeds":1,"minecraft:stone_sword":1,"minecraft:rotten_flesh":4,"minecraft:apple":9,"cyclic:scythe_leaves":1,"minecraft:stick":2,"minecraft:dirt":9,"minecraft:torch":1,"minecraft:bundle":1,"minecraft:wooden_axe":1,"born_in_chaos_v1:corpse_maggot":2,"minecraft:leather_boots":1,"gravestone:obituary":1,"fabledweaponry:waraxe_wood":1,"minecraft:wooden_pickaxe":1,"fabledweaponry:scythe_stone":1},"minecraft:crafted":{"minecraft:cherry_planks":4,"fabledweaponry:waraxe_stone":1,"minecraft:cyan_dye":2,"minecraft:crafting_table":2,"fabledweaponry:waraxe_wood":1,"minecraft:wooden_pickaxe":1,"minecraft:furnace":2,"cyclic:scythe_leaves":1,"minecraft:stone":2,"minecraft:stone_axe":2,"fabledweaponry:scythe_stone":1,"biomesoplenty:fir_planks":32,"minecraft:charcoal":9,"minecraft:stick":24,"minecraft:stone_pickaxe":1,"minecraft:wooden_axe":1,"minecraft:acacia_planks":8,"minecraft:stone_hoe":1},"minecraft:killed":{"born_in_chaos_v1:zombie_lumberjack":1,"born_in_chaos_v1:siamese_skeletonsright":1,"born_in_chaos_v1:decrepit_skeleton":2,"minecraft:skeleton":1,"minecraft:zombie":2,"born_in_chaos_v1:corpse_fly":3,"born_in_chaos_v1:siamese_skeletonsleft":1},"minecraft:mined":{"gravestone:gravestone":1,"minecraft:grass_block":5,"biomesoplenty:sprout":1,"biomesoplenty:toadstool":1,"treechop:chopped_log":5,"biomesoplenty:fir_log":12,"cyclic:flower_cyan":2,"minecraft:grass":34,"biomesoplenty:fir_leaves":3,"minecraft:dirt":9,"minecraft:stone":36,"minecraft:fern":35}},"DataVersion":3465}