{"stats":{"minecraft:crafted":{"epicfight:stone_spear":1,"minecraft:cyan_dye":2,"spartanweaponry:copper_katana":1,"minecraft:wooden_pickaxe":1,"spartanweaponry:handle":1,"minecraft:furnace":2,"minecraft:copper_ingot":43,"minecraft:bone":6,"iceandfire:armor_copper_metal_boots":1,"iceandfire:armor_copper_metal_helmet":1,"minecraft:air":0,"minecraft:jungle_planks":260,"spartanweaponry:copper_greatsword":1,"minecraft:stick":4,"iceandfire:armor_copper_metal_chestplate":1,"minecraft:stone_pickaxe":1,"minecraft:chest":1,"supertools:copperleggings":1},"minecraft:mined":{"minecraft:crafting_table":1,"minecraft:jungle_log":1,"minecraft:copper_ore":12,"born_in_chaos_v1:gnawed_bones":1,"minecraft:iron_ore":2,"treechop:chopped_log":1,"cyclic:flower_cyan":1,"minecraft:grass":3,"minecraft:vine":4,"minecraft:bamboo":3,"minecraft:stone":25,"minecraft:tripwire":1,"minecraft:fern":1},"minecraft:killed":{"vampirism:vampire":2,"vampirism:advanced_vampire":1,"born_in_chaos_v1:restless_spirit":1,"born_in_chaos_v1:baby_skeleton":1,"minecraft:spider":2,"born_in_chaos_v1:maggot":4,"minecraft:skeleton":1,"vampirism:blinding_bat":2,"born_in_chaos_v1:zombie_fisherman":1,"iceandfire:ghost":5,"alexsmobs:cockroach":1,"minecraft:zombie":9,"born_in_chaos_v1:dread_hound":2,"born_in_chaos_v1:corpse_fly":10,"born_in_chaos_v1:corpse_fish":1},"minecraft:dropped":{"minecraft:bread":7,"minecraft:stone_sword":1,"minecraft:bowl":1,"minecraft:cyan_dye":2,"minecraft:apple":9,"minecraft:dirt":1,"minecraft:diorite":2,"alexsmobs:cockroach_wing_fragment":1,"minecraft:torch":1,"born_in_chaos_v1:corpse_maggot":1,"minecraft:leather_boots":4,"toughasnails:purified_water_canteen":4,"minecraft:wooden_pickaxe":2,"croptopia:grapefruit":2,"minecraft:bone":1},"minecraft:custom":{"minecraft:interact_with_furnace":11,"spartanshields:shield_bash_hits":2,"minecraft:mob_kills":43,"minecraft:interact_with_crafting_table":29,"minecraft:damage_dealt_resisted":298,"minecraft:time_since_death":41668,"minecraft:damage_resisted":2,"minecraft:climb_one_cm":1980,"minecraft:time_since_rest":41668,"vampirism:amount_bitten":2,"minecraft:sprint_one_cm":43125,"minecraft:damage_taken":1304,"minecraft:walk_one_cm":171822,"minecraft:damage_blocked_by_shield":20,"minecraft:trigger_trapped_chest":1,"minecraft:drop":25,"vampirism:skills_unlocked":1,"minecraft:damage_dealt":7425,"minecraft:swim_one_cm":27870,"minecraft:fly_one_cm":53691,"minecraft:open_chest":13,"minecraft:crouch_one_cm":6015,"minecraft:play_time":41668,"minecraft:sneak_time":1195,"minecraft:walk_under_water_one_cm":9969,"minecraft:jump":296,"minecraft:walk_on_water_one_cm":32799,"minecraft:total_world_time":41668,"vampirism:blood_drunk":400,"minecraft:fall_one_cm":5200},"minecraft:picked_up":{"minecraft:iron_chestplate":1,"minecraft:crafting_table":1,"born_in_chaos_v1:corpse_maggot":9,"vampirism:vampire_blood_bottle":1,"born_in_chaos_v1:monster_flesh":2,"minecraft:jungle_log":66,"minecraft:wooden_pickaxe":2,"minecraft:potato":1,"iceandfire:ectoplasm":2,"minecraft:dirt":1,"minecraft:string":3,"minecraft:raw_copper":45,"cyclic:flower_cyan":1,"minecraft:leather_boots":4,"minecraft:iron_shovel":1,"minecraft:bone":1,"minecraft:apple":9,"minecraft:wheat_seeds":3,"mysticalagriculture:inferium_essence":6,"alexsmobs:cockroach_wing_fragment":1,"born_in_chaos_v1:gnawed_bones":2,"minecraft:jungle_sapling":4,"minecraft:bamboo":14,"minecraft:iron_boots":1,"apotheosis:gem":2,"minecraft:stick":7,"minecraft:raw_iron":2,"toughasnails:purified_water_canteen":2,"born_in_chaos_v1:ethereal_spirit":1,"minecraft:torch":2,"epicfight:skillbook":1,"minecraft:diorite":2,"vampirism:vampire_fang":1,"minecraft:stone_sword":1,"minecraft:rotten_flesh":8,"minecraft:iron_helmet":2,"croptopia:grapefruit":2,"minecraft:bread":7,"minecraft:oak_sapling":1,"minecraft:cobblestone":25},"minecraft:used":{"croptopia:leafy_salad":1,"epicfight:skillbook":1,"minecraft:stone_sword":45,"minecraft:bundle":1,"minecraft:stone_pickaxe":36,"minecraft:chest":1,"minecraft:wooden_pickaxe":3,"spartanweaponry:copper_greatsword":5,"minecraft:torch":2,"minecraft:crafting_table":2,"minecraft:jungle_planks":6,"epicfight:iron_tachi":53,"epicfight:stone_spear":17,"minecraft:apple":9,"minecraft:iron_axe":7,"born_in_chaos_v1:monster_flesh":1,"minecraft:bread":7,"minecraft:string":1,"minecraft:jungle_log":1,"spartanshields:copper_tower_shield":1,"spartanweaponry:copper_katana":38,"minecraft:iron_boots":1,"born_in_chaos_v1:gnawed_bones":1,"minecraft:cobblestone":3,"minecraft:furnace":2,"toughasnails:melon_juice":4,"toughasnails:purified_water_canteen":1}},"DataVersion":3465}