{"stats":{"minecraft:custom":{"minecraft:interact_with_furnace":28,"minecraft:mob_kills":16,"minecraft:interact_with_crafting_table":23,"minecraft:damage_dealt_resisted":0,"minecraft:leave_game":3,"minecraft:time_since_death":36672,"minecraft:time_since_rest":36970,"minecraft:sprint_one_cm":81858,"minecraft:walk_one_cm":193645,"minecraft:damage_taken":1492,"minecraft:drop":23,"minecraft:damage_dealt":3296,"minecraft:fly_one_cm":135592,"minecraft:open_chest":8,"minecraft:crouch_one_cm":1126,"minecraft:play_time":49364,"minecraft:deaths":1,"minecraft:sneak_time":365,"minecraft:walk_under_water_one_cm":545,"minecraft:jump":515,"minecraft:walk_on_water_one_cm":9118,"minecraft:total_world_time":49364,"minecraft:fall_one_cm":8487},"minecraft:used":{"cyclic:flower_cyan":1,"epicfight:skillbook":1,"not_just_sandwich:cooked_bacon":1,"toughasnails:pumpkin_juice":4,"minecraft:stone_sword":57,"fabledweaponry:waraxe_wood":19,"croptopia:caesar_salad":1,"minecraft:bundle":1,"minecraft:stone_pickaxe":28,"minecraft:chest":2,"minecraft:wooden_pickaxe":12,"fabledweaponry:scythe_stone":1,"biomesoplenty:fir_planks":2,"minecraft:leather_boots":1,"minecraft:torch":1,"minecraft:dirt":5,"scalinghealth:heart_crystal":1,"minecraft:crafting_table":2,"minecraft:apple":3,"fabledweaponry:waraxe_stone":2,"biomesoplenty:toadstool":1,"minecraft:stone_axe":40,"minecraft:furnace":2,"biomesoplenty:fir_log":2},"minecraft:picked_up":{"minecraft:wooden_axe":1,"born_in_chaos_v1:corpse_maggot":4,"biomesoplenty:fir_sapling":4,"biomesoplenty:fir_log":43,"toughasnails:pumpkin_juice":8,"scalinghealth:heart_crystal":1,"minecraft:dirt":14,"cyclic:flower_cyan":2,"minecraft:leather_boots":1,"minecraft:bone":1,"minecraft:apple":9,"minecraft:wheat_seeds":5,"mysticalagriculture:inferium_essence":3,"minecraft:rabbit_hide":1,"minecraft:rabbit":1,"croptopia:caesar_salad":16,"biomesoplenty:toadstool":1,"minecraft:stick":4,"born_in_chaos_v1:shattered_skull":1,"minecraft:torch":1,"minecraft:acacia_log":2,"minecraft:porkchop":10,"epicfight:skillbook":1,"minecraft:cherry_log":1,"not_just_sandwich:raw_bacon":2,"minecraft:bundle":1,"minecraft:stone_sword":1,"minecraft:arrow":2,"minecraft:rotten_flesh":11,"minecraft:bread":7,"minecraft:cobblestone":36,"born_in_chaos_v1:fused_bone":2},"minecraft:dropped":{"minecraft:bread":7,"minecraft:wheat_seeds":1,"minecraft:stone_sword":1,"minecraft:rotten_flesh":4,"minecraft:apple":9,"cyclic:scythe_leaves":1,"minecraft:stick":2,"minecraft:dirt":9,"minecraft:torch":1,"minecraft:bundle":1,"minecraft:wooden_axe":1,"born_in_chaos_v1:corpse_maggot":2,"minecraft:leather_boots":1,"gravestone:obituary":1,"fabledweaponry:waraxe_wood":1,"minecraft:wooden_pickaxe":1,"fabledweaponry:scythe_stone":1},"minecraft:crafted":{"minecraft:cherry_planks":4,"fabledweaponry:greatsword_stone":1,"fabledweaponry:waraxe_stone":1,"minecraft:cyan_dye":2,"minecraft:cooked_porkchop":10,"minecraft:crafting_table":2,"fabledweaponry:waraxe_wood":1,"minecraft:wooden_pickaxe":1,"minecraft:furnace":2,"cyclic:scythe_leaves":1,"minecraft:stone":9,"minecraft:stone_axe":2,"fabledweaponry:scythe_stone":1,"minecraft:air":0,"biomesoplenty:fir_planks":124,"minecraft:charcoal":9,"minecraft:stick":24,"minecraft:stone_pickaxe":1,"minecraft:wooden_axe":1,"minecraft:chest":2,"minecraft:acacia_planks":8,"not_just_sandwich:cooked_bacon":2,"minecraft:stone_hoe":1,"minecraft:cooked_rabbit":1},"minecraft:killed":{"minecraft:pig":4,"born_in_chaos_v1:zombie_lumberjack":1,"minecraft:rabbit":1,"born_in_chaos_v1:siamese_skeletonsright":1,"born_in_chaos_v1:decrepit_skeleton":2,"minecraft:skeleton":1,"minecraft:zombie":2,"born_in_chaos_v1:corpse_fly":3,"born_in_chaos_v1:siamese_skeletonsleft":1},"minecraft:mined":{"gravestone:gravestone":1,"minecraft:grass_block":5,"biomesoplenty:sprout":1,"biomesoplenty:toadstool":1,"treechop:chopped_log":5,"biomesoplenty:fir_log":12,"cyclic:flower_cyan":2,"minecraft:grass":38,"biomesoplenty:fir_leaves":3,"minecraft:dirt":9,"minecraft:stone":36,"minecraft:fern":36}},"DataVersion":3465}