{"stats":{"minecraft:crafted":{"minecraft:oak_planks":256,"spartanweaponry:copper_katana":1,"minecraft:furnace":4,"iceandfire:armor_copper_metal_helmet":1,"iceandfire:armor_copper_metal_boots":1,"minecraft:stone_pickaxe":1,"iceandfire:armor_copper_metal_chestplate":1,"minecraft:chest":1,"minecraft:copper_block":50,"not_just_sandwich:cooked_bacon":0,"supertools:copperleggings":1,"minecraft:cooked_beef":56,"epicfight:stone_spear":1,"minecraft:cyan_dye":2,"minecraft:cooked_porkchop":9,"minecraft:wooden_pickaxe":1,"spartanweaponry:handle":1,"not_just_sandwich:flesh":8,"minecraft:copper_ingot":524,"minecraft:bone":6,"minecraft:air":0,"minecraft:jungle_planks":260,"spartanweaponry:copper_greatsword":1,"not_just_sandwich:porkchop_sandwich":2,"not_just_sandwich:steak_sandwich":7,"minecraft:stick":4,"not_just_sandwich:cut_bread":18},"minecraft:mined":{"iceandfire:silver_ore":5,"minecraft:granite":7,"minecraft:spruce_fence":1,"gobber2:gobber2_lucky_block":6,"minecraft:jungle_log":1,"born_in_chaos_v1:gnawed_bones":1,"mysticalagriculture:inferium_ore":9,"minecraft:iron_ore":26,"treechop:chopped_log":1,"minecraft:anvil":1,"cyclic:flower_cyan":1,"minecraft:vine":4,"minecraft:bamboo":3,"minecraft:stone":70,"sophisticatedbackpacks:copper_backpack":1,"minecraft:tripwire":1,"cyclic:flower_lime_carnation":1,"cyclic:flower_purple_tulip":1,"minecraft:crafting_table":2,"minecraft:torch":3,"minecraft:tall_grass":7,"minecraft:copper_ore":22,"minecraft:cobblestone":4,"minecraft:oak_planks":1,"minecraft:wheat":37,"minecraft:copper_block":51,"minecraft:grass":22,"minecraft:coal_ore":23,"minecraft:cobweb":20,"minecraft:acacia_planks":1,"minecraft:fern":1},"minecraft:killed":{"vampirism:vampire":3,"minecraft:cave_spider":8,"vampirism:advanced_vampire":1,"born_in_chaos_v1:restless_spirit":1,"born_in_chaos_v1:pumpkin_spirit":1,"minecraft:spider":4,"born_in_chaos_v1:zombie_bruiser":1,"born_in_chaos_v1:maggot":6,"vampirism:blinding_bat":3,"minecraft:skeleton":5,"alexsmobs:bison":12,"minecraft:drowned":1,"born_in_chaos_v1:corpse_fish":2,"artifacts:mimic":1,"born_in_chaos_v1:spirit_guide":2,"minecraft:pig":5,"minecraft:zombie_villager":1,"born_in_chaos_v1:baby_skeleton":1,"born_in_chaos_v1:spirit_guide_assistant":7,"minecraft:creeper":1,"born_in_chaos_v1:decrepit_skeleton":2,"minecraft:sheep":7,"born_in_chaos_v1:zombie_fisherman":1,"minecraft:zombie":18,"alexsmobs:cockroach":1,"iceandfire:ghost":5,"born_in_chaos_v1:dread_hound":2,"alexsmobs:gazelle":1,"born_in_chaos_v1:corpse_fly":12,"born_in_chaos_v1:dark_vortex":1,"minecraft:stray":1,"minecraft:cow":1},"minecraft:dropped":{"iceandfire:lightning_dragon_blood":3,"supertools:copperleggings":1,"minecraft:bread":7,"iceandfire:raw_silver":10,"minecraft:candle":1,"minecraft:wheat_seeds":69,"minecraft:glass_bottle":7,"minecraft:cyan_dye":2,"minecraft:prismarine_shard":1,"minecraft:cobblestone":13,"minecraft:iron_helmet":1,"not_just_sandwich:flesh":12,"minecraft:apple":9,"minecraft:granite":13,"minecraft:jungle_planks":46,"iceandfire:ectoplasm":11,"epicfight:stone_spear":1,"minecraft:cracked_stone_bricks":2,"born_in_chaos_v1:pieceofdarkmetal":2,"supertools:copperchestplate":3,"minecraft:acacia_log":1,"alexsmobs:bison_fur":11,"minecraft:stick":5,"minecraft:magenta_bed":1,"not_just_sandwich:porkchop_sandwich":2,"minecraft:dirt":1,"minecraft:diorite":2,"iceandfire:copper_nugget":10,"minecraft:torch":1,"minecraft:jungle_sapling":4,"minecraft:gold_nugget":3,"toughasnails:purified_water_canteen":6,"epicfight:iron_tachi":2,"minecraft:iron_shovel":4,"minecraft:string":1,"minecraft:trapped_chest":4,"minecraft:white_wool":6,"minecraft:acacia_planks":7,"minecraft:bone":15,"minecraft:anvil":1,"minecraft:stone_sword":1,"minecraft:raw_copper":2,"minecraft:bowl":18,"minecraft:raw_iron":16,"born_in_chaos_v1:rotten_fish":1,"born_in_chaos_v1:ethereal_spirit":3,"minecraft:oak_planks":39,"iceandfire:armor_copper_metal_helmet":1,"supertools:copperhelmet":1,"iceandfire:crackled_gravel":2,"minecraft:spruce_fence":1,"supertools:copperboots":1,"vampirism:vampire_fang":1,"alexsmobs:cockroach_wing_fragment":1,"minecraft:ladder":1,"mysticalagriculture:inferium_essence":1,"born_in_chaos_v1:corpse_maggot":8,"minecraft:leather_boots":4,"apotheosis:gem":4,"minecraft:oak_sapling":1,"minecraft:spider_eye":1,"minecraft:bamboo":14,"minecraft:arrow":10,"minecraft:wooden_pickaxe":2,"croptopia:grapefruit":2,"epicfight:skillbook":2,"minecraft:black_wool":1},"minecraft:custom":{"minecraft:interact_with_anvil":1,"minecraft:mob_kills":119,"minecraft:interact_with_crafting_table":52,"minecraft:open_barrel":3,"minecraft:damage_dealt_resisted":613,"minecraft:time_since_death":137668,"minecraft:climb_one_cm":8271,"minecraft:damage_resisted":2,"minecraft:sprint_one_cm":233136,"vampirism:amount_bitten":2,"minecraft:walk_one_cm":592826,"minecraft:damage_blocked_by_shield":20,"minecraft:drop":135,"vampirism:skills_unlocked":1,"minecraft:sneak_time":3535,"minecraft:play_time":137668,"minecraft:walk_under_water_one_cm":10954,"minecraft:jump":1779,"minecraft:walk_on_water_one_cm":50474,"minecraft:total_world_time":137668,"vampirism:blood_drunk":400,"minecraft:interact_with_furnace":43,"spartanshields:shield_bash_hits":2,"minecraft:time_since_rest":137668,"minecraft:damage_taken":5679,"minecraft:trigger_trapped_chest":3,"minecraft:damage_dealt":25747,"minecraft:swim_one_cm":42360,"minecraft:fly_one_cm":534956,"minecraft:open_chest":22,"minecraft:crouch_one_cm":17442,"minecraft:fall_one_cm":42038},"minecraft:picked_up":{"minecraft:charcoal":2,"iceandfire:dragon_skull_lightning":2,"minecraft:crafting_table":2,"minecraft:iron_chestplate":1,"minecraft:wheat":37,"minecraft:anvil":1,"minecraft:prismarine_shard":1,"minecraft:wooden_pickaxe":2,"minecraft:enchanted_book":1,"epicfight:iron_tachi":2,"minecraft:string":35,"minecraft:raw_copper":77,"minecraft:iron_shovel":4,"minecraft:cracked_stone_bricks":2,"minecraft:candle":1,"mysticalagriculture:inferium_essence":49,"minecraft:beef":86,"born_in_chaos_v1:gnawed_bones":2,"minecraft:jungle_sapling":4,"minecraft:iron_boots":1,"iceandfire:dragonbone":10,"minecraft:raw_iron":42,"minecraft:stick":7,"apotheosis:gem":4,"minecraft:copper_ingot":23,"minecraft:acacia_log":1,"minecraft:torch":5,"minecraft:bowl":3,"minecraft:spruce_fence":1,"epicfight:skillbook":1,"minecraft:porkchop":9,"iceandfire:lightning_dragon_blood":1,"iceandfire:crackled_gravel":2,"vampirism:vampire_fang":2,"minecraft:diorite":2,"born_in_chaos_v1:pieceofdarkmetal":2,"minecraft:stone_sword":1,"minecraft:arrow":10,"minecraft:rotten_flesh":21,"sophisticatedbackpacks:copper_backpack":1,"minecraft:mutton":5,"minecraft:white_wool":6,"minecraft:cobblestone":95,"born_in_chaos_v1:corpse_maggot":10,"vampirism:vampire_blood_bottle":1,"born_in_chaos_v1:monster_flesh":2,"minecraft:jungle_log":66,"gobber2:gobber2_gooey_beefstew":1,"minecraft:copper_block":49,"minecraft:potato":1,"alexsmobs:bison_fur":11,"iceandfire:ectoplasm":2,"minecraft:magenta_bed":1,"minecraft:dirt":2,"cyclic:flower_cyan":1,"minecraft:leather_boots":4,"minecraft:bone":15,"minecraft:acacia_planks":15,"minecraft:apple":9,"minecraft:bow":1,"gobber2:gobber2_gooey_beef":1,"minecraft:wheat_seeds":70,"minecraft:raw_gold":5,"alexsmobs:cockroach_wing_fragment":1,"minecraft:iron_ingot":1,"minecraft:bamboo":14,"minecraft:oak_planks":1,"gobber2:gobber2_gooey_bread":2,"iceandfire:copper_nugget":10,"toughasnails:purified_water_canteen":2,"artifacts:rooted_boots":1,"born_in_chaos_v1:dark_rod":1,"born_in_chaos_v1:ethereal_spirit":5,"supertools:copperhelmet":1,"minecraft:jungle_planks":46,"minecraft:trapped_chest":4,"minecraft:spider_eye":12,"not_just_sandwich:raw_bacon":2,"supertools:copperchestplate":1,"minecraft:iron_helmet":2,"minecraft:granite":23,"croptopia:grapefruit":2,"minecraft:bread":7,"minecraft:oak_sapling":1,"born_in_chaos_v1:rotten_fish":1,"gobber2:gobber2_goo":2,"minecraft:black_wool":1,"minecraft:coal":28,"iceandfire:raw_silver":10},"minecraft:used":{"not_just_sandwich:flesh":4,"croptopia:leafy_salad":22,"minecraft:stone_sword":45,"sophisticatedbackpacks:copper_backpack":1,"minecraft:ladder":2,"gobber2:gobber2_gooey_bread":2,"minecraft:chest":2,"minecraft:iron_sword":47,"spartanweaponry:copper_greatsword":5,"minecraft:torch":59,"minecraft:jungle_planks":18,"minecraft:granite":7,"minecraft:milk_bucket":9,"minecraft:iron_axe":11,"minecraft:jungle_log":1,"minecraft:iron_helmet":1,"spartanweaponry:copper_katana":38,"minecraft:iron_boots":1,"born_in_chaos_v1:gnawed_bones":1,"minecraft:bow":384,"minecraft:furnace":4,"toughasnails:melon_juice":15,"minecraft:acacia_planks":1,"epicfight:skillbook":9,"minecraft:bundle":1,"minecraft:stone_pickaxe":105,"minecraft:oak_planks":26,"not_just_sandwich:steak_sandwich":2,"minecraft:wooden_pickaxe":3,"iceandfire:dragon_skull_lightning":2,"minecraft:crafting_table":5,"supertools:copperhelmet":1,"epicfight:stone_spear":17,"epicfight:iron_tachi":445,"minecraft:apple":9,"minecraft:iron_pickaxe":122,"born_in_chaos_v1:monster_flesh":1,"minecraft:bread":7,"minecraft:string":1,"spartanshields:copper_tower_shield":1,"minecraft:cobblestone":3,"toughasnails:purified_water_canteen":2,"not_just_sandwich:porkchop_sandwich":1},"minecraft:broken":{"supertools:copperboots":1,"minecraft:bow":1,"supertools:copperleggings":1}},"DataVersion":3465}