{"stats":{"minecraft:custom":{"minecraft:jump":98,"minecraft:time_since_rest":11123,"minecraft:damage_dealt":513,"minecraft:leave_game":2,"minecraft:play_time":11123,"minecraft:sprint_one_cm":6139,"minecraft:damage_taken":215,"minecraft:time_since_death":11123,"minecraft:walk_one_cm":16872,"minecraft:total_world_time":11123,"minecraft:mob_kills":2,"minecraft:fall_one_cm":847,"minecraft:fly_one_cm":13974},"minecraft:picked_up":{"minecraft:rotten_flesh":2,"minecraft:wheat_seeds":1},"minecraft:killed":{"born_in_chaos_v1:corpse_fly":1,"born_in_chaos_v1:decrepit_skeleton":1},"minecraft:mined":{"minecraft:grass":10,"minecraft:fern":9}},"DataVersion":3465}