{"stats":{"minecraft:crafted":{"epicfight:stone_spear":1,"spartanweaponry:copper_katana":1,"minecraft:wooden_pickaxe":1,"spartanweaponry:handle":1,"minecraft:furnace":2,"minecraft:copper_ingot":43,"minecraft:bone":6,"iceandfire:armor_copper_metal_boots":1,"iceandfire:armor_copper_metal_helmet":1,"minecraft:air":0,"minecraft:jungle_planks":260,"spartanweaponry:copper_greatsword":1,"minecraft:stick":4,"iceandfire:armor_copper_metal_chestplate":1,"minecraft:stone_pickaxe":1,"minecraft:chest":1,"supertools:copperleggings":1},"minecraft:mined":{"minecraft:jungle_log":1,"minecraft:copper_ore":12,"born_in_chaos_v1:gnawed_bones":1,"minecraft:iron_ore":2,"treechop:chopped_log":1,"minecraft:grass":1,"minecraft:vine":3,"minecraft:bamboo":1,"minecraft:stone":25,"minecraft:tripwire":1,"minecraft:fern":1},"minecraft:killed":{"vampirism:vampire":2,"vampirism:advanced_vampire":1,"minecraft:spider":2,"born_in_chaos_v1:maggot":4,"vampirism:blinding_bat":2,"minecraft:zombie":7,"born_in_chaos_v1:dread_hound":2,"born_in_chaos_v1:corpse_fly":2},"minecraft:dropped":{"minecraft:bread":7,"minecraft:stone_sword":1,"minecraft:apple":9,"minecraft:torch":1,"born_in_chaos_v1:corpse_maggot":1,"minecraft:leather_boots":4,"toughasnails:purified_water_canteen":4,"minecraft:wooden_pickaxe":2},"minecraft:custom":{"minecraft:interact_with_furnace":11,"minecraft:mob_kills":22,"minecraft:interact_with_crafting_table":27,"minecraft:damage_dealt_resisted":298,"minecraft:time_since_death":29668,"minecraft:climb_one_cm":780,"minecraft:time_since_rest":29668,"minecraft:sprint_one_cm":11922,"minecraft:damage_taken":709,"minecraft:walk_one_cm":115169,"minecraft:drop":15,"minecraft:damage_dealt":3556,"minecraft:swim_one_cm":1554,"minecraft:fly_one_cm":6759,"minecraft:open_chest":12,"minecraft:crouch_one_cm":6015,"minecraft:play_time":29668,"minecraft:sneak_time":1195,"minecraft:walk_under_water_one_cm":3879,"minecraft:jump":144,"minecraft:walk_on_water_one_cm":19938,"minecraft:total_world_time":29668,"minecraft:fall_one_cm":2767},"minecraft:picked_up":{"born_in_chaos_v1:corpse_maggot":3,"vampirism:vampire_blood_bottle":1,"born_in_chaos_v1:monster_flesh":2,"minecraft:jungle_log":66,"minecraft:wooden_pickaxe":2,"minecraft:potato":1,"minecraft:string":3,"minecraft:raw_copper":45,"minecraft:leather_boots":4,"minecraft:iron_shovel":1,"minecraft:apple":9,"minecraft:wheat_seeds":3,"mysticalagriculture:inferium_essence":2,"born_in_chaos_v1:gnawed_bones":2,"minecraft:jungle_sapling":4,"minecraft:bamboo":8,"minecraft:iron_boots":1,"minecraft:stick":5,"minecraft:raw_iron":2,"toughasnails:purified_water_canteen":2,"minecraft:torch":2,"epicfight:skillbook":1,"vampirism:vampire_fang":1,"minecraft:stone_sword":1,"minecraft:rotten_flesh":5,"minecraft:iron_helmet":1,"minecraft:bread":7,"minecraft:cobblestone":25},"minecraft:used":{"epicfight:skillbook":1,"minecraft:stone_sword":45,"minecraft:bundle":1,"minecraft:stone_pickaxe":36,"minecraft:chest":1,"minecraft:wooden_pickaxe":3,"spartanweaponry:copper_greatsword":5,"minecraft:torch":2,"minecraft:crafting_table":1,"minecraft:jungle_planks":6,"epicfight:stone_spear":17,"minecraft:apple":9,"born_in_chaos_v1:monster_flesh":1,"minecraft:bread":7,"minecraft:string":1,"minecraft:jungle_log":1,"spartanweaponry:copper_katana":3,"minecraft:iron_boots":1,"born_in_chaos_v1:gnawed_bones":1,"minecraft:cobblestone":3,"minecraft:furnace":2,"toughasnails:melon_juice":4,"toughasnails:purified_water_canteen":1}},"DataVersion":3465}