{"stats":{"minecraft:mined":{"minecraft:grass":1,"minecraft:vine":3,"minecraft:jungle_log":1,"minecraft:bamboo":1,"treechop:chopped_log":1,"minecraft:fern":1},"minecraft:killed":{"minecraft:zombie":1,"born_in_chaos_v1:maggot":2},"minecraft:dropped":{"minecraft:bread":7,"minecraft:apple":9,"minecraft:stone_sword":1,"minecraft:torch":1,"minecraft:leather_boots":1},"minecraft:custom":{"minecraft:time_since_rest":5668,"minecraft:crouch_one_cm":407,"minecraft:sprint_one_cm":224,"minecraft:play_time":5668,"minecraft:damage_taken":10,"minecraft:walk_one_cm":5239,"minecraft:sneak_time":280,"minecraft:walk_under_water_one_cm":2024,"minecraft:mob_kills":3,"minecraft:drop":5,"minecraft:damage_dealt_resisted":20,"minecraft:jump":21,"minecraft:damage_dealt":190,"minecraft:time_since_death":5668,"minecraft:walk_on_water_one_cm":6126,"minecraft:climb_one_cm":780,"minecraft:total_world_time":5668,"minecraft:swim_one_cm":1554,"minecraft:fall_one_cm":557,"minecraft:fly_one_cm":827},"minecraft:picked_up":{"born_in_chaos_v1:corpse_maggot":1,"minecraft:rotten_flesh":2,"minecraft:stick":5,"minecraft:leather_boots":1,"minecraft:stone_sword":1,"minecraft:jungle_log":66,"minecraft:apple":9,"minecraft:wheat_seeds":3,"minecraft:torch":1,"minecraft:jungle_sapling":4,"minecraft:bread":7,"minecraft:bamboo":8},"minecraft:used":{"minecraft:stone_sword":5,"minecraft:bundle":1}},"DataVersion":3465}