{"stats":{"minecraft:crafted":{"minecraft:oak_planks":256,"spartanweaponry:copper_katana":1,"alexscaves:pewen_planks":32,"iceandfire:armor_copper_metal_boots":1,"iceandfire:armor_copper_metal_chestplate":1,"croptopia:flour":63,"minecraft:chest":5,"minecraft:copper_block":50,"not_just_sandwich:cooked_bacon":0,"croptopia:doughnut":2,"supertools:copperleggings":1,"minecraft:cooked_porkchop":9,"minecraft:wooden_pickaxe":1,"not_just_sandwich:flesh":8,"minecraft:copper_ingot":524,"spartanweaponry:copper_greatsword":1,"not_just_sandwich:porkchop_sandwich":2,"minecraft:stick":4,"not_just_sandwich:cut_bread":464,"minecraft:coal":18,"minecraft:furnace":4,"iceandfire:armor_copper_metal_helmet":1,"cyclic:emerald_pickaxe":1,"minecraft:stone_pickaxe":1,"minecraft:wheat":792,"minecraft:cooked_beef":56,"epicfight:stone_spear":1,"minecraft:cyan_dye":2,"spartanweaponry:handle":1,"minecraft:bucket":2,"minecraft:bone":6,"minecraft:bread":233,"minecraft:air":0,"minecraft:jungle_planks":260,"not_just_sandwich:steak_sandwich":116},"minecraft:mined":{"minecraft:mossy_stone_brick_slab":1,"minecraft:granite":7,"minecraft:grass_block":2,"gobber2:gobber2_lucky_block":6,"minecraft:jungle_log":1,"minecraft:coal_block":4,"mysticalagriculture:inferium_ore":9,"minecraft:chiseled_stone_bricks":4,"minecraft:iron_ore":26,"minecraft:anvil":1,"cyclic:flower_cyan":1,"sophisticatedbackpacks:copper_backpack":1,"minecraft:tripwire":1,"cyclic:flower_lime_carnation":1,"alexscaves:pewen_planks":3,"minecraft:torch":3,"minecraft:blast_furnace":1,"minecraft:poppy":1,"minecraft:cobblestone":4,"minecraft:oak_planks":2,"minecraft:repeater":1,"iceandfire:crackled_stone":1,"minecraft:wheat":74,"minecraft:stone_brick_stairs":1,"minecraft:copper_block":52,"minecraft:grass":42,"minecraft:dirt":4,"minecraft:stonecutter":1,"born_in_chaos_v1:infernal_evil_pumpkin_s":1,"minecraft:oak_leaves":5,"iceandfire:silver_ore":5,"biomesoplenty:desert_grass":2,"minecraft:spruce_fence":1,"minecraft:acacia_slab":2,"born_in_chaos_v1:gnawed_bones":1,"minecraft:large_fern":2,"minecraft:hay_block":24,"minecraft:oak_trapdoor":2,"treechop:chopped_log":3,"minecraft:mossy_stone_brick_stairs":1,"minecraft:vine":4,"alexscaves:curly_fern":9,"minecraft:bamboo":3,"minecraft:stone":74,"minecraft:acacia_leaves":2,"minecraft:glass_pane":1,"cyclic:flower_purple_tulip":1,"minecraft:oak_fence":1,"minecraft:crafting_table":2,"minecraft:tall_grass":8,"minecraft:copper_ore":22,"minecraft:coal_ore":29,"alexscaves:cycad":3,"minecraft:cobweb":20,"minecraft:acacia_planks":38,"minecraft:stone_bricks":1,"minecraft:fern":2},"minecraft:killed":{"vampirism:vampire":3,"minecraft:cave_spider":8,"born_in_chaos_v1:mr_pumpkin":3,"vampirism:advanced_vampire":1,"born_in_chaos_v1:restless_spirit":1,"born_in_chaos_v1:pumpkin_spirit":1,"minecraft:spider":4,"minecraft:zombie_horse":1,"vampirism:blinding_bat":3,"minecraft:skeleton":7,"artifacts:mimic":1,"minecraft:pig":7,"minecraft:zombie_villager":1,"minecraft:creeper":2,"iceandfire:cockatrice":1,"minecraft:sheep":7,"born_in_chaos_v1:zombie_fisherman":1,"minecraft:zombie":21,"born_in_chaos_v1:dread_hound":3,"born_in_chaos_v1:corpse_fly":12,"minecraft:stray":1,"born_in_chaos_v1:siamese_skeletonsleft":1,"minecraft:cow":1,"born_in_chaos_v1:zombie_clown_not_despawn":1,"alexscaves:raycat":1,"born_in_chaos_v1:zombie_bruiser":1,"born_in_chaos_v1:maggot":6,"born_in_chaos_v1:corpse_fish":2,"alexsmobs:bison":12,"minecraft:drowned":1,"born_in_chaos_v1:mr_pumpkin_controlled":1,"born_in_chaos_v1:spirit_guide":2,"born_in_chaos_v1:baby_skeleton":1,"born_in_chaos_v1:spirit_guide_assistant":7,"born_in_chaos_v1:decrepit_skeleton":4,"alexsmobs:cockroach":1,"alexsmobs:elephant":3,"iceandfire:ghost":5,"alexsmobs:gazelle":1,"born_in_chaos_v1:dark_vortex":1,"minecraft:villager":1,"alexscaves:grottoceratops":1},"minecraft:dropped":{"supertools:copperleggings":1,"iceandfire:raw_silver":10,"minecraft:candle":1,"minecraft:porkchop":1,"croptopia:flour":34,"minecraft:oak_log":3,"minecraft:glass_bottle":8,"minecraft:crafting_table":1,"minecraft:jungle_planks":46,"iceandfire:ectoplasm":11,"minecraft:cracked_stone_bricks":2,"born_in_chaos_v1:pieceofdarkmetal":2,"alexsmobs:bison_fur":11,"minecraft:dirt":5,"minecraft:jungle_sapling":4,"alexscaves:cave_map":3,"minecraft:gold_nugget":3,"epicfight:iron_tachi":3,"minecraft:white_wool":7,"cyclic:flower_purple_tulip":4,"minecraft:bone":17,"minecraft:spyglass":2,"minecraft:cooked_chicken":2,"croptopia:doughnut":1,"cyclic:flower_absalon_tulip":1,"minecraft:wheat":1,"born_in_chaos_v1:ethereal_spirit":6,"minecraft:rotten_flesh":4,"minecraft:oak_planks":39,"supertools:copperhelmet":1,"iceandfire:crackled_gravel":2,"minecraft:salmon":64,"minecraft:chiseled_stone_bricks":2,"vampirism:vampire_fang":1,"mysticalagriculture:inferium_essence":40,"born_in_chaos_v1:corpse_maggot":9,"minecraft:acacia_slab":3,"apotheosis:gem":9,"minecraft:leather_boots":4,"iceandfire:bestiary":1,"minecraft:ladder":4,"minecraft:arrow":74,"iceandfire:manuscript":5,"minecraft:bread":7,"born_in_chaos_v1:intoxicating_decoction":1,"iceandfire:lightning_dragon_blood":3,"minecraft:wheat_seeds":127,"minecraft:cyan_dye":2,"minecraft:prismarine_shard":1,"minecraft:iron_helmet":1,"minecraft:feather":3,"minecraft:cobblestone":13,"not_just_sandwich:flesh":12,"minecraft:apple":9,"minecraft:granite":13,"epicfight:stone_spear":1,"supertools:copperchestplate":3,"minecraft:acacia_log":2,"minecraft:acacia_trapdoor":1,"minecraft:golden_apple":1,"minecraft:stick":5,"minecraft:magenta_bed":1,"not_just_sandwich:porkchop_sandwich":2,"minecraft:diorite":2,"iceandfire:copper_nugget":10,"minecraft:torch":2,"toughasnails:purified_water_canteen":8,"minecraft:iron_axe":1,"minecraft:iron_shovel":4,"minecraft:paper":6,"minecraft:string":58,"minecraft:trapped_chest":4,"minecraft:bucket":2,"minecraft:acacia_planks":9,"croptopia:leafy_salad":20,"minecraft:anvil":1,"toughasnails:empty_canteen":1,"minecraft:oak_trapdoor":2,"minecraft:stone_sword":1,"minecraft:raw_copper":2,"minecraft:bowl":22,"iceandfire:witherbone":2,"minecraft:raw_iron":16,"born_in_chaos_v1:rotten_fish":1,"iceandfire:armor_copper_metal_helmet":1,"minecraft:spruce_fence":1,"supertools:copperboots":1,"alexsmobs:cockroach_wing_fragment":1,"minecraft:iron_chestplate":1,"minecraft:oak_sapling":5,"minecraft:spider_eye":12,"minecraft:bamboo":14,"minecraft:wooden_pickaxe":2,"croptopia:grapefruit":2,"waystones:waystone":1,"not_just_sandwich:cooked_bacon":6,"iceandfire:dragon_skull_lightning":1,"epicfight:skillbook":3,"minecraft:black_wool":1},"minecraft:custom":{"minecraft:animals_bred":1,"minecraft:interact_with_crafting_table":67,"minecraft:open_barrel":16,"minecraft:leave_game":1,"minecraft:time_since_death":239151,"minecraft:damage_resisted":2,"minecraft:sprint_one_cm":562595,"minecraft:damage_blocked_by_shield":91,"minecraft:drop":257,"minecraft:play_time":239151,"minecraft:jump":3275,"minecraft:walk_on_water_one_cm":66435,"minecraft:interact_with_furnace":45,"minecraft:interact_with_loom":9,"minecraft:waystone_activated":4,"minecraft:damage_dealt":38032,"minecraft:crouch_one_cm":24507,"minecraft:interact_with_smoker":4,"minecraft:mob_kills":147,"minecraft:interact_with_anvil":1,"minecraft:damage_dealt_resisted":1326,"minecraft:climb_one_cm":19330,"vampirism:amount_bitten":2,"minecraft:walk_one_cm":1237499,"vampirism:skills_unlocked":1,"minecraft:sneak_time":5402,"minecraft:walk_under_water_one_cm":23500,"minecraft:interact_with_blast_furnace":2,"minecraft:total_world_time":239151,"vampirism:blood_drunk":400,"spartanshields:shield_bash_hits":3,"minecraft:interact_with_stonecutter":1,"minecraft:time_since_rest":239151,"minecraft:damage_taken":8151,"minecraft:trigger_trapped_chest":3,"minecraft:swim_one_cm":59640,"minecraft:fly_one_cm":1596177,"minecraft:open_chest":69,"minecraft:fall_one_cm":75175},"minecraft:picked_up":{"minecraft:iron_chestplate":1,"minecraft:wheat":74,"alexscaves:tough_hide":2,"minecraft:anvil":1,"minecraft:prismarine_shard":1,"minecraft:enchanted_book":1,"minecraft:string":67,"minecraft:raw_copper":77,"mysticalagriculture:inferium_essence":57,"minecraft:bucket":2,"minecraft:acacia_sign":6,"minecraft:coal_block":4,"minecraft:iron_boots":1,"minecraft:stick":12,"apotheosis:gem":9,"minecraft:torch":9,"minecraft:acacia_log":2,"epicfight:skillbook":2,"minecraft:porkchop":10,"iceandfire:crackled_gravel":2,"iceandfire:lightning_dragon_blood":1,"vampirism:vampire_fang":2,"minecraft:diorite":2,"minecraft:stone_sword":1,"minecraft:rotten_flesh":25,"minecraft:cobblestone":102,"minecraft:feather":3,"minecraft:jungle_log":66,"croptopia:flour":7,"minecraft:copper_block":50,"minecraft:potato":1,"alexsmobs:bison_fur":11,"minecraft:magenta_bed":1,"minecraft:dirt":8,"cyclic:flower_cyan":1,"minecraft:leather_boots":4,"minecraft:glass":1,"minecraft:bone":19,"minecraft:acacia_planks":52,"minecraft:stonecutter":1,"minecraft:bow":1,"gobber2:gobber2_gooey_beef":1,"minecraft:wheat_seeds":156,"minecraft:raw_gold":5,"minecraft:bamboo":14,"minecraft:oak_planks":2,"gobber2:gobber2_gooey_bread":2,"toughasnails:purified_water_canteen":2,"artifacts:rooted_boots":1,"patchouli:guide_book":1,"supertools:copperhelmet":1,"minecraft:jungle_planks":46,"cyclic:flower_absalon_tulip":1,"minecraft:trapped_chest":4,"minecraft:granite":23,"minecraft:bread":7,"minecraft:oak_sapling":5,"born_in_chaos_v1:rotten_fish":1,"gobber2:gobber2_goo":2,"iceandfire:raw_silver":10,"iceandfire:dragon_skull_lightning":4,"minecraft:charcoal":2,"minecraft:crafting_table":2,"iceandfire:witherbone":2,"minecraft:ladder":2,"minecraft:wooden_pickaxe":2,"epicfight:iron_tachi":3,"minecraft:oak_trapdoor":3,"minecraft:iron_axe":1,"born_in_chaos_v1:intoxicating_decoction":1,"minecraft:iron_shovel":4,"alexscaves:dinosaur_chop":1,"cyclic:flower_lime_carnation":1,"minecraft:cracked_stone_bricks":2,"minecraft:candle":1,"minecraft:beef":86,"born_in_chaos_v1:gnawed_bones":2,"minecraft:jungle_sapling":4,"minecraft:poppy":1,"minecraft:chest":1,"minecraft:raw_iron":42,"iceandfire:dragonbone":30,"not_just_sandwich:cooked_bacon":4,"alexscaves:cycad":9,"minecraft:copper_ingot":23,"minecraft:bowl":3,"minecraft:spruce_fence":1,"born_in_chaos_v1:pieceofdarkmetal":2,"minecraft:arrow":10,"alexscaves:pewen_wood":1,"minecraft:hay_block":24,"sophisticatedbackpacks:copper_backpack":1,"minecraft:mutton":5,"minecraft:white_wool":7,"born_in_chaos_v1:corpse_maggot":11,"alexscaves:pewen_log":11,"vampirism:vampire_blood_bottle":1,"born_in_chaos_v1:monster_flesh":2,"gobber2:gobber2_gooey_beefstew":1,"minecraft:oak_log":3,"iceandfire:ectoplasm":2,"alexscaves:pewen_planks":3,"alexscaves:pewen_sapling":2,"minecraft:apple":9,"cyclic:flower_purple_tulip":4,"alexsmobs:cockroach_wing_fragment":1,"minecraft:iron_ingot":1,"minecraft:cooked_chicken":2,"alexscaves:curly_fern":9,"iceandfire:copper_nugget":10,"minecraft:chiseled_stone_bricks":2,"born_in_chaos_v1:ethereal_spirit":6,"born_in_chaos_v1:dark_rod":1,"minecraft:blast_furnace":1,"minecraft:spider_eye":12,"not_just_sandwich:raw_bacon":2,"supertools:copperchestplate":1,"minecraft:iron_helmet":2,"alexscaves:pine_nuts":4,"croptopia:grapefruit":2,"alexscaves:cave_map":1,"minecraft:acacia_slab":4,"minecraft:black_wool":1,"minecraft:coal":34},"minecraft:used":{"croptopia:leafy_salad":31,"gobber2:gobber2_goo":2,"sophisticatedbackpacks:copper_backpack":1,"minecraft:ladder":5,"gobber2:gobber2_gooey_bread":2,"minecraft:chest":7,"minecraft:iron_sword":108,"minecraft:iron_chestplate":13,"minecraft:jungle_planks":18,"minecraft:milk_bucket":9,"minecraft:glass":1,"minecraft:iron_helmet":1,"spartanweaponry:copper_katana":38,"born_in_chaos_v1:gnawed_bones":1,"minecraft:item_frame":13,"alexscaves:spawn_egg_raycat":1,"minecraft:bow":428,"minecraft:furnace":8,"toughasnails:melon_juice":16,"croptopia:doughnut":1,"epicfight:skillbook":10,"minecraft:acacia_trapdoor":2,"minecraft:stone_pickaxe":105,"minecraft:oak_planks":26,"minecraft:wooden_pickaxe":3,"not_just_sandwich:steak_sandwich":7,"alexscaves:cave_book":1,"minecraft:blast_furnace":4,"epicfight:iron_tachi":631,"waystones:waystone":2,"gobber2:gobber2_gooey_beefstew":1,"born_in_chaos_v1:monster_flesh":1,"minecraft:bread":7,"minecraft:string":4,"minecraft:cat_spawn_egg":15,"minecraft:coal_block":2,"not_just_sandwich:porkchop_sandwich":1,"not_just_sandwich:flesh":4,"minecraft:oak_trapdoor":1,"minecraft:stone_sword":45,"iceandfire:armor_copper_metal_leggings":1,"spartanweaponry:copper_greatsword":5,"minecraft:torch":68,"minecraft:dirt":1,"minecraft:spyglass":14,"cyclic:emerald_pickaxe":1,"minecraft:granite":7,"cyclic:flower_lime_carnation":1,"minecraft:iron_hoe":28,"minecraft:iron_axe":105,"minecraft:acacia_slab":44,"minecraft:jungle_log":1,"minecraft:iron_boots":1,"gobber2:gobber2_gooey_beef":1,"minecraft:cooked_beef":4,"minecraft:acacia_planks":133,"minecraft:wheat_seeds":38,"minecraft:water_bucket":6,"minecraft:bundle":1,"minecraft:copper_block":1,"minecraft:stonecutter":1,"iceandfire:dragon_skull_lightning":2,"minecraft:crafting_table":7,"supertools:copperhelmet":1,"minecraft:smoker":4,"epicfight:stone_spear":17,"alexscaves:pewen_planks":22,"minecraft:apple":9,"minecraft:iron_pickaxe":149,"spartanshields:copper_tower_shield":7,"minecraft:cobblestone":13,"toughasnails:purified_water_canteen":28,"minecraft:glass_pane":1},"minecraft:broken":{"supertools:copperboots":1,"minecraft:bow":1,"supertools:copperhelmet":1,"toughasnails:purified_water_canteen":4,"supertools:copperleggings":1}},"DataVersion":3465}