{"stats":{"minecraft:custom":{"minecraft:mob_kills":28,"minecraft:interact_with_crafting_table":10,"minecraft:damage_dealt_resisted":0,"minecraft:time_since_death":43302,"minecraft:climb_one_cm":815,"minecraft:time_since_rest":43302,"minecraft:sprint_one_cm":67114,"minecraft:damage_taken":2077,"minecraft:walk_one_cm":147600,"minecraft:drop":16,"minecraft:damage_dealt":4095,"minecraft:swim_one_cm":6948,"minecraft:talked_to_villager":3,"minecraft:fly_one_cm":72827,"minecraft:open_chest":14,"minecraft:crouch_one_cm":1559,"minecraft:play_time":43302,"minecraft:sneak_time":787,"minecraft:walk_under_water_one_cm":24706,"minecraft:jump":516,"minecraft:walk_on_water_one_cm":18229,"minecraft:total_world_time":43302,"minecraft:fall_one_cm":8518},"minecraft:picked_up":{"minecraft:wooden_axe":1,"minecraft:birch_log":28,"born_in_chaos_v1:corpse_maggot":2,"minecraft:wheat":243,"minecraft:feather":2,"minecraft:chicken":2,"minecraft:flower_pot":1,"minecraft:leather":2,"minecraft:birch_planks":3,"minecraft:dirt":54,"minecraft:leather_boots":1,"minecraft:zombie_head":1,"minecraft:bone":2,"minecraft:apple":9,"minecraft:stone_bricks":3,"minecraft:wheat_seeds":637,"mysticalagriculture:inferium_essence":7,"minecraft:iron_ingot":6,"minecraft:beef":2,"minecraft:glass_bottle":6,"minecraft:light_gray_wool":1,"minecraft:birch_sapling":6,"minecraft:egg":1,"minecraft:stick":6,"minecraft:torch":1,"pointblank:gunmetal_nugget":12,"minecraft:porkchop":8,"minecraft:white_bed":2,"minecraft:lily_of_the_valley":1,"not_just_sandwich:raw_bacon":1,"minecraft:stone_sword":1,"minecraft:arrow":6,"minecraft:rotten_flesh":7,"minecraft:gold_ingot":1,"minecraft:bread":7,"minecraft:mutton":7,"minecraft:white_wool":3,"minecraft:cobblestone":7},"minecraft:killed":{"minecraft:pig":4,"alexsmobs:raccoon":1,"minecraft:iron_golem":1,"born_in_chaos_v1:zombie_bruiser":1,"minecraft:sheep":7,"minecraft:skeleton":1,"minecraft:zombie":6,"minecraft:bee":2,"born_in_chaos_v1:corpse_fly":1,"minecraft:chicken":2,"born_in_chaos_v1:corpse_fish":1,"minecraft:cow":1},"minecraft:crafted":{"minecraft:crafting_table":2,"minecraft:bowl":12,"minecraft:birch_planks":112,"minecraft:stone_axe":1,"minecraft:bread":28,"spartanshields:wooden_basic_shield":1},"minecraft:dropped":{"minecraft:bread":7,"minecraft:wheat_seeds":249,"minecraft:stone_sword":1,"minecraft:cobblestone":2,"minecraft:apple":9,"minecraft:torch":1,"mysticalagriculture:inferium_essence":2,"minecraft:wooden_axe":2,"minecraft:leather_boots":1,"minecraft:zombie_head":1},"minecraft:used":{"minecraft:wheat_seeds":122,"epicfight:skillbook":4,"minecraft:stone_sword":85,"minecraft:birch_planks":17,"minecraft:bundle":1,"minecraft:wooden_pickaxe":61,"minecraft:iron_sword":1,"minecraft:leather_boots":1,"minecraft:torch":1,"minecraft:dirt":21,"minecraft:crafting_table":2,"minecraft:flower_pot":1,"minecraft:apple":15,"minecraft:bread":7,"minecraft:birch_sapling":6,"soulslikeuniverse:estusflask":5,"minecraft:stone_axe":52,"minecraft:cobblestone":2,"minecraft:potion":6,"minecraft:egg":1,"soulslikeuniverse:dagger":19},"minecraft:mined":{"minecraft:white_bed":2,"minecraft:potted_lily_of_the_valley":1,"biomesoplenty:bush":3,"minecraft:grass_block":14,"minecraft:birch_planks":3,"minecraft:wheat":158,"minecraft:birch_log":1,"treechop:chopped_log":4,"minecraft:bee_nest":1,"minecraft:grass":4,"minecraft:zombie_head":1,"minecraft:dirt":13,"minecraft:stone":6,"minecraft:stone_bricks":3,"biomesoplenty:reed":1}},"DataVersion":3465}