{"stats":{"minecraft:custom":{"minecraft:time_since_rest":7302,"minecraft:play_time":7302,"minecraft:sprint_one_cm":9367,"minecraft:damage_taken":283,"minecraft:walk_one_cm":13586,"minecraft:sneak_time":62,"minecraft:walk_under_water_one_cm":10047,"minecraft:mob_kills":4,"minecraft:drop":5,"minecraft:jump":44,"minecraft:damage_dealt":1188,"minecraft:walk_on_water_one_cm":2789,"minecraft:time_since_death":7302,"minecraft:total_world_time":7302,"minecraft:swim_one_cm":2119,"minecraft:fall_one_cm":840,"minecraft:fly_one_cm":5590},"minecraft:picked_up":{"born_in_chaos_v1:corpse_maggot":2,"minecraft:leather_boots":1,"minecraft:stone_sword":1,"minecraft:rotten_flesh":4,"minecraft:apple":9,"minecraft:torch":1,"mysticalagriculture:inferium_essence":1,"pointblank:gunmetal_nugget":1,"minecraft:bread":7},"minecraft:killed":{"minecraft:zombie":2,"born_in_chaos_v1:corpse_fly":1,"born_in_chaos_v1:zombie_bruiser":1},"minecraft:dropped":{"minecraft:bread":7,"minecraft:apple":9,"minecraft:stone_sword":1,"minecraft:torch":1,"minecraft:leather_boots":1},"minecraft:used":{"minecraft:stone_sword":19,"epicfight:skillbook":4,"minecraft:apple":5,"minecraft:bundle":1,"soulslikeuniverse:dagger":12,"soulslikeuniverse:estusflask":1,"minecraft:leather_boots":1}},"DataVersion":3465}