{"stats":{"minecraft:broken":{"toughasnails:water_canteen":1,"minecraft:leather_boots":1},"minecraft:dropped":{"minecraft:bread":7,"minecraft:apple":9,"minecraft:stone_sword":1,"minecraft:torch":1,"minecraft:leather_boots":1},"minecraft:custom":{"minecraft:time_since_rest":5466,"minecraft:walk_one_cm":15791,"minecraft:crouch_one_cm":221,"minecraft:play_time":11257,"minecraft:sprint_one_cm":12981,"minecraft:damage_taken":2044,"minecraft:deaths":6,"minecraft:sneak_time":142,"minecraft:walk_under_water_one_cm":5871,"minecraft:drop":5,"minecraft:jump":149,"minecraft:walk_on_water_one_cm":8257,"minecraft:time_since_death":5405,"minecraft:total_world_time":11257,"minecraft:swim_one_cm":42515,"minecraft:fall_one_cm":6918,"minecraft:fly_one_cm":21980},"minecraft:used":{"toughasnails:water_canteen":9,"croptopia:taco":2,"minecraft:bundle":1,"toughasnails:purified_water_canteen":5,"wom:diamond_staff":2},"minecraft:picked_up":{"minecraft:stick":2,"minecraft:leather_boots":1,"toughasnails:purified_water_canteen":2,"minecraft:stone_sword":1,"minecraft:apple":9,"minecraft:torch":1,"minecraft:bread":7,"origins:orb_of_origin":1,"croptopia:taco":32,"wom:diamond_staff":1},"minecraft:mined":{"gravestone:gravestone":6,"biomesoplenty:sprout":1,"minecraft:oak_leaves":1,"minecraft:grass":1}},"DataVersion":3465}