{"stats":{"minecraft:broken":{"toughasnails:water_canteen":1,"minecraft:leather_boots":1},"minecraft:crafted":{"minecraft:spruce_planks":32,"biomesoplenty:willow_planks":28},"minecraft:killed":{"minecraft:zombie":1,"born_in_chaos_v1:firelight_not_despawn":1},"minecraft:dropped":{"minecraft:bread":7,"minecraft:wheat_seeds":1,"minecraft:stone_sword":1,"minecraft:torch":2,"minecraft:leather_boots":1,"minecraft:apple":9,"biomesoplenty:willow_log":1},"minecraft:custom":{"minecraft:time_since_rest":17466,"minecraft:sprint_one_cm":37991,"minecraft:damage_taken":2214,"minecraft:walk_one_cm":31293,"minecraft:mob_kills":2,"minecraft:drop":8,"minecraft:damage_dealt":247,"minecraft:swim_one_cm":42515,"minecraft:interact_with_crafting_table":6,"minecraft:fly_one_cm":42181,"minecraft:crouch_one_cm":439,"minecraft:play_time":23257,"minecraft:deaths":6,"minecraft:sneak_time":204,"minecraft:walk_under_water_one_cm":6781,"minecraft:boat_one_cm":72907,"minecraft:jump":274,"minecraft:damage_dealt_resisted":0,"minecraft:time_since_death":17405,"minecraft:walk_on_water_one_cm":11076,"minecraft:climb_one_cm":50,"minecraft:total_world_time":23257,"minecraft:fall_one_cm":10187},"minecraft:used":{"minecraft:wooden_axe":18,"biomesoplenty:willow_chest_boat":2,"minecraft:bundle":1,"wom:diamond_staff":7,"soulslikeuniverse:estusflask":1,"toughasnails:water_canteen":9,"minecraft:dirt":4,"croptopia:taco":4,"minecraft:crafting_table":2,"toughasnails:purified_water_canteen":5,"biomesoplenty:willow_boat":2},"minecraft:mined":{"minecraft:fire":1,"treechop:chopped_log":2,"minecraft:crafting_table":2,"gravestone:gravestone":6,"minecraft:grass":1,"iceandfire:ghost_chest":1,"minecraft:grass_block":10,"minecraft:dirt":6,"biomesoplenty:sprout":1,"biomesoplenty:willow_log":1,"minecraft:oak_leaves":1,"minecraft:fern":2},"minecraft:picked_up":{"minecraft:wooden_axe":1,"wom:diamond_staff":2,"minecraft:stick":5,"minecraft:crafting_table":2,"toughasnails:purified_water_canteen":3,"minecraft:clock":2,"patchouli:guide_book":1,"minecraft:torch":1,"epicfight:skillbook":2,"minecraft:enchanted_book":2,"gravestone:obituary":3,"biomesoplenty:willow_boat":3,"minecraft:spruce_sapling":10,"minecraft:map":18,"minecraft:spruce_log":8,"croptopia:taco":60,"origins:orb_of_origin":1,"alexsmobs:animal_dictionary":1,"iceandfire:manuscript":12,"minecraft:dirt":4,"minecraft:compass":2,"biomesoplenty:willow_planks":12,"toughasnails:empty_canteen":1,"minecraft:bone":18,"minecraft:leather_boots":1,"born_in_chaos_v1:fire_dust":2,"minecraft:stone_sword":1,"biomesoplenty:willow_log":8,"minecraft:apple":18,"soulslikeuniverse:estusflask":4,"minecraft:wheat_seeds":1,"biomesoplenty:willow_sapling":3,"minecraft:spruce_planks":24,"weaponmaster:tutorialbook":1,"soulslikeuniverse:dagger":1,"minecraft:bread":14}},"DataVersion":3465}