{"stats":{"minecraft:broken":{"minecraft:leather_boots":1,"toughasnails:water_canteen":1},"minecraft:crafted":{"minecraft:spruce_planks":32,"biomesoplenty:willow_planks":28,"minecraft:air":0,"biomesoplenty:fir_planks":48,"minecraft:charcoal":1,"minecraft:ladder":15},"minecraft:killed":{"minecraft:spider":1,"minecraft:creeper":1,"vampirism:hunter":1,"minecraft:zombie":2,"born_in_chaos_v1:dread_hound":1,"iceandfire:siren":1,"born_in_chaos_v1:firelight_not_despawn":1},"minecraft:dropped":{"minecraft:bread":7,"minecraft:wheat_seeds":1,"minecraft:stone_sword":1,"minecraft:apple":9,"biomesoplenty:willow_log":1,"minecraft:torch":2,"minecraft:leather_boots":1},"minecraft:custom":{"minecraft:interact_with_furnace":4,"minecraft:mob_kills":8,"minecraft:interact_with_crafting_table":21,"minecraft:damage_dealt_resisted":13,"minecraft:time_since_death":5399,"minecraft:climb_one_cm":4533,"minecraft:time_since_rest":5429,"minecraft:sprint_one_cm":101651,"minecraft:damage_taken":4353,"minecraft:walk_one_cm":136850,"minecraft:drop":8,"minecraft:damage_dealt":2467,"minecraft:swim_one_cm":44178,"minecraft:fly_one_cm":151743,"minecraft:open_chest":31,"minecraft:crouch_one_cm":663,"minecraft:play_time":65257,"minecraft:deaths":9,"minecraft:sneak_time":250,"minecraft:walk_under_water_one_cm":12305,"minecraft:boat_one_cm":264348,"minecraft:jump":1531,"minecraft:walk_on_water_one_cm":23198,"minecraft:total_world_time":65257,"minecraft:fall_one_cm":36530},"minecraft:used":{"minecraft:bundle":1,"minecraft:stone_pickaxe":18,"minecraft:ladder":3,"biomesoplenty:willow_planks":4,"minecraft:spruce_planks":14,"minecraft:wooden_pickaxe":12,"biomesoplenty:fir_planks":95,"toughasnails:water_canteen":9,"minecraft:torch":4,"minecraft:dirt":6,"croptopia:taco":6,"minecraft:crafting_table":4,"wom:stone_staff":68,"biomesoplenty:willow_boat":2,"minecraft:spruce_boat":1,"minecraft:wooden_axe":39,"biomesoplenty:willow_chest_boat":2,"minecraft:melon_slice":1,"wom:diamond_staff":34,"soulslikeuniverse:estusflask":5,"minecraft:stone_axe":51,"minecraft:cobblestone":47,"minecraft:furnace":1,"toughasnails:purified_water_canteen":5},"minecraft:mined":{"minecraft:spruce_planks":7,"minecraft:crafting_table":3,"gravestone:gravestone":7,"biomesoplenty:fir_planks":19,"minecraft:grass_block":14,"iceandfire:ghost_chest":1,"minecraft:cobblestone":6,"biomesoplenty:sprout":4,"biomesoplenty:willow_log":1,"biomesoplenty:willow_planks":3,"minecraft:fire":1,"minecraft:pumpkin":10,"treechop:chopped_log":4,"minecraft:grass":3,"minecraft:dirt":8,"minecraft:stone":24,"minecraft:oak_leaves":2,"minecraft:fern":2},"minecraft:picked_up":{"minecraft:wooden_axe":1,"wom:diamond_staff":2,"minecraft:crafting_table":3,"minecraft:air":0,"minecraft:clock":2,"born_in_chaos_v1:monster_flesh":1,"biomesoplenty:orange_autumn_sapling":11,"biomesoplenty:fir_log":12,"minecraft:enchanted_book":2,"gravestone:obituary":4,"minecraft:gunpowder":2,"minecraft:shield":1,"croptopia:taco":92,"minecraft:map":18,"iceandfire:manuscript":12,"minecraft:string":1,"minecraft:dirt":90,"born_in_chaos_v1:monster_skin":1,"minecraft:leather_boots":1,"minecraft:compass":2,"minecraft:bone":18,"minecraft:apple":19,"minecraft:kelp":2,"biomesoplenty:willow_planks":14,"minecraft:wheat_seeds":1,"biomesoplenty:fir_planks":19,"minecraft:spruce_planks":31,"weaponmaster:tutorialbook":1,"minecraft:egg":1,"minecraft:stick":8,"apotheosis:gem":1,"toughasnails:purified_water_canteen":3,"minecraft:pumpkin":10,"epicfight:stone_greatsword":1,"patchouli:guide_book":1,"minecraft:torch":1,"epicfight:skillbook":2,"minecraft:spruce_sapling":10,"biomesoplenty:willow_boat":3,"minecraft:spruce_log":8,"origins:orb_of_origin":1,"minecraft:dark_oak_log":23,"minecraft:prismarine_crystals":4,"alexsmobs:animal_dictionary":1,"toughasnails:empty_canteen":1,"minecraft:stone_sword":1,"minecraft:rotten_flesh":2,"biomesoplenty:willow_log":8,"born_in_chaos_v1:fire_dust":2,"soulslikeuniverse:estusflask":4,"biomesoplenty:willow_sapling":3,"soulslikeuniverse:dagger":1,"minecraft:bread":14,"minecraft:cobblestone":30},"minecraft:killed_by":{"minecraft:zombie":1}},"DataVersion":3465}