{"stats":{"minecraft:broken":{"minecraft:leather_boots":1,"toughasnails:water_canteen":1},"minecraft:crafted":{"minecraft:spruce_planks":32,"biomesoplenty:willow_planks":28,"biomesoplenty:fir_planks":48},"minecraft:killed":{"vampirism:hunter":1,"minecraft:zombie":1,"iceandfire:siren":1,"born_in_chaos_v1:firelight_not_despawn":1},"minecraft:dropped":{"minecraft:bread":7,"minecraft:wheat_seeds":1,"minecraft:stone_sword":1,"minecraft:apple":9,"biomesoplenty:willow_log":1,"minecraft:torch":2,"minecraft:leather_boots":1},"minecraft:custom":{"minecraft:mob_kills":4,"minecraft:interact_with_crafting_table":17,"minecraft:damage_dealt_resisted":0,"minecraft:time_since_death":8564,"minecraft:climb_one_cm":50,"minecraft:time_since_rest":8598,"minecraft:sprint_one_cm":65460,"minecraft:damage_taken":3417,"minecraft:walk_one_cm":71591,"minecraft:drop":8,"minecraft:damage_dealt":1400,"minecraft:swim_one_cm":43659,"minecraft:fly_one_cm":99066,"minecraft:open_chest":7,"minecraft:crouch_one_cm":567,"minecraft:play_time":47257,"minecraft:deaths":8,"minecraft:sneak_time":238,"minecraft:walk_under_water_one_cm":12205,"minecraft:boat_one_cm":264348,"minecraft:jump":1204,"minecraft:walk_on_water_one_cm":21143,"minecraft:total_world_time":47257,"minecraft:fall_one_cm":24572},"minecraft:used":{"minecraft:bundle":1,"biomesoplenty:willow_planks":4,"minecraft:spruce_planks":14,"minecraft:wooden_pickaxe":12,"toughasnails:water_canteen":9,"minecraft:dirt":4,"croptopia:taco":4,"minecraft:crafting_table":4,"biomesoplenty:willow_boat":2,"minecraft:spruce_boat":1,"minecraft:wooden_axe":39,"biomesoplenty:willow_chest_boat":2,"wom:diamond_staff":34,"soulslikeuniverse:estusflask":5,"toughasnails:purified_water_canteen":5},"minecraft:mined":{"minecraft:spruce_planks":7,"minecraft:crafting_table":3,"gravestone:gravestone":6,"minecraft:grass_block":10,"iceandfire:ghost_chest":1,"biomesoplenty:sprout":1,"biomesoplenty:willow_log":1,"biomesoplenty:willow_planks":3,"minecraft:fire":1,"treechop:chopped_log":2,"minecraft:grass":2,"minecraft:dirt":6,"minecraft:stone":12,"minecraft:oak_leaves":2,"minecraft:fern":2},"minecraft:picked_up":{"minecraft:wooden_axe":1,"wom:diamond_staff":2,"minecraft:crafting_table":3,"minecraft:clock":2,"biomesoplenty:fir_log":12,"minecraft:enchanted_book":2,"gravestone:obituary":4,"croptopia:taco":60,"minecraft:map":18,"iceandfire:manuscript":12,"minecraft:dirt":84,"minecraft:leather_boots":1,"minecraft:compass":2,"minecraft:bone":18,"minecraft:apple":18,"minecraft:kelp":2,"biomesoplenty:willow_planks":14,"minecraft:wheat_seeds":1,"minecraft:spruce_planks":31,"weaponmaster:tutorialbook":1,"minecraft:egg":1,"minecraft:stick":5,"toughasnails:purified_water_canteen":3,"patchouli:guide_book":1,"minecraft:torch":1,"epicfight:skillbook":2,"minecraft:spruce_sapling":10,"biomesoplenty:willow_boat":3,"minecraft:spruce_log":8,"origins:orb_of_origin":1,"minecraft:prismarine_crystals":4,"alexsmobs:animal_dictionary":1,"toughasnails:empty_canteen":1,"minecraft:stone_sword":1,"biomesoplenty:willow_log":8,"born_in_chaos_v1:fire_dust":2,"soulslikeuniverse:estusflask":4,"biomesoplenty:willow_sapling":3,"soulslikeuniverse:dagger":1,"minecraft:bread":14,"minecraft:cobblestone":12}},"DataVersion":3465}