{"stats":{"minecraft:custom":{"minecraft:time_since_rest":12442,"minecraft:waystone_activated":1,"minecraft:crouch_one_cm":344,"minecraft:sprint_one_cm":33104,"minecraft:play_time":12442,"minecraft:damage_taken":101,"minecraft:walk_one_cm":20607,"minecraft:sneak_time":129,"minecraft:walk_under_water_one_cm":37,"minecraft:damage_dealt_resisted":0,"minecraft:jump":192,"minecraft:damage_dealt":45,"minecraft:leave_game":2,"minecraft:walk_on_water_one_cm":1031,"minecraft:time_since_death":12442,"minecraft:total_world_time":12442,"minecraft:swim_one_cm":1135,"minecraft:interact_with_crafting_table":2,"minecraft:fall_one_cm":4416,"minecraft:fly_one_cm":41473},"minecraft:picked_up":{"croptopia:steamed_clams":14,"minecraft:potion":16,"minecraft:oak_log":7,"minecraft:cobblestone":52},"minecraft:crafted":{"minecraft:oak_planks":28},"minecraft:used":{"minecraft:cobblestone":15,"minecraft:crafting_table":1,"minecraft:stone_pickaxe":4,"soulslikeuniverse:dagger":1},"minecraft:mined":{"minecraft:grass":1,"minecraft:oak_log":7,"minecraft:dirt":1,"minecraft:tall_grass":1,"minecraft:cobblestone":4,"minecraft:stone":48,"minecraft:oak_leaves":5}},"DataVersion":3465}