{"stats":{"minecraft:mined":{"treechop:chopped_log":1,"minecraft:grass_block":3,"minecraft:sand":25,"minecraft:dirt":7,"minecraft:stone":12,"minecraft:sandstone":4},"minecraft:used":{"epicfight:skillbook":1,"minecraft:stone_sword":4,"minecraft:bundle":1,"minecraft:bread":3,"minecraft:wooden_shovel":31,"minecraft:cobblestone":1,"minecraft:crafting_table":1},"minecraft:custom":{"minecraft:time_since_rest":14683,"minecraft:walk_one_cm":34632,"minecraft:sprint_one_cm":13369,"minecraft:damage_taken":308,"minecraft:mob_kills":2,"minecraft:drop":5,"minecraft:damage_dealt":449,"minecraft:interact_with_crafting_table":2,"minecraft:fly_one_cm":8261,"minecraft:crouch_one_cm":573,"minecraft:play_time":14683,"minecraft:sneak_time":116,"minecraft:jump":74,"minecraft:time_since_death":14683,"minecraft:total_world_time":14683,"minecraft:fall_one_cm":753},"minecraft:crafted":{"minecraft:oak_planks":24},"minecraft:dropped":{"minecraft:bread":7,"minecraft:stone_sword":1,"minecraft:torch":1,"minecraft:leather_boots":1,"minecraft:apple":9},"minecraft:killed":{"born_in_chaos_v1:corpse_fly":1,"born_in_chaos_v1:decrepit_skeleton":1},"minecraft:picked_up":{"born_in_chaos_v1:corpse_maggot":4,"minecraft:stick":3,"minecraft:sandstone":4,"minecraft:air":0,"born_in_chaos_v1:shattered_skull":1,"minecraft:torch":2,"pointblank:gunmetal_nugget":14,"minecraft:sand":25,"minecraft:oak_log":6,"minecraft:dirt":10,"minecraft:iron_hoe":2,"minecraft:leather_boots":1,"minecraft:stone_sword":2,"minecraft:bone":2,"croptopia:persimmon":2,"minecraft:rotten_flesh":4,"minecraft:apple":9,"soulslikeuniverse:estusflask":2,"mysticalagriculture:inferium_essence":1,"minecraft:bread":7,"minecraft:oak_sapling":1,"minecraft:cobblestone":12}},"DataVersion":3465}