{"stats":{"minecraft:custom":{"minecraft:time_since_rest":17982,"minecraft:waystone_activated":1,"minecraft:sprint_one_cm":122664,"minecraft:damage_taken":609,"minecraft:walk_one_cm":96932,"minecraft:mob_kills":2,"minecraft:damage_dealt":351,"minecraft:swim_one_cm":1135,"minecraft:interact_with_crafting_table":2,"minecraft:fly_one_cm":95703,"minecraft:open_chest":10,"minecraft:crouch_one_cm":9448,"minecraft:play_time":37038,"minecraft:sneak_time":2647,"minecraft:walk_under_water_one_cm":37,"minecraft:jump":528,"minecraft:damage_dealt_resisted":0,"minecraft:leave_game":2,"minecraft:time_since_death":37038,"minecraft:walk_on_water_one_cm":1186,"minecraft:sleep_in_bed":2,"minecraft:total_world_time":37038,"minecraft:climb_one_cm":152,"minecraft:fall_one_cm":13453},"minecraft:picked_up":{"minecraft:scaffolding":1,"born_in_chaos_v1:monster_flesh":1,"minecraft:potion":16,"pointblank:gunmetal_nugget":6,"minecraft:oak_log":7,"minecraft:dirt":19,"roughtweaks:bandage":1,"minecraft:brown_carpet":1,"born_in_chaos_v1:monster_skin":1,"minecraft:bone":1,"soulslikeuniverse:estusflask":2,"croptopia:steamed_clams":14,"minecraft:stone_bricks":12,"minecraft:glass_bottle":3,"minecraft:sugar_cane":1,"minecraft:cobblestone":130},"minecraft:killed":{"born_in_chaos_v1:dread_hound":1},"minecraft:crafted":{"minecraft:oak_planks":28},"minecraft:used":{"minecraft:water_bucket":1,"croptopia:steamed_clams":2,"minecraft:stone_pickaxe":47,"soulslikeuniverse:estusflask":2,"minecraft:stone_bricks":5,"minecraft:potion":3,"minecraft:cobblestone":123,"minecraft:brown_carpet":1,"minecraft:scaffolding":1,"minecraft:crafting_table":1,"minecraft:bucket":2,"soulslikeuniverse:dagger":12},"minecraft:mined":{"minecraft:white_carpet":1,"minecraft:grass":1,"minecraft:grass_block":7,"minecraft:oak_log":7,"minecraft:dirt":5,"minecraft:tall_grass":1,"minecraft:cobblestone":38,"minecraft:stone":108,"minecraft:stone_bricks":9,"minecraft:oak_leaves":5}},"DataVersion":3465}