{"stats":{"minecraft:mined":{"treechop:chopped_log":1,"minecraft:grass":1},"minecraft:used":{"minecraft:water_bucket":2,"minecraft:bundle":1,"minecraft:rotten_flesh":4,"minecraft:bucket":3,"alexsmobs:animal_dictionary":1,"soulslikeuniverse:dagger":28,"minecraft:milk_bucket":1},"minecraft:custom":{"minecraft:time_since_rest":15324,"minecraft:sprint_one_cm":22973,"minecraft:damage_taken":924,"minecraft:walk_one_cm":50379,"minecraft:mob_kills":3,"minecraft:drop":5,"minecraft:damage_dealt":996,"minecraft:fly_one_cm":20364,"minecraft:crouch_one_cm":647,"minecraft:play_time":15324,"minecraft:sneak_time":67,"minecraft:jump":178,"minecraft:damage_dealt_resisted":0,"minecraft:leave_game":1,"minecraft:walk_on_water_one_cm":466,"minecraft:time_since_death":15324,"minecraft:total_world_time":15324,"minecraft:fall_one_cm":4497},"minecraft:broken":{"roughtweaks:salve":1},"minecraft:dropped":{"minecraft:bread":7,"minecraft:stone_sword":1,"minecraft:torch":1,"minecraft:leather_boots":1,"minecraft:apple":9},"minecraft:killed":{"minecraft:zombie":2,"born_in_chaos_v1:decrepit_skeleton":1},"minecraft:picked_up":{"minecraft:stick":2,"minecraft:milk_bucket":1,"croptopia:tomatillo_seed":2,"minecraft:torch":1,"minecraft:potion":6,"pointblank:gunmetal_nugget":13,"minecraft:oak_log":8,"roughtweaks:salve":1,"minecraft:leather_boots":1,"minecraft:stone_sword":1,"croptopia:persimmon":6,"minecraft:bone":6,"usefulslime:slime_boots":1,"minecraft:rotten_flesh":4,"minecraft:apple":9,"mysticalagriculture:inferium_essence":1,"croptopia:tomatillo":1,"minecraft:bread":7,"soulslikeuniverse:repairstone":1,"minecraft:oak_sapling":4,"usefulslime:slime_sling":1,"alexsmobs:flying_fish":1}},"DataVersion":3465}