{"stats":{"minecraft:broken":{"minecraft:stone_sword":1,"toughasnails:water_canteen":1,"minecraft:golden_pickaxe":1,"toughasnails:purified_water_canteen":1},"minecraft:crafted":{"minecraft:oak_planks":77,"minecraft:stick":20,"minecraft:torch":72},"minecraft:killed":{"minecraft:cave_spider":1,"alexsmobs:raccoon":1,"born_in_chaos_v1:baby_skeleton_minion":1,"minecraft:skeleton":2,"born_in_chaos_v1:firelight_not_despawn":1,"born_in_chaos_v1:decrepit_skeleton":2,"minecraft:zombie":8,"iceandfire:ghost":1,"born_in_chaos_v1:corpse_fly":1,"minecraft:cow":5},"minecraft:dropped":{"minecraft:bread":7,"minecraft:wheat_seeds":1,"minecraft:oak_log":9,"weaponmaster:tutorialbook":1,"biomesoplenty:maple_sapling":9,"minecraft:cobblestone":14,"minecraft:leather":8,"biomesoplenty:cattail":1,"minecraft:apple":9,"croptopia:raspberry":1,"minecraft:item_frame":3,"minecraft:stick":1,"born_in_chaos_v1:monster_flesh":1,"minecraft:dirt":3,"croptopia:grape_seed":2,"minecraft:torch":11,"minecraft:wooden_axe":1,"gravestone:obituary":5,"minecraft:golden_hoe":1,"minecraft:sand":2,"minecraft:armor_stand":4,"minecraft:bone":2,"minecraft:stone_sword":1,"alexsmobs:animal_dictionary":1,"soulslikeuniverse:repairstone":1,"soulslikeuniverse:dagger":1,"minecraft:rotten_flesh":1,"patchouli:guide_book":1,"minecraft:flint_and_steel":1,"minecraft:spruce_planks":1,"minecraft:bundle":1,"minecraft:iron_chestplate":1,"minecraft:leather_boots":2,"minecraft:carved_pumpkin":1,"minecraft:arrow":1,"minecraft:bow":1,"minecraft:egg":1},"minecraft:custom":{"minecraft:mob_kills":24,"minecraft:interact_with_crafting_table":4,"minecraft:open_barrel":2,"minecraft:damage_dealt_resisted":882,"minecraft:time_since_death":3197,"minecraft:climb_one_cm":1616,"minecraft:damage_resisted":0,"minecraft:sprint_one_cm":231095,"minecraft:walk_one_cm":233026,"minecraft:drop":53,"minecraft:talked_to_villager":1,"minecraft:play_time":80053,"minecraft:deaths":5,"minecraft:sneak_time":1318,"minecraft:walk_under_water_one_cm":6112,"minecraft:jump":2416,"minecraft:walk_on_water_one_cm":13214,"minecraft:total_world_time":80053,"minecraft:time_since_rest":3260,"minecraft:damage_taken":4198,"minecraft:trigger_trapped_chest":1,"minecraft:damage_dealt":5482,"minecraft:swim_one_cm":14480,"minecraft:fly_one_cm":869732,"minecraft:open_chest":25,"minecraft:crouch_one_cm":7031,"minecraft:fall_one_cm":23120},"minecraft:used":{"minecraft:stone_sword":142,"croptopia:taco":8,"toughasnails:empty_canteen":2,"minecraft:spruce_fence":1,"minecraft:wooden_axe":26,"minecraft:iron_axe":64,"soulslikeuniverse:estusflask":9,"born_in_chaos_v1:gnawed_bones":1,"minecraft:golden_sword":2,"epicfight:skillbook":5,"minecraft:water_bucket":11,"croptopia:tomato":1,"minecraft:bundle":1,"toughasnails:water_canteen":7,"minecraft:crafting_table":1,"minecraft:bread":10,"minecraft:iron_pickaxe":2,"toughasnails:purified_water_canteen":5,"minecraft:bucket":12,"minecraft:golden_pickaxe":32},"minecraft:mined":{"croptopia:pepper_crop":1,"minecraft:spruce_planks":1,"minecraft:white_bed":1,"croptopia:grape_crop":1,"gravestone:gravestone":5,"minecraft:grass_block":3,"minecraft:spruce_fence":1,"biomesoplenty:cattail":1,"croptopia:corn_crop":2,"croptopia:blueberry_crop":1,"treechop:chopped_log":6,"iceandfire:gold_pile":2,"minecraft:bookshelf":2,"minecraft:vine":1,"minecraft:stone":14,"minecraft:white_wool":4,"minecraft:crafting_table":2,"croptopia:raspberry_crop":1,"minecraft:tall_grass":2,"biomesoplenty:sprout":5,"minecraft:tnt":3,"croptopia:tomato_crop":1,"minecraft:grass":14,"minecraft:coal_ore":18,"croptopia:blackberry_crop":2,"minecraft:cyan_carpet":1,"minecraft:sand":2,"minecraft:cobweb":2,"minecraft:fern":5,"biomesoplenty:reed":1,"croptopia:cabbage_crop":1},"minecraft:picked_up":{"minecraft:crafting_table":2,"minecraft:iron_chestplate":5,"croptopia:peach":12,"croptopia:grape_seed":4,"croptopia:cabbage_seed":2,"minecraft:string":4,"minecraft:iron_axe":1,"minecraft:item_frame":3,"minecraft:iron_leggings":3,"minecraft:armor_stand":4,"croptopia:soybean":1,"minecraft:cyan_carpet":1,"minecraft:gold_nugget":50,"minecraft:spruce_planks":1,"minecraft:beef":11,"born_in_chaos_v1:gnawed_bones":1,"croptopia:pepper_seed":1,"minecraft:iron_pickaxe":2,"croptopia:blueberry":1,"minecraft:iron_boots":4,"minecraft:egg":1,"minecraft:stick":1,"croptopia:corn_seed":3,"croptopia:soybean_seed":2,"minecraft:torch":2,"minecraft:spruce_fence":1,"epicfight:skillbook":2,"minecraft:cookie":1,"minecraft:carrot":1,"croptopia:grape":1,"minecraft:tnt":2,"minecraft:rotten_flesh":1,"minecraft:stone_sword":1,"minecraft:arrow":2,"soulslikeuniverse:estusflask":6,"biomesoplenty:cattail":1,"minecraft:pumpkin_pie":1,"minecraft:carved_pumpkin":1,"soulslikeuniverse:repairstone":1,"croptopia:cabbage":1,"minecraft:white_wool":2,"minecraft:cobblestone":28,"born_in_chaos_v1:monster_flesh":1,"minecraft:leather":16,"minecraft:oak_log":36,"iceandfire:ectoplasm":1,"croptopia:taco":32,"croptopia:blueberry_seed":2,"minecraft:dirt":3,"minecraft:leather_boots":1,"minecraft:bone":2,"croptopia:corn":2,"minecraft:apple":11,"minecraft:bow":2,"minecraft:wheat_seeds":1,"croptopia:raspberry":2,"croptopia:tomato":1,"usefulslime:slime_sling":1,"minecraft:book":6,"toughasnails:purified_water_canteen":1,"croptopia:blackberry":1,"minecraft:sand":2,"minecraft:white_bed":1,"biomesoplenty:maple_sapling":9,"usefulslime:slime_boots":1,"minecraft:iron_helmet":3,"minecraft:bread":7,"minecraft:oak_sapling":1,"minecraft:coal":18},"minecraft:killed_by":{"minecraft:zombie":1}},"DataVersion":3465}