{"stats":{"minecraft:broken":{"minecraft:golden_pickaxe":1},"minecraft:crafted":{"minecraft:oak_planks":32,"minecraft:stick":20},"minecraft:killed":{"minecraft:skeleton":1,"minecraft:zombie":2,"minecraft:cow":5},"minecraft:dropped":{"minecraft:bread":7,"minecraft:wheat_seeds":1,"minecraft:stone_sword":1,"alexsmobs:animal_dictionary":1,"weaponmaster:tutorialbook":1,"soulslikeuniverse:dagger":1,"biomesoplenty:maple_sapling":9,"minecraft:apple":9,"patchouli:guide_book":1,"minecraft:bundle":1,"minecraft:torch":2,"minecraft:spruce_planks":1,"minecraft:leather_boots":2,"minecraft:sand":2,"minecraft:bow":1},"minecraft:custom":{"minecraft:mob_kills":8,"minecraft:interact_with_crafting_table":1,"minecraft:time_since_death":14053,"minecraft:climb_one_cm":373,"minecraft:time_since_rest":14053,"minecraft:damage_taken":357,"minecraft:sprint_one_cm":26604,"minecraft:walk_one_cm":26644,"minecraft:trigger_trapped_chest":1,"minecraft:drop":17,"minecraft:damage_dealt":1102,"minecraft:swim_one_cm":3344,"minecraft:fly_one_cm":136292,"minecraft:open_chest":1,"minecraft:crouch_one_cm":306,"minecraft:play_time":14053,"minecraft:sneak_time":58,"minecraft:walk_under_water_one_cm":1761,"minecraft:jump":316,"minecraft:walk_on_water_one_cm":1433,"minecraft:total_world_time":14053,"minecraft:fall_one_cm":1029},"minecraft:used":{"epicfight:skillbook":4,"minecraft:stone_sword":32,"minecraft:bundle":1,"minecraft:crafting_table":1,"minecraft:wooden_axe":26,"soulslikeuniverse:estusflask":3,"minecraft:bucket":1,"minecraft:golden_pickaxe":32},"minecraft:mined":{"croptopia:pepper_crop":1,"minecraft:spruce_planks":1,"minecraft:crafting_table":2,"croptopia:raspberry_crop":1,"biomesoplenty:sprout":5,"croptopia:corn_crop":1,"minecraft:tnt":3,"treechop:chopped_log":5,"croptopia:tomato_crop":1,"minecraft:grass":2,"minecraft:coal_ore":18,"minecraft:sand":2,"minecraft:cobweb":1,"minecraft:stone":14,"minecraft:fern":1},"minecraft:picked_up":{"minecraft:crafting_table":2,"minecraft:leather":8,"minecraft:oak_log":29,"croptopia:taco":32,"minecraft:string":1,"minecraft:leather_boots":1,"croptopia:soybean":1,"croptopia:corn":1,"minecraft:apple":9,"minecraft:bow":2,"minecraft:wheat_seeds":1,"minecraft:spruce_planks":1,"minecraft:beef":11,"croptopia:raspberry":1,"croptopia:pepper_seed":1,"croptopia:tomato":1,"usefulslime:slime_sling":1,"minecraft:egg":1,"minecraft:stick":1,"toughasnails:purified_water_canteen":1,"croptopia:corn_seed":1,"croptopia:soybean_seed":2,"minecraft:torch":1,"epicfight:skillbook":1,"minecraft:sand":2,"minecraft:tnt":2,"minecraft:stone_sword":1,"biomesoplenty:maple_sapling":9,"usefulslime:slime_boots":1,"minecraft:bread":7,"minecraft:coal":18,"minecraft:cobblestone":14}},"DataVersion":3465}