{"stats":{"minecraft:broken":{"minecraft:golden_pickaxe":1,"toughasnails:purified_water_canteen":1},"minecraft:crafted":{"minecraft:oak_planks":77,"minecraft:stick":20},"minecraft:killed":{"minecraft:cave_spider":1,"alexsmobs:raccoon":1,"minecraft:skeleton":2,"iceandfire:ghost":1,"minecraft:zombie":5,"born_in_chaos_v1:firelight_not_despawn":1,"minecraft:cow":5},"minecraft:dropped":{"minecraft:bread":7,"minecraft:wheat_seeds":1,"minecraft:oak_log":9,"minecraft:stone_sword":1,"alexsmobs:animal_dictionary":1,"soulslikeuniverse:repairstone":1,"weaponmaster:tutorialbook":1,"soulslikeuniverse:dagger":1,"biomesoplenty:maple_sapling":9,"minecraft:cobblestone":14,"biomesoplenty:cattail":1,"minecraft:leather":8,"croptopia:raspberry":1,"minecraft:apple":9,"patchouli:guide_book":1,"minecraft:flint_and_steel":1,"croptopia:grape_seed":2,"minecraft:bundle":1,"minecraft:torch":2,"minecraft:spruce_planks":1,"minecraft:wooden_axe":1,"minecraft:leather_boots":2,"minecraft:arrow":1,"gravestone:obituary":2,"minecraft:golden_hoe":1,"minecraft:sand":2,"minecraft:bow":1,"minecraft:bone":2,"minecraft:egg":1},"minecraft:custom":{"minecraft:mob_kills":17,"minecraft:interact_with_crafting_table":1,"minecraft:open_barrel":2,"minecraft:damage_dealt_resisted":663,"minecraft:time_since_death":3102,"minecraft:climb_one_cm":643,"minecraft:time_since_rest":3135,"minecraft:damage_taken":1265,"minecraft:sprint_one_cm":116037,"minecraft:walk_one_cm":110667,"minecraft:trigger_trapped_chest":1,"minecraft:drop":33,"minecraft:damage_dealt":2955,"minecraft:swim_one_cm":10350,"minecraft:fly_one_cm":397468,"minecraft:open_chest":2,"minecraft:crouch_one_cm":1152,"minecraft:deaths":2,"minecraft:play_time":38053,"minecraft:sneak_time":287,"minecraft:walk_under_water_one_cm":3204,"minecraft:jump":1037,"minecraft:walk_on_water_one_cm":4415,"minecraft:total_world_time":38053,"minecraft:fall_one_cm":10166},"minecraft:used":{"minecraft:water_bucket":1,"epicfight:skillbook":5,"minecraft:stone_sword":113,"croptopia:tomato":1,"minecraft:bundle":1,"toughasnails:water_canteen":2,"croptopia:taco":2,"minecraft:crafting_table":1,"toughasnails:empty_canteen":1,"minecraft:wooden_axe":26,"minecraft:iron_axe":1,"minecraft:bread":7,"soulslikeuniverse:estusflask":7,"born_in_chaos_v1:gnawed_bones":1,"minecraft:golden_sword":2,"toughasnails:purified_water_canteen":5,"minecraft:bucket":2,"minecraft:golden_pickaxe":32},"minecraft:mined":{"croptopia:pepper_crop":1,"minecraft:spruce_planks":1,"croptopia:grape_crop":1,"minecraft:crafting_table":2,"gravestone:gravestone":2,"croptopia:raspberry_crop":1,"minecraft:tall_grass":1,"biomesoplenty:sprout":5,"biomesoplenty:cattail":1,"croptopia:corn_crop":1,"croptopia:blueberry_crop":1,"minecraft:tnt":3,"treechop:chopped_log":5,"croptopia:tomato_crop":1,"minecraft:grass":6,"minecraft:coal_ore":18,"minecraft:vine":1,"croptopia:blackberry_crop":1,"minecraft:cyan_carpet":1,"minecraft:sand":2,"minecraft:cobweb":1,"minecraft:stone":14,"biomesoplenty:reed":1,"minecraft:fern":3},"minecraft:picked_up":{"minecraft:crafting_table":2,"croptopia:grape_seed":4,"minecraft:leather":16,"minecraft:oak_log":29,"iceandfire:ectoplasm":1,"croptopia:taco":32,"croptopia:blueberry_seed":2,"minecraft:string":3,"minecraft:iron_axe":1,"minecraft:leather_boots":1,"minecraft:cyan_carpet":1,"minecraft:bone":2,"croptopia:soybean":1,"croptopia:corn":1,"minecraft:apple":9,"minecraft:bow":2,"minecraft:wheat_seeds":1,"minecraft:spruce_planks":1,"minecraft:beef":11,"croptopia:raspberry":2,"born_in_chaos_v1:gnawed_bones":1,"croptopia:pepper_seed":1,"croptopia:tomato":1,"croptopia:blueberry":1,"usefulslime:slime_sling":1,"minecraft:egg":1,"minecraft:stick":1,"toughasnails:purified_water_canteen":1,"croptopia:corn_seed":1,"croptopia:soybean_seed":2,"minecraft:torch":1,"croptopia:blackberry":1,"epicfight:skillbook":2,"minecraft:sand":2,"croptopia:grape":1,"minecraft:tnt":2,"minecraft:stone_sword":1,"biomesoplenty:maple_sapling":9,"minecraft:arrow":2,"usefulslime:slime_boots":1,"soulslikeuniverse:estusflask":2,"biomesoplenty:cattail":1,"minecraft:bread":7,"soulslikeuniverse:repairstone":1,"minecraft:coal":18,"minecraft:cobblestone":28},"minecraft:killed_by":{"minecraft:zombie":1}},"DataVersion":3465}