{"stats":{"minecraft:crafted":{"minecraft:oak_planks":32},"minecraft:mined":{"minecraft:podzol":1,"minecraft:grass":2,"minecraft:melon":5,"minecraft:stone":12,"treechop:chopped_log":1,"minecraft:granite":6},"minecraft:dropped":{"minecraft:bread":7,"minecraft:apple":9,"minecraft:stone_sword":1,"minecraft:torch":1,"minecraft:leather_boots":1},"minecraft:custom":{"minecraft:open_chest":1,"minecraft:time_since_rest":11596,"minecraft:crouch_one_cm":1209,"minecraft:play_time":11596,"minecraft:sprint_one_cm":56782,"minecraft:damage_taken":270,"minecraft:walk_one_cm":35823,"minecraft:sneak_time":561,"minecraft:drop":5,"minecraft:jump":93,"minecraft:time_since_death":11596,"minecraft:total_world_time":11596,"minecraft:interact_with_crafting_table":1,"minecraft:fall_one_cm":5872,"minecraft:fly_one_cm":29437},"minecraft:picked_up":{"minecraft:stick":8,"toughasnails:purified_water_canteen":2,"minecraft:leather_boots":1,"minecraft:stone_sword":1,"minecraft:apple":10,"not_just_sandwich:porkchop_sandwich":1,"minecraft:stone_axe":1,"minecraft:torch":1,"croptopia:leek_seed":1,"minecraft:granite":6,"minecraft:oak_log":8,"minecraft:bread":7,"minecraft:melon_slice":26,"minecraft:oak_sapling":4,"minecraft:dirt":1,"minecraft:cobblestone":12},"minecraft:used":{"minecraft:bundle":1,"minecraft:bread":3,"toughasnails:purified_water_canteen":1,"minecraft:wooden_pickaxe":21}},"DataVersion":3465}