{"stats":{"minecraft:broken":{"minecraft:golden_pickaxe":1,"toughasnails:purified_water_canteen":1},"minecraft:crafted":{"minecraft:oak_planks":77,"minecraft:stick":20,"minecraft:torch":72},"minecraft:killed":{"minecraft:cave_spider":1,"alexsmobs:raccoon":1,"minecraft:skeleton":2,"iceandfire:ghost":1,"minecraft:zombie":6,"born_in_chaos_v1:firelight_not_despawn":1,"minecraft:cow":5},"minecraft:dropped":{"minecraft:bread":7,"minecraft:wheat_seeds":1,"minecraft:oak_log":9,"minecraft:stone_sword":1,"alexsmobs:animal_dictionary":1,"soulslikeuniverse:repairstone":1,"weaponmaster:tutorialbook":1,"soulslikeuniverse:dagger":1,"biomesoplenty:maple_sapling":9,"minecraft:cobblestone":14,"biomesoplenty:cattail":1,"minecraft:leather":8,"croptopia:raspberry":1,"minecraft:apple":9,"patchouli:guide_book":1,"minecraft:flint_and_steel":1,"croptopia:grape_seed":2,"minecraft:bundle":1,"minecraft:torch":2,"minecraft:spruce_planks":1,"minecraft:wooden_axe":1,"minecraft:leather_boots":2,"minecraft:arrow":1,"gravestone:obituary":4,"minecraft:golden_hoe":1,"minecraft:sand":2,"minecraft:bow":1,"minecraft:bone":2,"minecraft:egg":1},"minecraft:custom":{"minecraft:mob_kills":18,"minecraft:interact_with_crafting_table":4,"minecraft:open_barrel":2,"minecraft:damage_dealt_resisted":663,"minecraft:time_since_death":5393,"minecraft:climb_one_cm":643,"minecraft:time_since_rest":5438,"minecraft:damage_taken":2545,"minecraft:sprint_one_cm":183966,"minecraft:walk_one_cm":176576,"minecraft:trigger_trapped_chest":1,"minecraft:drop":35,"minecraft:damage_dealt":3380,"minecraft:swim_one_cm":14267,"minecraft:talked_to_villager":1,"minecraft:fly_one_cm":670926,"minecraft:open_chest":24,"minecraft:crouch_one_cm":1736,"minecraft:deaths":4,"minecraft:play_time":62053,"minecraft:sneak_time":424,"minecraft:walk_under_water_one_cm":4055,"minecraft:jump":1842,"minecraft:walk_on_water_one_cm":6314,"minecraft:total_world_time":62053,"minecraft:fall_one_cm":18023},"minecraft:used":{"minecraft:water_bucket":1,"epicfight:skillbook":5,"minecraft:stone_sword":126,"croptopia:tomato":1,"minecraft:bundle":1,"toughasnails:water_canteen":2,"croptopia:taco":8,"minecraft:crafting_table":1,"toughasnails:empty_canteen":1,"minecraft:spruce_fence":1,"minecraft:wooden_axe":26,"minecraft:iron_axe":8,"minecraft:bread":7,"soulslikeuniverse:estusflask":9,"born_in_chaos_v1:gnawed_bones":1,"minecraft:golden_sword":2,"toughasnails:purified_water_canteen":5,"minecraft:bucket":2,"minecraft:golden_pickaxe":32},"minecraft:mined":{"croptopia:pepper_crop":1,"minecraft:spruce_planks":1,"croptopia:grape_crop":1,"minecraft:crafting_table":2,"gravestone:gravestone":4,"minecraft:spruce_fence":1,"minecraft:grass_block":3,"croptopia:raspberry_crop":1,"minecraft:tall_grass":2,"biomesoplenty:sprout":5,"biomesoplenty:cattail":1,"croptopia:corn_crop":2,"croptopia:blueberry_crop":1,"minecraft:tnt":3,"treechop:chopped_log":6,"croptopia:tomato_crop":1,"minecraft:bookshelf":2,"minecraft:grass":7,"minecraft:coal_ore":18,"minecraft:vine":1,"croptopia:blackberry_crop":2,"minecraft:cyan_carpet":1,"minecraft:sand":2,"minecraft:cobweb":2,"minecraft:stone":14,"minecraft:white_wool":4,"croptopia:cabbage_crop":1,"biomesoplenty:reed":1,"minecraft:fern":5},"minecraft:picked_up":{"minecraft:crafting_table":2,"born_in_chaos_v1:monster_flesh":1,"croptopia:peach":12,"croptopia:grape_seed":4,"minecraft:leather":16,"croptopia:cabbage_seed":2,"minecraft:oak_log":36,"iceandfire:ectoplasm":1,"croptopia:taco":32,"croptopia:blueberry_seed":2,"minecraft:dirt":3,"minecraft:string":4,"minecraft:iron_axe":1,"minecraft:leather_boots":1,"minecraft:item_frame":3,"minecraft:cyan_carpet":1,"minecraft:bone":2,"croptopia:soybean":1,"croptopia:corn":2,"minecraft:apple":11,"minecraft:bow":2,"minecraft:wheat_seeds":1,"minecraft:spruce_planks":1,"minecraft:beef":11,"croptopia:raspberry":2,"born_in_chaos_v1:gnawed_bones":1,"croptopia:pepper_seed":1,"croptopia:tomato":1,"croptopia:blueberry":1,"usefulslime:slime_sling":1,"minecraft:egg":1,"minecraft:book":6,"minecraft:stick":1,"toughasnails:purified_water_canteen":1,"croptopia:corn_seed":3,"croptopia:soybean_seed":2,"minecraft:spruce_fence":1,"minecraft:torch":1,"croptopia:blackberry":1,"epicfight:skillbook":2,"minecraft:sand":2,"minecraft:cookie":1,"minecraft:carrot":1,"minecraft:pumpkin_pie":1,"croptopia:grape":1,"minecraft:tnt":2,"minecraft:stone_sword":1,"biomesoplenty:maple_sapling":9,"minecraft:arrow":2,"usefulslime:slime_boots":1,"soulslikeuniverse:estusflask":4,"biomesoplenty:cattail":1,"minecraft:white_wool":2,"minecraft:bread":7,"soulslikeuniverse:repairstone":1,"croptopia:cabbage":1,"minecraft:oak_sapling":1,"minecraft:coal":18,"minecraft:cobblestone":28},"minecraft:killed_by":{"minecraft:zombie":1}},"DataVersion":3465}