{"stats":{"minecraft:crafted":{"minecraft:oak_planks":32,"minecraft:crafting_table":1,"minecraft:air":0,"minecraft:stick":20,"minecraft:iron_ingot":3,"minecraft:iron_pickaxe":1,"minecraft:torch":76},"minecraft:mined":{"minecraft:podzol":1,"minecraft:granite":6,"minecraft:melon":5,"gobber2:gobber2_lucky_block":13,"minecraft:wall_torch":2,"minecraft:furnace":1,"minecraft:iron_ore":28,"minecraft:andesite":7,"treechop:chopped_log":1,"minecraft:grass":2,"minecraft:coal_ore":29,"minecraft:cobweb":11,"minecraft:stone":40,"minecraft:potted_red_tulip":1,"minecraft:chipped_anvil":1,"minecraft:gold_ore":1,"soulsweapons:verglas_ore":1},"minecraft:killed":{"vampirism:vampire":2,"minecraft:spider":2,"minecraft:wandering_trader":1,"vampirism:blinding_bat":1,"minecraft:zombie":1,"born_in_chaos_v1:dread_hound":1},"minecraft:dropped":{"minecraft:bread":7,"minecraft:stone_sword":1,"minecraft:apple":9,"vampirism:heart_striker_enhanced":1,"vampirism:amulet":2,"vampirism:vampire_fang":1,"minecraft:torch":1,"minecraft:andesite":14,"mysticalagriculture:inferium_essence":2,"minecraft:leather_boots":1,"minecraft:wooden_pickaxe":1,"epicfight:skillbook":1},"minecraft:custom":{"minecraft:interact_with_smithing_table":2,"minecraft:interact_with_furnace":6,"minecraft:interact_with_anvil":1,"minecraft:mob_kills":9,"minecraft:interact_with_crafting_table":6,"minecraft:open_barrel":2,"minecraft:damage_dealt_resisted":126,"minecraft:time_since_death":35596,"minecraft:sleep_in_bed":1,"minecraft:climb_one_cm":2275,"minecraft:time_since_rest":3188,"minecraft:sprint_one_cm":213712,"minecraft:damage_taken":733,"minecraft:walk_one_cm":154988,"minecraft:drop":15,"minecraft:damage_dealt":1708,"minecraft:talked_to_villager":1,"minecraft:fly_one_cm":155524,"minecraft:open_chest":1,"minecraft:crouch_one_cm":1380,"minecraft:play_time":35596,"minecraft:sneak_time":583,"minecraft:jump":473,"minecraft:total_world_time":35596,"minecraft:fall_one_cm":14760},"minecraft:picked_up":{"born_in_chaos_v1:monster_flesh":1,"minecraft:flower_pot":1,"minecraft:andesite":21,"minecraft:lead":2,"minecraft:potion":1,"minecraft:oak_log":8,"minecraft:string":10,"minecraft:dirt":1,"born_in_chaos_v1:monster_skin":1,"minecraft:leather_boots":1,"minecraft:chipped_anvil":1,"minecraft:apple":10,"not_just_sandwich:porkchop_sandwich":1,"gobber2:gobber2_gooey_beef":5,"mysticalagriculture:inferium_essence":3,"minecraft:raw_gold":1,"minecraft:bucket":1,"minecraft:melon_slice":26,"gobber2:gobber2_gooey_bread":1,"minecraft:furnace":1,"minecraft:stick":10,"minecraft:raw_iron":28,"toughasnails:purified_water_canteen":2,"minecraft:torch":3,"epicfight:skillbook":3,"minecraft:diorite":1,"vampirism:vampire_fang":3,"vampirism:amulet":2,"minecraft:spider_eye":3,"gobber2:gobber2_foo":1,"minecraft:stone_sword":1,"vampirism:blood_bottle":1,"minecraft:rotten_flesh":2,"minecraft:stone_axe":1,"not_just_sandwich:flesh":12,"croptopia:leek_seed":1,"minecraft:granite":6,"minecraft:red_tulip":1,"soulsweapons:verglas":1,"minecraft:bread":7,"minecraft:chainmail_helmet":1,"sophisticatedbackpacks:copper_backpack":1,"minecraft:oak_sapling":4,"minecraft:coal":29,"gobber2:gobber2_goo":6,"minecraft:cobblestone":39},"minecraft:used":{"epicfight:skillbook":2,"minecraft:stone_sword":48,"minecraft:bundle":1,"minecraft:stone_pickaxe":93,"minecraft:wooden_pickaxe":23,"minecraft:torch":9,"minecraft:crafting_table":1,"minecraft:bread":7,"minecraft:melon_slice":12,"minecraft:iron_pickaxe":17,"toughasnails:purified_water_canteen":10},"minecraft:broken":{"toughasnails:purified_water_canteen":2}},"DataVersion":3465}