{"stats":{"minecraft:custom":{"minecraft:open_chest":1,"minecraft:time_since_rest":15995,"minecraft:crouch_one_cm":2,"minecraft:damage_taken":236,"minecraft:play_time":15995,"minecraft:sprint_one_cm":14857,"minecraft:walk_one_cm":11699,"minecraft:sneak_time":6,"minecraft:mob_kills":1,"minecraft:drop":5,"minecraft:jump":118,"minecraft:damage_dealt":100,"minecraft:time_since_death":15995,"minecraft:total_world_time":15995,"minecraft:climb_one_cm":2430,"minecraft:talked_to_villager":1,"minecraft:fall_one_cm":269,"minecraft:fly_one_cm":27231},"minecraft:picked_up":{"minecraft:leather_boots":1,"minecraft:stone_sword":1,"usefulslime:slime_boots":1,"croptopia:steamed_clams":16,"minecraft:apple":9,"minecraft:torch":1,"mysticalagriculture:inferium_essence":1,"minecraft:birch_planks":1,"minecraft:porkchop":1,"minecraft:bread":7,"usefulslime:slime_sling":1,"minecraft:cobblestone":1,"not_just_sandwich:raw_bacon":1},"minecraft:killed":{"minecraft:pig":1},"minecraft:dropped":{"minecraft:bread":7,"minecraft:apple":9,"minecraft:stone_sword":1,"minecraft:torch":1,"minecraft:leather_boots":1},"minecraft:used":{"epicfight:skillbook":2,"minecraft:stone_sword":2,"croptopia:steamed_clams":2,"minecraft:birch_planks":1,"minecraft:bundle":1},"minecraft:mined":{"minecraft:birch_planks":1}},"DataVersion":3465}