{"stats":{"minecraft:crafted":{"minecraft:oak_planks":240,"minecraft:chest":4,"minecraft:crafting_table":1,"minecraft:air":0,"minecraft:stick":20,"minecraft:iron_ingot":3,"minecraft:iron_pickaxe":1,"minecraft:torch":76},"minecraft:mined":{"biomesoplenty:desert_grass":1,"minecraft:granite":6,"minecraft:grass_block":1,"gobber2:gobber2_lucky_block":13,"minecraft:gilded_blackstone":10,"minecraft:furnace":1,"minecraft:iron_ore":31,"minecraft:andesite":7,"treechop:chopped_log":13,"minecraft:dirt_path":2,"minecraft:stone":47,"minecraft:podzol":1,"minecraft:melon_stem":3,"minecraft:crafting_table":1,"minecraft:torch":5,"croptopia:oat_crop":1,"minecraft:blast_furnace":2,"minecraft:melon":12,"minecraft:chest":3,"minecraft:tall_grass":8,"croptopia:broccoli_crop":1,"minecraft:sugar_cane":5,"minecraft:wall_torch":2,"minecraft:wheat":155,"born_in_chaos_v1:river_mint":1,"minecraft:grass":14,"minecraft:coal_ore":41,"minecraft:sand":1,"minecraft:dirt":2,"minecraft:cobweb":12,"minecraft:acacia_planks":3,"minecraft:potted_red_tulip":1,"minecraft:gold_ore":1,"minecraft:chipped_anvil":1,"soulsweapons:verglas_ore":1},"minecraft:killed":{"vampirism:vampire":2,"born_in_chaos_v1:zombie_lumberjack":1,"minecraft:spider":2,"born_in_chaos_v1:scarlet_persecutor":1,"born_in_chaos_v1:maggot":2,"vampirism:blinding_bat":1,"minecraft:skeleton":5,"minecraft:pig":2,"minecraft:wandering_trader":1,"minecraft:zombie":3,"born_in_chaos_v1:dread_hound":1,"born_in_chaos_v1:door_knight":1,"minecraft:cow":2},"minecraft:dropped":{"minecraft:bread":7,"minecraft:iron_sword":1,"toughasnails:water_canteen":2,"minecraft:oak_slab":5,"minecraft:sandstone_stairs":4,"minecraft:feather":1,"minecraft:leather":3,"minecraft:apple":9,"minecraft:granite":6,"vampirism:amulet":2,"minecraft:yellow_carpet":2,"minecraft:dirt":6,"minecraft:grass":1,"minecraft:diorite":2,"born_in_chaos_v1:river_mint":1,"minecraft:torch":1,"minecraft:potion":1,"minecraft:string":2,"cyclic:flower_purple_tulip":4,"minecraft:chiseled_sandstone":1,"iceandfire:dragonbone":4,"minecraft:spyglass":2,"minecraft:stone_sword":1,"iceandfire:lightning_dragon_heart":1,"cyclic:flower_absalon_tulip":2,"minecraft:smooth_sandstone_stairs":12,"minecraft:tall_grass":1,"minecraft:rotten_flesh":8,"cyclic:flower_lime_carnation":4,"vampirism:heart_striker_enhanced":1,"patchouli:guide_book":1,"vampirism:vampire_fang":1,"minecraft:spruce_trapdoor":2,"mysticalagriculture:inferium_essence":2,"minecraft:andesite":35,"minecraft:leather_boots":1,"minecraft:acacia_sapling":6,"minecraft:spider_eye":1,"minecraft:stone_pickaxe":1,"minecraft:wooden_pickaxe":1,"epicfight:skillbook":1},"minecraft:custom":{"minecraft:interact_with_smithing_table":2,"minecraft:mob_kills":25,"minecraft:interact_with_anvil":1,"minecraft:interact_with_crafting_table":24,"minecraft:open_barrel":9,"minecraft:damage_dealt_resisted":160,"minecraft:time_since_death":125596,"minecraft:climb_one_cm":11939,"minecraft:sprint_one_cm":801073,"minecraft:walk_one_cm":649116,"minecraft:drop":55,"minecraft:talked_to_villager":1,"minecraft:play_time":125596,"minecraft:sneak_time":1283,"minecraft:walk_under_water_one_cm":1684,"minecraft:jump":2050,"minecraft:interact_with_blast_furnace":1,"minecraft:walk_on_water_one_cm":7538,"minecraft:total_world_time":125596,"minecraft:interact_with_furnace":8,"minecraft:sleep_in_bed":3,"minecraft:time_since_rest":43854,"minecraft:waystone_activated":1,"minecraft:damage_taken":1893,"minecraft:damage_dealt":4545,"minecraft:swim_one_cm":1791,"minecraft:fly_one_cm":742935,"minecraft:open_chest":81,"minecraft:crouch_one_cm":4027,"minecraft:fish_caught":1,"minecraft:fall_one_cm":58844},"minecraft:picked_up":{"minecraft:crafting_table":1,"minecraft:wheat":153,"minecraft:flower_pot":1,"minecraft:chicken":2,"born_in_chaos_v1:river_mint":1,"croptopia:peach":14,"croptopia:broccoli":1,"minecraft:lead":2,"minecraft:potion":1,"minecraft:gilded_blackstone":9,"minecraft:string":13,"croptopia:cantaloupe":1,"minecraft:iron_leggings":1,"cyclic:flower_lime_carnation":4,"mysticalagriculture:inferium_essence":4,"minecraft:gold_nugget":4,"croptopia:tomato_seed":2,"minecraft:bucket":1,"minecraft:beef":3,"croptopia:pepper_seed":2,"croptopia:doughnut":1,"minecraft:chest":3,"minecraft:melon_slice":61,"minecraft:sugar_cane":12,"iceandfire:dragonscales_electric":16,"minecraft:spruce_trapdoor":2,"minecraft:mangrove_log":3,"minecraft:furnace":1,"minecraft:raw_iron":31,"minecraft:stick":29,"iceandfire:dragonbone":4,"apotheosis:gem":1,"croptopia:corn_seed":1,"minecraft:torch":9,"minecraft:bowl":1,"epicfight:skillbook":3,"minecraft:porkchop":4,"iceandfire:lightning_dragon_flesh":2,"vampirism:vampire_fang":3,"minecraft:diorite":2,"vampirism:amulet":2,"gobber2:gobber2_foo":1,"croptopia:cantaloupe_seed":1,"minecraft:stone_sword":1,"vampirism:blood_bottle":1,"minecraft:arrow":4,"minecraft:rotten_flesh":10,"minecraft:sandstone_stairs":4,"minecraft:red_tulip":1,"minecraft:gold_ingot":6,"croptopia:pepper":1,"sophisticatedbackpacks:copper_backpack":1,"croptopia:elderberry":1,"born_in_chaos_v1:trident_hayfork":1,"minecraft:cod":1,"minecraft:cobblestone":47,"minecraft:stripped_oak_log":1,"minecraft:feather":1,"born_in_chaos_v1:monster_flesh":1,"croptopia:broccoli_seed":1,"croptopia:nectarine":9,"minecraft:andesite":35,"croptopia:flour":27,"minecraft:leather":3,"minecraft:light_gray_dye":2,"minecraft:smooth_sandstone_stairs":12,"minecraft:oak_log":81,"minecraft:dirt":10,"born_in_chaos_v1:monster_skin":1,"croptopia:kiwi_seed":2,"minecraft:leather_boots":1,"minecraft:smooth_sandstone":25,"minecraft:bone":1,"minecraft:chipped_anvil":1,"croptopia:corn":1,"minecraft:acacia_planks":3,"minecraft:apple":50,"not_just_sandwich:porkchop_sandwich":1,"cyclic:flower_purple_tulip":4,"gobber2:gobber2_gooey_beef":5,"minecraft:wheat_seeds":435,"minecraft:raw_gold":1,"minecraft:iron_ingot":1,"croptopia:tomato":1,"croptopia:elderberry_seed":1,"croptopia:lime":8,"croptopia:kiwi":1,"minecraft:iron_sword":1,"gobber2:gobber2_gooey_bread":1,"minecraft:oak_slab":5,"croptopia:chile_pepper_seed":2,"toughasnails:purified_water_canteen":2,"croptopia:starfruit":12,"croptopia:turmeric":1,"born_in_chaos_v1:ethereal_spirit":1,"minecraft:spyglass":3,"cyclic:flower_absalon_tulip":2,"croptopia:turmeric_seed":1,"croptopia:oat":1,"minecraft:blast_furnace":2,"minecraft:grass_block":1,"iceandfire:lightning_dragon_heart":1,"minecraft:chiseled_sandstone":1,"minecraft:spider_eye":3,"not_just_sandwich:raw_bacon":2,"croptopia:chile_pepper":1,"croptopia:oat_seed":2,"toughasnails:water_canteen":1,"minecraft:yellow_carpet":3,"minecraft:stone_axe":1,"not_just_sandwich:flesh":12,"croptopia:leek_seed":1,"croptopia:orange":19,"minecraft:granite":6,"minecraft:chainmail_helmet":1,"soulsweapons:verglas":5,"minecraft:bread":7,"minecraft:oak_sapling":35,"minecraft:coal":42,"gobber2:gobber2_goo":6},"minecraft:used":{"not_just_sandwich:flesh":12,"minecraft:stone_sword":93,"minecraft:chest":9,"minecraft:iron_sword":32,"minecraft:torch":53,"toughasnails:empty_canteen":12,"minecraft:chipped_anvil":1,"minecraft:furnace":1,"croptopia:ajvar_toast":10,"minecraft:acacia_planks":3,"minecraft:water_bucket":6,"epicfight:skillbook":2,"minecraft:bundle":1,"minecraft:stone_pickaxe":104,"minecraft:wooden_pickaxe":23,"toughasnails:water_canteen":75,"minecraft:crafting_table":2,"minecraft:blast_furnace":2,"minecraft:melon_slice":26,"minecraft:bread":7,"minecraft:iron_pickaxe":40,"minecraft:stone_axe":95,"minecraft:fishing_rod":5,"toughasnails:purified_water_canteen":10,"minecraft:bucket":7},"minecraft:broken":{"toughasnails:water_canteen":10,"toughasnails:purified_water_canteen":2}},"DataVersion":3465}