{"stats":{"minecraft:crafted":{"minecraft:oak_planks":32,"minecraft:crafting_table":1,"minecraft:air":0,"minecraft:stick":20,"minecraft:iron_ingot":3,"minecraft:iron_pickaxe":1,"minecraft:torch":76},"minecraft:mined":{"minecraft:podzol":1,"minecraft:torch":2,"minecraft:granite":6,"minecraft:blast_furnace":1,"minecraft:grass_block":1,"minecraft:melon":5,"gobber2:gobber2_lucky_block":13,"minecraft:tall_grass":2,"minecraft:wall_torch":2,"minecraft:furnace":1,"minecraft:iron_ore":28,"minecraft:wheat":1,"born_in_chaos_v1:river_mint":1,"minecraft:andesite":7,"treechop:chopped_log":5,"minecraft:grass":7,"minecraft:coal_ore":29,"minecraft:dirt":2,"minecraft:sand":1,"minecraft:cobweb":11,"minecraft:stone":47,"minecraft:potted_red_tulip":1,"minecraft:chipped_anvil":1,"minecraft:gold_ore":1,"soulsweapons:verglas_ore":1},"minecraft:killed":{"vampirism:vampire":2,"minecraft:pig":2,"minecraft:spider":2,"minecraft:wandering_trader":1,"born_in_chaos_v1:maggot":2,"minecraft:skeleton":1,"vampirism:blinding_bat":1,"minecraft:zombie":3,"born_in_chaos_v1:dread_hound":1,"minecraft:cow":2},"minecraft:dropped":{"minecraft:oak_slab":5,"minecraft:bread":7,"toughasnails:water_canteen":2,"iceandfire:lightning_dragon_heart":1,"minecraft:stone_sword":1,"minecraft:apple":9,"cyclic:flower_lime_carnation":4,"vampirism:heart_striker_enhanced":1,"vampirism:amulet":2,"minecraft:spruce_trapdoor":2,"born_in_chaos_v1:river_mint":1,"minecraft:diorite":2,"vampirism:vampire_fang":1,"minecraft:torch":1,"minecraft:andesite":35,"mysticalagriculture:inferium_essence":2,"minecraft:leather_boots":1,"minecraft:potion":1,"minecraft:wooden_pickaxe":1,"minecraft:string":2,"cyclic:flower_purple_tulip":4,"epicfight:skillbook":1,"iceandfire:dragonbone":4},"minecraft:custom":{"minecraft:interact_with_smithing_table":2,"minecraft:interact_with_furnace":6,"minecraft:interact_with_anvil":1,"minecraft:mob_kills":18,"minecraft:interact_with_crafting_table":6,"minecraft:open_barrel":2,"minecraft:damage_dealt_resisted":126,"minecraft:time_since_death":59596,"minecraft:sleep_in_bed":1,"minecraft:climb_one_cm":2275,"minecraft:time_since_rest":27188,"minecraft:sprint_one_cm":376991,"minecraft:damage_taken":1142,"minecraft:walk_one_cm":304562,"minecraft:drop":32,"minecraft:damage_dealt":3054,"minecraft:swim_one_cm":1751,"minecraft:talked_to_villager":1,"minecraft:fly_one_cm":421187,"minecraft:open_chest":3,"minecraft:crouch_one_cm":1767,"minecraft:play_time":59596,"minecraft:sneak_time":725,"minecraft:walk_under_water_one_cm":942,"minecraft:jump":1141,"minecraft:walk_on_water_one_cm":2782,"minecraft:total_world_time":59596,"minecraft:fall_one_cm":35426},"minecraft:picked_up":{"croptopia:peach":3,"born_in_chaos_v1:river_mint":1,"minecraft:crafting_table":1,"minecraft:wheat":1,"minecraft:feather":1,"minecraft:chicken":2,"born_in_chaos_v1:monster_flesh":1,"minecraft:flower_pot":1,"minecraft:andesite":35,"minecraft:leather":3,"minecraft:lead":2,"minecraft:potion":1,"minecraft:smooth_sandstone_stairs":6,"minecraft:oak_log":32,"minecraft:string":10,"minecraft:dirt":4,"born_in_chaos_v1:monster_skin":1,"minecraft:leather_boots":1,"minecraft:smooth_sandstone":25,"minecraft:chipped_anvil":1,"cyclic:flower_lime_carnation":4,"minecraft:apple":10,"not_just_sandwich:porkchop_sandwich":1,"cyclic:flower_purple_tulip":4,"gobber2:gobber2_gooey_beef":5,"minecraft:wheat_seeds":18,"mysticalagriculture:inferium_essence":4,"minecraft:raw_gold":1,"minecraft:bucket":1,"minecraft:beef":3,"minecraft:iron_ingot":1,"minecraft:melon_slice":26,"iceandfire:dragonscales_electric":16,"minecraft:spruce_trapdoor":2,"gobber2:gobber2_gooey_bread":1,"minecraft:furnace":1,"apotheosis:gem":1,"iceandfire:dragonbone":4,"minecraft:oak_slab":5,"minecraft:stick":18,"minecraft:raw_iron":28,"toughasnails:purified_water_canteen":2,"minecraft:porkchop":4,"minecraft:torch":6,"iceandfire:lightning_dragon_flesh":2,"epicfight:skillbook":3,"minecraft:blast_furnace":1,"minecraft:diorite":2,"vampirism:vampire_fang":3,"iceandfire:lightning_dragon_heart":1,"vampirism:amulet":2,"minecraft:chiseled_sandstone":1,"minecraft:spider_eye":3,"not_just_sandwich:raw_bacon":2,"croptopia:chile_pepper":1,"gobber2:gobber2_foo":1,"minecraft:stone_sword":1,"minecraft:arrow":2,"vampirism:blood_bottle":1,"toughasnails:water_canteen":1,"minecraft:rotten_flesh":8,"minecraft:stone_axe":1,"croptopia:orange":19,"minecraft:sandstone_stairs":2,"not_just_sandwich:flesh":12,"croptopia:leek_seed":1,"minecraft:granite":6,"minecraft:red_tulip":1,"soulsweapons:verglas":5,"minecraft:bread":7,"minecraft:chainmail_helmet":1,"sophisticatedbackpacks:copper_backpack":1,"minecraft:oak_sapling":15,"minecraft:coal":34,"gobber2:gobber2_goo":6,"minecraft:cobblestone":47},"minecraft:used":{"not_just_sandwich:flesh":12,"epicfight:skillbook":2,"minecraft:stone_sword":85,"minecraft:bundle":1,"minecraft:stone_pickaxe":101,"minecraft:wooden_pickaxe":23,"toughasnails:water_canteen":22,"minecraft:torch":24,"minecraft:crafting_table":1,"toughasnails:empty_canteen":4,"minecraft:bread":7,"minecraft:melon_slice":26,"minecraft:iron_pickaxe":17,"minecraft:stone_axe":28,"toughasnails:purified_water_canteen":10,"croptopia:ajvar_toast":1},"minecraft:broken":{"toughasnails:purified_water_canteen":2,"toughasnails:water_canteen":2}},"DataVersion":3465}