{"stats":{"minecraft:custom":{"minecraft:time_since_rest":14187,"minecraft:sprint_one_cm":66862,"minecraft:damage_taken":519,"minecraft:walk_one_cm":79553,"minecraft:drop":5,"minecraft:damage_dealt":110,"vampirism:interact_with_research_table":1,"minecraft:fly_one_cm":51779,"minecraft:open_chest":1,"minecraft:crouch_one_cm":395,"minecraft:play_time":14187,"minecraft:sneak_time":24,"minecraft:jump":191,"minecraft:leave_game":2,"minecraft:time_since_death":14187,"minecraft:walk_on_water_one_cm":977,"minecraft:climb_one_cm":1512,"minecraft:total_world_time":14187,"minecraft:fall_one_cm":6406},"minecraft:used":{"minecraft:trident":1,"fabledweaponry:waraxe_wood":2,"minecraft:bundle":1,"minecraft:bread":3,"minecraft:torch":1,"minecraft:dirt":13,"alexsmobs:animal_dictionary":1,"werewolves:wolfsbane":1},"minecraft:picked_up":{"fabledweaponry:waraxe_wood":1,"croptopia:radish":1,"croptopia:grape_seed":2,"minecraft:torch":1,"werewolves:wolfsbane":1,"minecraft:dirt":14,"minecraft:blue_bed":1,"croptopia:strawberry":1,"minecraft:string":2,"croptopia:grape":1,"minecraft:leather_boots":1,"minecraft:stone_sword":1,"minecraft:apple":9,"croptopia:strawberry_seed":2,"minecraft:wheat_seeds":2,"croptopia:radish_seed":2,"minecraft:hay_block":7,"minecraft:bread":7,"minecraft:egg":3},"minecraft:dropped":{"minecraft:bread":7,"minecraft:torch":1,"minecraft:stone_sword":1,"minecraft:leather_boots":1,"minecraft:apple":9},"minecraft:mined":{"minecraft:hay_block":7,"croptopia:grape_crop":1,"croptopia:strawberry_crop":1,"werewolves:wolfsbane":1,"minecraft:grass":2,"minecraft:grass_block":5,"croptopia:radish_crop":1,"minecraft:dirt":9,"biomesoplenty:barley":6,"minecraft:blue_bed":1,"minecraft:fern":6}},"DataVersion":3465}