{"stats":{"minecraft:crafted":{"minecraft:oak_planks":32,"minecraft:crafting_table":1,"minecraft:air":0,"minecraft:stick":20,"minecraft:iron_ingot":3,"minecraft:iron_pickaxe":1,"minecraft:torch":76},"minecraft:mined":{"minecraft:podzol":1,"minecraft:torch":2,"minecraft:granite":6,"minecraft:blast_furnace":1,"minecraft:grass_block":1,"minecraft:melon":5,"gobber2:gobber2_lucky_block":13,"minecraft:tall_grass":1,"minecraft:wall_torch":2,"minecraft:furnace":1,"minecraft:iron_ore":28,"minecraft:wheat":1,"minecraft:andesite":7,"treechop:chopped_log":2,"minecraft:grass":4,"minecraft:coal_ore":29,"minecraft:dirt":2,"minecraft:sand":1,"minecraft:cobweb":11,"minecraft:stone":47,"minecraft:potted_red_tulip":1,"minecraft:chipped_anvil":1,"minecraft:gold_ore":1,"soulsweapons:verglas_ore":1},"minecraft:killed":{"vampirism:vampire":2,"minecraft:spider":2,"minecraft:wandering_trader":1,"vampirism:blinding_bat":1,"minecraft:zombie":1,"born_in_chaos_v1:dread_hound":1},"minecraft:dropped":{"minecraft:bread":7,"toughasnails:water_canteen":2,"minecraft:stone_sword":1,"minecraft:apple":9,"vampirism:heart_striker_enhanced":1,"vampirism:amulet":2,"vampirism:vampire_fang":1,"minecraft:torch":1,"minecraft:andesite":14,"mysticalagriculture:inferium_essence":2,"minecraft:leather_boots":1,"minecraft:potion":1,"minecraft:wooden_pickaxe":1,"epicfight:skillbook":1},"minecraft:custom":{"minecraft:interact_with_smithing_table":2,"minecraft:interact_with_furnace":6,"minecraft:interact_with_anvil":1,"minecraft:mob_kills":9,"minecraft:interact_with_crafting_table":6,"minecraft:open_barrel":2,"minecraft:damage_dealt_resisted":126,"minecraft:time_since_death":47596,"minecraft:sleep_in_bed":1,"minecraft:climb_one_cm":2275,"minecraft:time_since_rest":15188,"minecraft:sprint_one_cm":278750,"minecraft:damage_taken":969,"minecraft:walk_one_cm":225468,"minecraft:drop":18,"minecraft:damage_dealt":1708,"minecraft:talked_to_villager":1,"minecraft:fly_one_cm":250624,"minecraft:open_chest":3,"minecraft:crouch_one_cm":1767,"minecraft:play_time":47596,"minecraft:sneak_time":725,"minecraft:walk_under_water_one_cm":777,"minecraft:jump":777,"minecraft:walk_on_water_one_cm":2094,"minecraft:total_world_time":47596,"minecraft:fall_one_cm":23914},"minecraft:picked_up":{"minecraft:crafting_table":1,"minecraft:wheat":1,"minecraft:feather":1,"minecraft:chicken":2,"born_in_chaos_v1:monster_flesh":1,"minecraft:flower_pot":1,"minecraft:andesite":21,"minecraft:lead":2,"minecraft:potion":1,"minecraft:smooth_sandstone_stairs":6,"minecraft:oak_log":14,"minecraft:string":10,"minecraft:dirt":4,"born_in_chaos_v1:monster_skin":1,"minecraft:leather_boots":1,"minecraft:smooth_sandstone":25,"minecraft:chipped_anvil":1,"cyclic:flower_lime_carnation":1,"minecraft:apple":10,"not_just_sandwich:porkchop_sandwich":1,"cyclic:flower_purple_tulip":2,"gobber2:gobber2_gooey_beef":5,"minecraft:wheat_seeds":5,"mysticalagriculture:inferium_essence":4,"minecraft:raw_gold":1,"minecraft:bucket":1,"minecraft:melon_slice":26,"minecraft:spruce_trapdoor":2,"gobber2:gobber2_gooey_bread":1,"minecraft:furnace":1,"minecraft:oak_slab":5,"minecraft:stick":12,"minecraft:raw_iron":28,"toughasnails:purified_water_canteen":2,"minecraft:torch":6,"epicfight:skillbook":3,"minecraft:blast_furnace":1,"minecraft:diorite":1,"vampirism:vampire_fang":3,"vampirism:amulet":2,"minecraft:chiseled_sandstone":1,"minecraft:spider_eye":3,"gobber2:gobber2_foo":1,"minecraft:stone_sword":1,"vampirism:blood_bottle":1,"toughasnails:water_canteen":1,"minecraft:rotten_flesh":2,"minecraft:stone_axe":1,"minecraft:sandstone_stairs":2,"not_just_sandwich:flesh":12,"croptopia:leek_seed":1,"minecraft:granite":6,"minecraft:red_tulip":1,"soulsweapons:verglas":5,"minecraft:bread":7,"minecraft:chainmail_helmet":1,"sophisticatedbackpacks:copper_backpack":1,"minecraft:oak_sapling":6,"minecraft:coal":34,"gobber2:gobber2_goo":6,"minecraft:cobblestone":47},"minecraft:used":{"not_just_sandwich:flesh":7,"epicfight:skillbook":2,"minecraft:stone_sword":50,"minecraft:bundle":1,"minecraft:stone_pickaxe":101,"minecraft:wooden_pickaxe":23,"toughasnails:water_canteen":14,"minecraft:torch":23,"minecraft:crafting_table":1,"toughasnails:empty_canteen":3,"minecraft:bread":7,"minecraft:melon_slice":26,"minecraft:iron_pickaxe":17,"minecraft:stone_axe":8,"toughasnails:purified_water_canteen":10},"minecraft:broken":{"toughasnails:purified_water_canteen":2,"toughasnails:water_canteen":2}},"DataVersion":3465}