{"stats":{"minecraft:crafted":{"minecraft:oak_planks":32,"minecraft:crafting_table":1,"minecraft:air":0,"minecraft:stick":20,"minecraft:iron_ingot":3,"minecraft:iron_pickaxe":1,"minecraft:torch":76},"minecraft:mined":{"biomesoplenty:desert_grass":1,"minecraft:granite":6,"minecraft:grass_block":1,"gobber2:gobber2_lucky_block":13,"minecraft:furnace":1,"minecraft:iron_ore":31,"minecraft:andesite":7,"treechop:chopped_log":9,"minecraft:stone":47,"minecraft:podzol":1,"minecraft:torch":2,"croptopia:oat_crop":1,"minecraft:blast_furnace":2,"minecraft:melon":5,"minecraft:tall_grass":2,"croptopia:broccoli_crop":1,"minecraft:sugar_cane":5,"minecraft:wall_torch":2,"minecraft:wheat":1,"born_in_chaos_v1:river_mint":1,"minecraft:grass":9,"minecraft:coal_ore":29,"minecraft:sand":1,"minecraft:dirt":2,"minecraft:cobweb":12,"minecraft:potted_red_tulip":1,"minecraft:gold_ore":1,"minecraft:chipped_anvil":1,"soulsweapons:verglas_ore":1},"minecraft:killed":{"vampirism:vampire":2,"minecraft:spider":2,"born_in_chaos_v1:maggot":2,"vampirism:blinding_bat":1,"minecraft:skeleton":2,"minecraft:pig":2,"minecraft:wandering_trader":1,"minecraft:zombie":3,"born_in_chaos_v1:dread_hound":1,"minecraft:cow":2},"minecraft:dropped":{"minecraft:bread":7,"toughasnails:water_canteen":2,"minecraft:oak_slab":5,"minecraft:sandstone_stairs":4,"minecraft:feather":1,"minecraft:leather":3,"minecraft:apple":9,"minecraft:granite":6,"vampirism:amulet":2,"minecraft:dirt":4,"minecraft:diorite":2,"born_in_chaos_v1:river_mint":1,"minecraft:torch":1,"minecraft:potion":1,"minecraft:string":2,"cyclic:flower_purple_tulip":4,"minecraft:chiseled_sandstone":1,"iceandfire:dragonbone":4,"minecraft:stone_sword":1,"iceandfire:lightning_dragon_heart":1,"minecraft:smooth_sandstone_stairs":12,"minecraft:rotten_flesh":8,"cyclic:flower_lime_carnation":4,"vampirism:heart_striker_enhanced":1,"patchouli:guide_book":1,"vampirism:vampire_fang":1,"minecraft:spruce_trapdoor":2,"mysticalagriculture:inferium_essence":2,"minecraft:andesite":35,"minecraft:leather_boots":1,"minecraft:spider_eye":1,"minecraft:stone_pickaxe":1,"minecraft:wooden_pickaxe":1,"epicfight:skillbook":1},"minecraft:custom":{"minecraft:interact_with_smithing_table":2,"minecraft:mob_kills":19,"minecraft:interact_with_anvil":1,"minecraft:interact_with_crafting_table":6,"minecraft:open_barrel":9,"minecraft:damage_dealt_resisted":126,"minecraft:time_since_death":71596,"minecraft:climb_one_cm":6751,"minecraft:sprint_one_cm":471931,"minecraft:walk_one_cm":359724,"minecraft:drop":46,"minecraft:talked_to_villager":1,"minecraft:play_time":71596,"minecraft:sneak_time":733,"minecraft:walk_under_water_one_cm":942,"minecraft:jump":1429,"minecraft:walk_on_water_one_cm":2782,"minecraft:total_world_time":71596,"minecraft:interact_with_furnace":8,"minecraft:sleep_in_bed":1,"minecraft:time_since_rest":39188,"minecraft:damage_taken":1361,"minecraft:damage_dealt":3254,"minecraft:swim_one_cm":1751,"minecraft:fly_one_cm":573715,"minecraft:open_chest":5,"minecraft:crouch_one_cm":1767,"minecraft:fall_one_cm":43885},"minecraft:picked_up":{"minecraft:crafting_table":1,"minecraft:wheat":1,"minecraft:flower_pot":1,"minecraft:chicken":2,"born_in_chaos_v1:river_mint":1,"croptopia:peach":14,"croptopia:broccoli":1,"minecraft:lead":2,"minecraft:potion":1,"minecraft:string":13,"cyclic:flower_lime_carnation":4,"mysticalagriculture:inferium_essence":4,"minecraft:bucket":1,"minecraft:beef":3,"croptopia:pepper_seed":2,"minecraft:melon_slice":26,"minecraft:sugar_cane":12,"iceandfire:dragonscales_electric":16,"minecraft:spruce_trapdoor":2,"minecraft:furnace":1,"minecraft:raw_iron":31,"minecraft:stick":25,"iceandfire:dragonbone":4,"apotheosis:gem":1,"croptopia:corn_seed":1,"minecraft:torch":6,"epicfight:skillbook":3,"minecraft:porkchop":4,"iceandfire:lightning_dragon_flesh":2,"vampirism:vampire_fang":3,"minecraft:diorite":2,"vampirism:amulet":2,"gobber2:gobber2_foo":1,"minecraft:stone_sword":1,"vampirism:blood_bottle":1,"minecraft:arrow":2,"minecraft:rotten_flesh":8,"minecraft:sandstone_stairs":4,"minecraft:red_tulip":1,"croptopia:pepper":1,"sophisticatedbackpacks:copper_backpack":1,"minecraft:cobblestone":47,"minecraft:feather":1,"born_in_chaos_v1:monster_flesh":1,"croptopia:broccoli_seed":1,"minecraft:andesite":35,"minecraft:leather":3,"minecraft:smooth_sandstone_stairs":12,"minecraft:oak_log":60,"minecraft:dirt":4,"born_in_chaos_v1:monster_skin":1,"minecraft:leather_boots":1,"minecraft:smooth_sandstone":25,"minecraft:chipped_anvil":1,"croptopia:corn":1,"minecraft:apple":50,"not_just_sandwich:porkchop_sandwich":1,"cyclic:flower_purple_tulip":4,"gobber2:gobber2_gooey_beef":5,"minecraft:wheat_seeds":20,"minecraft:raw_gold":1,"minecraft:iron_ingot":1,"gobber2:gobber2_gooey_bread":1,"minecraft:oak_slab":5,"croptopia:chile_pepper_seed":2,"toughasnails:purified_water_canteen":2,"croptopia:oat":1,"minecraft:blast_furnace":2,"iceandfire:lightning_dragon_heart":1,"minecraft:chiseled_sandstone":1,"minecraft:spider_eye":3,"not_just_sandwich:raw_bacon":2,"croptopia:chile_pepper":1,"croptopia:oat_seed":2,"toughasnails:water_canteen":1,"minecraft:stone_axe":1,"not_just_sandwich:flesh":12,"croptopia:leek_seed":1,"croptopia:orange":19,"minecraft:granite":6,"minecraft:chainmail_helmet":1,"soulsweapons:verglas":5,"minecraft:bread":7,"minecraft:oak_sapling":23,"minecraft:coal":34,"gobber2:gobber2_goo":6},"minecraft:used":{"not_just_sandwich:flesh":12,"minecraft:stone_sword":93,"minecraft:torch":30,"toughasnails:empty_canteen":8,"croptopia:ajvar_toast":3,"epicfight:skillbook":2,"minecraft:bundle":1,"minecraft:stone_pickaxe":104,"minecraft:wooden_pickaxe":23,"toughasnails:water_canteen":38,"minecraft:crafting_table":1,"minecraft:melon_slice":26,"minecraft:bread":7,"minecraft:iron_pickaxe":18,"minecraft:stone_axe":56,"toughasnails:purified_water_canteen":10},"minecraft:broken":{"toughasnails:water_canteen":6,"toughasnails:purified_water_canteen":2}},"DataVersion":3465}