{"stats":{"minecraft:custom":{"minecraft:time_since_rest":8034,"minecraft:sprint_one_cm":36068,"minecraft:damage_taken":430,"minecraft:walk_one_cm":21938,"minecraft:drop":5,"minecraft:damage_dealt":110,"minecraft:fly_one_cm":31481,"minecraft:crouch_one_cm":218,"minecraft:play_time":8034,"minecraft:sneak_time":14,"minecraft:jump":73,"minecraft:leave_game":1,"minecraft:time_since_death":8034,"minecraft:walk_on_water_one_cm":711,"minecraft:total_world_time":8034,"minecraft:fall_one_cm":1465},"minecraft:used":{"fabledweaponry:waraxe_wood":2,"minecraft:bundle":1,"minecraft:bread":3,"minecraft:torch":1,"alexsmobs:animal_dictionary":1,"werewolves:wolfsbane":1},"minecraft:picked_up":{"fabledweaponry:waraxe_wood":1,"croptopia:radish":1,"croptopia:grape_seed":2,"minecraft:torch":1,"werewolves:wolfsbane":1,"croptopia:strawberry":1,"minecraft:string":2,"croptopia:grape":1,"minecraft:leather_boots":1,"minecraft:stone_sword":1,"minecraft:apple":9,"croptopia:strawberry_seed":2,"minecraft:wheat_seeds":1,"croptopia:radish_seed":2,"minecraft:bread":7},"minecraft:dropped":{"minecraft:bread":7,"minecraft:torch":1,"minecraft:stone_sword":1,"minecraft:leather_boots":1,"minecraft:apple":9},"minecraft:mined":{"croptopia:grape_crop":1,"croptopia:strawberry_crop":1,"werewolves:wolfsbane":1,"minecraft:grass":2,"croptopia:radish_crop":1,"biomesoplenty:barley":6,"minecraft:fern":6}},"DataVersion":3465}