{"stats":{"minecraft:used":{"alexsmobs:emu_egg":1,"croptopia:leek":1,"gobber2:gobber2_goo":1,"minecraft:iron_shovel":73,"gobber2:gobber2_gooey_bread":4,"minecraft:chest":10,"minecraft:jungle_planks":75,"born_in_chaos_v1:soul_cutlass":332,"born_in_chaos_v1:smoked_flesh":14,"cgm:shotgun":113,"minecraft:lantern":3,"cyclic:flower_purple_tulip":1,"wom:iron_staff":20,"minecraft:item_frame":1,"minecraft:sweet_berries":5,"minecraft:furnace":5,"epicfight:skillbook":3,"minecraft:diorite":2,"minecraft:stone_pickaxe":132,"minecraft:oak_planks":14,"useless_sword:bamboo_saber":24,"toughasnails:water_canteen":267,"croptopia:rutabaga":1,"born_in_chaos_v1:holiday_candy":19,"minecraft:black_bed":1,"waystones:waystone":2,"gobber2:gobber2_gooey_beefstew":1,"minecraft:bread":7,"minecraft:wooden_sword":1,"minecraft:chainmail_boots":1,"minecraft:golden_pickaxe":44,"not_just_sandwich:porkchop_sandwich":2,"minecraft:experience_bottle":1,"croptopia:anchovy":17,"minecraft:enchanting_table":1,"minecraft:stone_sword":24,"toughasnails:water_purifier":2,"croptopia:tofu":18,"croptopia:ajvar":1,"cyclic:flower_absalon_tulip":1,"minecraft:cooked_chicken":1,"minecraft:torch":39,"minecraft:dirt":3,"cgm:workbench":4,"toughasnails:empty_canteen":30,"paraglider:horned_statue":1,"minecraft:bamboo":1,"gobber2:gobber2_gooey_beef":2,"minecraft:beef":3,"croptopia:squash":1,"alexsmobs:banana":2,"croptopia:ajvar_toast":6,"minecraft:cooked_beef":22,"born_in_chaos_v1:mint_ice_cream":1,"minecraft:water_bucket":35,"supertools:copperleggings":1,"alexscaves:dinosaur_chop":3,"minecraft:bundle":1,"iceandfire:dragon_skull_lightning":2,"minecraft:leather_boots":1,"minecraft:gilded_blackstone":1,"minecraft:crafting_table":3,"minecraft:light_gray_concrete_powder":8,"biomesoplenty:wildflower":1,"minecraft:black_wool":2,"minecraft:apple":1,"minecraft:iron_pickaxe":157,"minecraft:leather_helmet":1,"minecraft:stone_axe":144,"minecraft:cobblestone":83,"toughasnails:purified_water_bottle":1,"toughasnails:purified_water_canteen":10,"minecraft:bucket":35,"minecraft:smooth_stone":1},"minecraft:mined":{"minecraft:stone_pressure_plate":1,"iceandfire:copper_pile":1,"croptopia:strawberry_crop":1,"minecraft:granite":1,"minecraft:grass_block":7,"gobber2:gobber2_lucky_block":8,"minecraft:jungle_log":1,"iceandfire:lectern":1,"minecraft:coal_block":4,"minecraft:gilded_blackstone":1,"minecraft:spawner":6,"mysticalagriculture:inferium_ore":2,"minecraft:sandstone_stairs":1,"minecraft:smooth_stone":1,"minecraft:iron_ore":59,"minecraft:enchanting_table":1,"minecraft:iron_bars":6,"minecraft:light_gray_concrete":8,"cyclic:flower_lime_carnation":1,"croptopia:eggplant_crop":1,"biomesoplenty:wildflower":1,"alexscaves:dinosaur_chop":1,"minecraft:torch":4,"croptopia:garlic_crop":1,"minecraft:poppy":1,"minecraft:melon":6,"minecraft:chest":4,"minecraft:glass":1,"minecraft:cobblestone":21,"minecraft:oak_planks":4,"minecraft:wall_torch":4,"paraglider:horned_statue":1,"croptopia:tomatillo_crop":1,"minecraft:black_bed":1,"croptopia:vanilla_crop":2,"minecraft:smooth_stone_slab":1,"minecraft:grass":16,"minecraft:oak_log":1,"croptopia:rice_crop":1,"minecraft:sand":67,"minecraft:dirt":3,"soulsweapons:verglas_ore":8,"mysticalagriculture:prosperity_ore":2,"croptopia:onion_crop":1,"minecraft:chiseled_bookshelf":3,"minecraft:decorated_pot":8,"minecraft:jungle_planks":20,"minecraft:potted_bamboo":1,"cgm:workbench":4,"minecraft:hay_block":34,"minecraft:furnace":4,"minecraft:andesite":2,"treechop:chopped_log":4,"croptopia:squash_crop":1,"minecraft:bookshelf":8,"croptopia:rhubarb_crop":1,"minecraft:vine":4,"minecraft:lantern":1,"croptopia:greenonion_crop":1,"minecraft:bamboo":4,"minecraft:stone":119,"minecraft:smithing_table":1,"minecraft:scaffolding":4,"toughasnails:water_purifier":1,"cyclic:flower_purple_tulip":2,"minecraft:crafting_table":2,"minecraft:campfire":1,"minecraft:copper_ore":39,"minecraft:tall_grass":3,"minecraft:diorite":2,"minecraft:spruce_stairs":4,"croptopia:leek_crop":1,"croptopia:tomato_crop":1,"minecraft:black_wool":2,"minecraft:coal_ore":43,"minecraft:zombie_head":2,"minecraft:gravel":5,"croptopia:rutabaga_crop":1,"minecraft:lodestone":1,"minecraft:acacia_planks":2,"minecraft:mossy_stone_bricks":1,"minecraft:fern":3},"minecraft:dropped":{"minecraft:spruce_sign":4,"minecraft:iron_sword":5,"croptopia:flour":1,"minecraft:glass_bottle":1,"minecraft:diamond":4,"minecraft:crafting_table":1,"croptopia:eggplant":2,"minecraft:sandstone_stairs":1,"minecraft:crossbow":2,"minecraft:black_bed":4,"minecraft:leather":16,"minecraft:tube_coral_fan":14,"spartanfire:dragon_bone_boomerang":1,"minecraft:jungle_planks":1,"born_in_chaos_v1:pieceofdarkmetal":8,"minecraft:bubble_coral_fan":9,"born_in_chaos_v1:nightmare_claw":2,"minecraft:leather_helmet":1,"paraglider:spirit_orb":2,"minecraft:cod":4,"minecraft:flint":13,"minecraft:music_disc_13":1,"born_in_chaos_v1:monster_flesh":11,"minecraft:dirt":5,"cyclic:crafting_bag":2,"minecraft:cornflower":1,"minecraft:jungle_sapling":8,"minecraft:gilded_blackstone":18,"minecraft:gold_nugget":12,"minecraft:wooden_sword":1,"born_in_chaos_v1:trident_hayfork":1,"minecraft:bone_meal":4,"minecraft:sand":56,"gobber2:gobber2_goo":1,"minecraft:stripped_oak_wood":5,"cyclic:flower_purple_tulip":4,"minecraft:gold_ingot":6,"minecraft:bone":21,"croptopia:onion":1,"minecraft:brain_coral_fan":12,"minecraft:stone_axe":3,"alexsmobs:animal_dictionary":1,"cyclic:flower_absalon_tulip":3,"minecraft:wheat":15,"minecraft:obsidian":6,"alexscaves:tough_hide":3,"born_in_chaos_v1:ethereal_spirit":2,"minecraft:rotten_flesh":70,"minecraft:diamond_shovel":1,"minecraft:lime_dye":3,"gobber2:gobber2_gooey_beefstew":1,"cyclic:flower_lime_carnation":11,"iceandfire:crackled_gravel":5,"minecraft:salmon":2,"minecraft:carrot":1,"patchouli:guide_book":3,"croptopia:greenonion_seed":6,"born_in_chaos_v1:seedof_chaos":3,"minecraft:gunpowder":11,"soulsweapons:verglas":13,"croptopia:rice_seed":4,"minecraft:charcoal":17,"mysticalagriculture:inferium_essence":55,"minecraft:jungle_log":192,"born_in_chaos_v1:corpse_maggot":10,"apotheosis:gem":7,"minecraft:leather_boots":2,"minecraft:acacia_sapling":1,"minecraft:chest":1,"croptopia:onion_seed":8,"minecraft:arrow":17,"minecraft:glass":1,"alexsmobs:banana":1,"croptopia:greenonion":1,"minecraft:enchanting_table":4,"croptopia:garlic":1,"born_in_chaos_v1:dark_rod":2,"minecraft:enchanted_book":12,"minecraft:iron_ingot":234,"croptopia:garlic_seed":4,"minecraft:bread":7,"iceandfire:lightning_dragon_blood":6,"born_in_chaos_v1:shattered_skull":1,"minecraft:wheat_seeds":20,"croptopia:vanilla_seeds":12,"minecraft:mourner_pottery_sherd":1,"croptopia:ajvar_toast":30,"minecraft:smithing_table":2,"minecraft:plenty_pottery_sherd":3,"born_in_chaos_v1:holiday_candy":46,"minecraft:feather":2,"minecraft:cobblestone":42,"minecraft:book":33,"croptopia:rice":1,"minecraft:apple":27,"minecraft:granite":2,"iceandfire:sea_serpent_scales_green":12,"minecraft:copper_ingot":23,"supertools:copperchestplate":1,"minecraft:spruce_stairs":4,"minecraft:acacia_log":1,"minecraft:chainmail_helmet":1,"vampirism:amulet":4,"minecraft:coal":73,"minecraft:stick":98,"not_just_sandwich:porkchop_sandwich":3,"born_in_chaos_v1:gnawed_bones":1,"minecraft:diorite":8,"minecraft:golden_carrot":10,"iceandfire:copper_nugget":8,"minecraft:torch":1,"minecraft:lodestone":3,"croptopia:tomato":1,"minecraft:melon_slice":88,"born_in_chaos_v1:fused_bone":1,"born_in_chaos_v1:stimulating_decoction":1,"mysticalagriculture:prosperity_shard":4,"spartanweaponry:copper_greatsword":1,"minecraft:iron_shovel":3,"minecraft:string":28,"croptopia:vanilla":1,"useless_sword:bamboo_saber":1,"minecraft:bucket":1,"minecraft:acacia_planks":2,"waystones:attuned_shard":1,"iceandfire:dragonbone":18,"croptopia:eggplant_seed":2,"minecraft:furnace":2,"minecraft:bubble_coral":6,"iceandfire:lightning_dragon_heart":4,"minecraft:stone_sword":2,"minecraft:raw_iron":42,"croptopia:leek_seed":1,"born_in_chaos_v1:rotten_fish":2,"minecraft:iron_boots":1,"iceandfire:dragonscales_electric":32,"croptopia:rhubarb_seed":6,"iceandfire:armor_copper_metal_helmet":1,"born_in_chaos_v1:spiritual_dust":6,"croptopia:rhubarb":1,"cyclic:emerald_pickaxe":1,"minecraft:pumpkin_seeds":80,"minecraft:potato":1,"minecraft:flower_pot":1,"minecraft:spruce_trapdoor":2,"minecraft:andesite":5,"minecraft:oak_sapling":1,"minecraft:stone_pressure_plate":1,"minecraft:light_gray_dye":2,"minecraft:spider_eye":3,"minecraft:bamboo":169,"minecraft:slime_ball":3,"sophisticatedbackpacks:copper_backpack":2,"minecraft:stone_pickaxe":1,"iceandfire:sea_serpent_fang":2,"iceandfire:dragon_skull_lightning":2,"minecraft:brick":7},"minecraft:picked_up":{"minecraft:wheat":15,"alexscaves:tough_hide":3,"minecraft:chainmail_boots":1,"minecraft:flower_pot":1,"croptopia:tomatillo_seed":1,"minecraft:smithing_table":3,"minecraft:enchanted_book":12,"minecraft:gilded_blackstone":19,"born_in_chaos_v1:holiday_candy":69,"minecraft:string":39,"minecraft:raw_copper":202,"minecraft:smooth_stone_slab":1,"minecraft:experience_bottle":1,"minecraft:zombie_head":2,"minecraft:smooth_stone":1,"mysticalagriculture:inferium_essence":76,"minecraft:gold_nugget":12,"alexsmobs:banana":3,"minecraft:bucket":1,"born_in_chaos_v1:stimulating_decoction":1,"minecraft:melon_slice":110,"minecraft:coal_block":4,"minecraft:iron_boots":1,"minecraft:furnace":6,"minecraft:stick":110,"apotheosis:gem":7,"born_in_chaos_v1:shattered_skull":1,"mysticalagriculture:prosperity_shard":4,"minecraft:torch":12,"croptopia:rutabaga":1,"minecraft:acacia_log":1,"minecraft:spruce_stairs":4,"epicfight:skillbook":3,"croptopia:vanilla":1,"iceandfire:lightning_dragon_flesh":3,"iceandfire:crackled_gravel":5,"iceandfire:lightning_dragon_blood":8,"minecraft:diorite":10,"born_in_chaos_v1:nightmare_claw":2,"vampirism:amulet":4,"gobber2:gobber2_foo":1,"minecraft:stone_sword":1,"minecraft:rotten_flesh":142,"croptopia:squash_seed":2,"alexsmobs:emu_egg":1,"croptopia:vanilla_seeds":15,"minecraft:obsidian":12,"croptopia:garlic_seed":6,"minecraft:cod":4,"minecraft:cobblestone":168,"minecraft:enchanting_table":5,"minecraft:feather":2,"born_in_chaos_v1:spiritual_dust":6,"minecraft:jungle_log":343,"minecraft:andesite":5,"minecraft:black_bed":5,"croptopia:flour":1,"minecraft:potato":1,"paraglider:spirit_orb":12,"minecraft:flint":13,"minecraft:dirt":8,"minecraft:lantern":3,"croptopia:eggplant":2,"born_in_chaos_v1:monster_skin":10,"minecraft:leather_boots":1,"minecraft:bone":47,"minecraft:acacia_planks":2,"gobber2:gobber2_gooey_beef":3,"minecraft:wheat_seeds":21,"minecraft:bamboo":214,"minecraft:oak_planks":4,"gobber2:gobber2_gooey_bread":3,"iceandfire:dragonscales_amythest":6,"toughasnails:purified_water_canteen":3,"patchouli:guide_book":3,"croptopia:ginger":1,"croptopia:rice":1,"minecraft:sand":67,"minecraft:jungle_planks":20,"cyclic:flower_absalon_tulip":4,"minecraft:ink_sac":1,"sophisticatedbackpacks:iron_backpack":1,"croptopia:eggplant_seed":3,"iceandfire:lightning_dragon_heart":6,"minecraft:lily_of_the_valley":2,"cgm:shell":192,"minecraft:light_gray_concrete":8,"toughasnails:water_purifier":1,"minecraft:diamond":7,"iceandfire:lectern":1,"waystones:waystone":1,"croptopia:leek_seed":1,"minecraft:crossbow":2,"minecraft:granite":2,"minecraft:bone_meal":4,"croptopia:onion_seed":10,"minecraft:spruce_sign":4,"soulsweapons:verglas":13,"minecraft:bread":7,"minecraft:plenty_pottery_sherd":3,"minecraft:oak_sapling":6,"born_in_chaos_v1:rotten_fish":2,"gobber2:gobber2_goo":2,"croptopia:greenonion":1,"minecraft:charcoal":29,"iceandfire:dragon_skull_lightning":4,"minecraft:crafting_table":2,"born_in_chaos_v1:seedof_chaos":3,"minecraft:mourner_pottery_sherd":1,"croptopia:onion":1,"minecraft:brick":16,"minecraft:cornflower":1,"minecraft:wooden_sword":1,"cgm:shotgun":1,"minecraft:item_frame":1,"minecraft:iron_shovel":3,"alexscaves:dinosaur_chop":3,"cyclic:flower_lime_carnation":12,"croptopia:tomatillo":1,"croptopia:tomato_seed":2,"born_in_chaos_v1:gnawed_bones":1,"minecraft:jungle_sapling":12,"biomesoplenty:wildflower":1,"minecraft:chest":4,"iceandfire:dragonscales_electric":40,"minecraft:spruce_trapdoor":2,"minecraft:raw_iron":101,"iceandfire:dragonbone":105,"minecraft:copper_ingot":1,"croptopia:rhubarb_seed":8,"born_in_chaos_v1:pieceofdarkmetal":8,"minecraft:carrot":1,"supertools:copperleggings":1,"croptopia:strawberry":1,"minecraft:stone_pressure_plate":1,"minecraft:arrow":19,"croptopia:strawberry_seed":2,"minecraft:hay_block":34,"minecraft:sandstone_stairs":1,"croptopia:rhubarb":1,"sophisticatedbackpacks:copper_backpack":1,"paraglider:horned_statue":1,"born_in_chaos_v1:trident_hayfork":1,"born_in_chaos_v1:fused_bone":3,"born_in_chaos_v1:corpse_maggot":10,"born_in_chaos_v1:monster_flesh":12,"iceandfire:sea_serpent_fang":3,"minecraft:golden_carrot":10,"born_in_chaos_v1:pumpkin_staff":1,"minecraft:salmon":2,"minecraft:leather":18,"gobber2:gobber2_gooey_beefstew":2,"croptopia:greenonion_seed":8,"minecraft:oak_log":27,"minecraft:chainmail_chestplate":1,"croptopia:leek":1,"iceandfire:armor_copper_metal_helmet":1,"minecraft:gunpowder":4,"croptopia:rice_seed":6,"croptopia:garlic":1,"born_in_chaos_v1:soul_cutlass":1,"minecraft:apple":21,"not_just_sandwich:porkchop_sandwich":4,"cyclic:flower_purple_tulip":6,"croptopia:squash":1,"minecraft:iron_ingot":246,"minecraft:stone_pickaxe":1,"minecraft:cooked_chicken":1,"croptopia:tomato":1,"minecraft:stripped_oak_wood":5,"minecraft:glass_bottle":1,"minecraft:iron_sword":4,"minecraft:acacia_sapling":1,"minecraft:book":67,"minecraft:scaffolding":4,"iceandfire:copper_nugget":8,"supertools:copperboots":1,"iceandfire:sea_serpent_scales_green":18,"croptopia:starfruit":12,"born_in_chaos_v1:ethereal_spirit":1,"minecraft:gravel":4,"born_in_chaos_v1:dark_rod":2,"croptopia:rutabaga_seed":2,"minecraft:spider_eye":3,"supertools:copperchestplate":1,"minecraft:pumpkin_seeds":101,"minecraft:lime_dye":1,"minecraft:slime_ball":4,"minecraft:stone_axe":1,"croptopia:ajvar_toast":30,"croptopia:orange":10,"minecraft:iron_helmet":1,"minecraft:lodestone":4,"minecraft:black_wool":2,"cyclic:crafting_bag":2,"cgm:workbench":4,"minecraft:coal":121},"minecraft:broken":{"supertools:copperboots":1,"minecraft:stone_pickaxe":1,"toughasnails:water_canteen":25,"minecraft:iron_helmet":1,"minecraft:golden_pickaxe":1,"toughasnails:purified_water_canteen":2,"supertools:copperleggings":1},"minecraft:custom":{"minecraft:interact_with_crafting_table":23,"minecraft:open_barrel":9,"minecraft:leave_game":6,"minecraft:time_since_death":243037,"minecraft:damage_resisted":0,"minecraft:sprint_one_cm":920905,"minecraft:drop":427,"minecraft:talked_to_villager":1,"minecraft:play_time":243037,"minecraft:jump":2990,"minecraft:interact_with_brewingstand":2,"minecraft:walk_on_water_one_cm":97711,"minecraft:interact_with_furnace":67,"minecraft:sleep_in_bed":5,"minecraft:waystone_activated":4,"minecraft:damage_dealt":39529,"minecraft:crouch_one_cm":22061,"minecraft:mob_kills":205,"minecraft:interact_with_campfire":1,"minecraft:damage_dealt_resisted":3232,"minecraft:climb_one_cm":6054,"minecraft:walk_one_cm":738944,"vampirism:skills_unlocked":1,"minecraft:damage_dealt_absorbed":80,"minecraft:sneak_time":4046,"minecraft:walk_under_water_one_cm":122682,"minecraft:interact_with_blast_furnace":9,"minecraft:total_world_time":243037,"minecraft:time_since_rest":10556,"minecraft:damage_taken":10700,"minecraft:trigger_trapped_chest":1,"minecraft:swim_one_cm":196969,"minecraft:fly_one_cm":1107331,"minecraft:open_chest":142,"minecraft:fall_one_cm":71283},"minecraft:killed":{"born_in_chaos_v1:zombie_clown":1,"vampirism:vampire":11,"born_in_chaos_v1:mr_pumpkin":5,"vampirism:advanced_vampire":1,"born_in_chaos_v1:door_knight_not_despawn":1,"born_in_chaos_v1:sir_the_headless":1,"minecraft:spider":11,"born_in_chaos_v1:siamese_skeletonsright":2,"born_in_chaos_v1:baby_skeleton_minion":1,"minecraft:skeleton":14,"alexsmobs:kangaroo":1,"born_in_chaos_v1:bonescaller":1,"minecraft:creeper":5,"vampirism:hunter":1,"minecraft:trader_llama":2,"born_in_chaos_v1:zombie_fisherman":1,"minecraft:zombie":80,"born_in_chaos_v1:dread_hound":10,"born_in_chaos_v1:corpse_fly":3,"iceandfire:lightning_dragon":2,"born_in_chaos_v1:door_knight":1,"alexscaves:vallumraptor":5,"born_in_chaos_v1:siamese_skeletonsleft":1,"iceandfire:sea_serpent":1,"alexsmobs:seagull":1,"born_in_chaos_v1:zombie_bruiser":2,"born_in_chaos_v1:maggot":19,"born_in_chaos_v1:pumpkinhead":1,"minecraft:drowned":1,"born_in_chaos_v1:fallen_chaos_knight":2,"born_in_chaos_v1:felsteed":1,"born_in_chaos_v1:baby_skeleton":1,"minecraft:bat":1,"minecraft:squid":1,"born_in_chaos_v1:decrepit_skeleton":6,"alexsmobs:elephant":1,"born_in_chaos_v1:dark_vortex":1,"born_in_chaos_v1:nightmare_stalker":1,"alexscaves:grottoceratops":2},"minecraft:crafted":{"minecraft:oak_planks":100,"minecraft:glass":6,"sophisticatedbackpacks:copper_backpack":1,"minecraft:chest":1,"minecraft:crafting_table":3,"minecraft:copper_ingot":53,"croptopia:ginger_seed":1,"toughasnails:water_purifier":1,"minecraft:purple_dye":2,"minecraft:stick":56,"minecraft:iron_ingot":51,"minecraft:light_gray_dye":3,"minecraft:bone_meal":12,"minecraft:leather":22,"minecraft:lime_dye":2,"minecraft:cooked_beef":5,"minecraft:air":0,"minecraft:jungle_planks":84,"minecraft:white_dye":2,"minecraft:torch":32}},"DataVersion":3465}