{"stats":{"minecraft:crafted":{"minecraft:oak_planks":68,"minecraft:leather":14,"sophisticatedbackpacks:copper_backpack":1,"minecraft:chest":1,"minecraft:cooked_beef":5,"minecraft:crafting_table":3,"minecraft:copper_ingot":38,"minecraft:air":0,"minecraft:jungle_planks":84,"minecraft:stick":56,"minecraft:iron_ingot":51,"minecraft:torch":32},"minecraft:mined":{"mysticalagriculture:prosperity_ore":2,"iceandfire:copper_pile":1,"croptopia:onion_crop":1,"minecraft:granite":1,"minecraft:chiseled_bookshelf":3,"minecraft:grass_block":6,"minecraft:decorated_pot":5,"minecraft:jungle_planks":20,"gobber2:gobber2_lucky_block":6,"minecraft:jungle_log":1,"mysticalagriculture:inferium_ore":2,"minecraft:spawner":1,"minecraft:sandstone_stairs":1,"minecraft:furnace":2,"minecraft:iron_ore":54,"minecraft:andesite":2,"treechop:chopped_log":3,"minecraft:enchanting_table":1,"minecraft:bookshelf":8,"minecraft:vine":4,"croptopia:rhubarb_crop":1,"croptopia:greenonion_crop":1,"minecraft:bamboo":4,"minecraft:stone":114,"minecraft:smithing_table":1,"croptopia:eggplant_crop":1,"biomesoplenty:wildflower":1,"cyclic:flower_purple_tulip":1,"minecraft:crafting_table":2,"minecraft:torch":3,"croptopia:garlic_crop":1,"minecraft:melon":6,"minecraft:chest":2,"minecraft:campfire":1,"minecraft:copper_ore":23,"minecraft:tall_grass":2,"minecraft:cobblestone":17,"minecraft:diorite":2,"minecraft:wall_torch":4,"croptopia:leek_crop":1,"paraglider:horned_statue":1,"minecraft:black_bed":1,"croptopia:vanilla_crop":2,"minecraft:black_wool":2,"minecraft:grass":14,"minecraft:coal_ore":43,"minecraft:oak_log":1,"croptopia:rice_crop":1,"minecraft:dirt":3,"minecraft:lodestone":1,"minecraft:acacia_planks":1,"minecraft:fern":3,"minecraft:mossy_stone_bricks":1,"soulsweapons:verglas_ore":7},"minecraft:killed":{"born_in_chaos_v1:zombie_clown":1,"vampirism:vampire":11,"born_in_chaos_v1:mr_pumpkin":5,"vampirism:advanced_vampire":1,"born_in_chaos_v1:sir_the_headless":1,"minecraft:spider":10,"alexsmobs:seagull":1,"born_in_chaos_v1:siamese_skeletonsright":1,"born_in_chaos_v1:zombie_bruiser":1,"born_in_chaos_v1:baby_skeleton_minion":1,"born_in_chaos_v1:maggot":2,"born_in_chaos_v1:pumpkinhead":1,"minecraft:skeleton":4,"minecraft:drowned":1,"alexsmobs:kangaroo":1,"born_in_chaos_v1:fallen_chaos_knight":1,"born_in_chaos_v1:felsteed":1,"born_in_chaos_v1:bonescaller":1,"minecraft:creeper":5,"born_in_chaos_v1:decrepit_skeleton":3,"minecraft:trader_llama":2,"born_in_chaos_v1:zombie_fisherman":1,"minecraft:zombie":14,"alexsmobs:elephant":1,"born_in_chaos_v1:dread_hound":10,"born_in_chaos_v1:corpse_fly":1,"born_in_chaos_v1:dark_vortex":1,"iceandfire:lightning_dragon":2,"born_in_chaos_v1:door_knight":1,"iceandfire:sea_serpent":1},"minecraft:dropped":{"minecraft:bread":7,"born_in_chaos_v1:shattered_skull":1,"minecraft:wheat_seeds":19,"minecraft:crafting_table":1,"croptopia:eggplant":2,"minecraft:sandstone_stairs":1,"minecraft:plenty_pottery_sherd":2,"minecraft:feather":2,"croptopia:rice":1,"minecraft:tube_coral_fan":14,"minecraft:apple":17,"minecraft:granite":2,"minecraft:jungle_planks":1,"minecraft:copper_ingot":23,"born_in_chaos_v1:pieceofdarkmetal":4,"supertools:copperchestplate":1,"minecraft:bubble_coral_fan":9,"minecraft:acacia_log":1,"minecraft:chainmail_helmet":1,"vampirism:amulet":4,"paraglider:spirit_orb":2,"minecraft:cod":4,"born_in_chaos_v1:monster_flesh":11,"minecraft:dirt":5,"born_in_chaos_v1:gnawed_bones":1,"minecraft:diorite":8,"iceandfire:copper_nugget":8,"minecraft:torch":1,"born_in_chaos_v1:fused_bone":1,"born_in_chaos_v1:stimulating_decoction":1,"minecraft:wooden_sword":1,"minecraft:jungle_sapling":8,"spartanweaponry:copper_greatsword":1,"mysticalagriculture:prosperity_shard":4,"gobber2:gobber2_goo":1,"minecraft:string":2,"croptopia:vanilla":1,"useless_sword:bamboo_saber":1,"minecraft:bucket":1,"minecraft:acacia_planks":2,"cyclic:flower_purple_tulip":4,"minecraft:bone":2,"croptopia:onion":1,"minecraft:brain_coral_fan":12,"minecraft:bubble_coral":6,"minecraft:stone_axe":3,"minecraft:stone_sword":2,"alexsmobs:animal_dictionary":1,"cyclic:flower_absalon_tulip":1,"born_in_chaos_v1:ethereal_spirit":1,"croptopia:leek_seed":1,"born_in_chaos_v1:rotten_fish":2,"minecraft:rotten_flesh":9,"born_in_chaos_v1:spiritual_dust":6,"gobber2:gobber2_gooey_beefstew":1,"cyclic:flower_lime_carnation":10,"croptopia:rhubarb":1,"iceandfire:crackled_gravel":5,"minecraft:salmon":2,"minecraft:carrot":1,"born_in_chaos_v1:seedof_chaos":2,"minecraft:gunpowder":4,"soulsweapons:verglas":6,"minecraft:andesite":5,"mysticalagriculture:inferium_essence":22,"born_in_chaos_v1:corpse_maggot":1,"apotheosis:gem":2,"minecraft:leather_boots":2,"minecraft:acacia_sapling":1,"minecraft:spider_eye":3,"sophisticatedbackpacks:copper_backpack":1,"minecraft:arrow":1,"alexsmobs:banana":1,"croptopia:greenonion":1,"iceandfire:dragon_skull_lightning":1,"croptopia:garlic":1,"born_in_chaos_v1:dark_rod":2,"minecraft:brick":7},"minecraft:custom":{"minecraft:mob_kills":87,"minecraft:interact_with_crafting_table":19,"minecraft:open_barrel":5,"minecraft:interact_with_campfire":1,"minecraft:damage_dealt_resisted":2621,"minecraft:leave_game":4,"minecraft:time_since_death":140509,"minecraft:climb_one_cm":6000,"minecraft:damage_resisted":0,"minecraft:sprint_one_cm":397277,"minecraft:walk_one_cm":398452,"minecraft:drop":176,"vampirism:skills_unlocked":1,"minecraft:talked_to_villager":1,"minecraft:play_time":140509,"minecraft:sneak_time":2631,"minecraft:walk_under_water_one_cm":33985,"minecraft:jump":1861,"minecraft:interact_with_brewingstand":2,"minecraft:interact_with_blast_furnace":1,"minecraft:walk_on_water_one_cm":62453,"minecraft:total_world_time":140509,"minecraft:interact_with_furnace":46,"minecraft:time_since_rest":140509,"minecraft:damage_taken":7139,"minecraft:damage_dealt":24938,"minecraft:swim_one_cm":74439,"minecraft:fly_one_cm":647434,"minecraft:open_chest":36,"minecraft:crouch_one_cm":13926,"minecraft:fall_one_cm":40997},"minecraft:picked_up":{"iceandfire:dragon_skull_lightning":2,"minecraft:charcoal":2,"minecraft:crafting_table":2,"born_in_chaos_v1:seedof_chaos":2,"minecraft:smithing_table":1,"croptopia:onion":1,"minecraft:brick":7,"born_in_chaos_v1:holiday_candy":23,"minecraft:string":14,"minecraft:raw_copper":79,"minecraft:wooden_sword":1,"cyclic:flower_lime_carnation":10,"mysticalagriculture:inferium_essence":28,"alexsmobs:banana":3,"minecraft:bucket":1,"biomesoplenty:wildflower":1,"born_in_chaos_v1:gnawed_bones":1,"minecraft:jungle_sapling":12,"born_in_chaos_v1:stimulating_decoction":1,"minecraft:melon_slice":22,"minecraft:chest":2,"iceandfire:dragonscales_electric":8,"minecraft:furnace":2,"minecraft:raw_iron":55,"minecraft:stick":11,"apotheosis:gem":2,"iceandfire:dragonbone":6,"born_in_chaos_v1:shattered_skull":1,"minecraft:torch":9,"mysticalagriculture:prosperity_shard":4,"minecraft:acacia_log":1,"croptopia:rhubarb_seed":2,"epicfight:skillbook":1,"croptopia:vanilla":1,"iceandfire:crackled_gravel":5,"iceandfire:lightning_dragon_blood":2,"minecraft:diorite":10,"born_in_chaos_v1:pieceofdarkmetal":4,"vampirism:amulet":4,"minecraft:carrot":1,"supertools:copperleggings":1,"minecraft:stone_sword":1,"minecraft:arrow":1,"minecraft:rotten_flesh":35,"croptopia:rhubarb":1,"minecraft:sandstone_stairs":1,"croptopia:vanilla_seeds":3,"paraglider:horned_statue":1,"minecraft:obsidian":6,"croptopia:garlic_seed":2,"minecraft:cod":4,"minecraft:cobblestone":124,"born_in_chaos_v1:fused_bone":1,"minecraft:enchanting_table":1,"born_in_chaos_v1:corpse_maggot":1,"minecraft:feather":2,"born_in_chaos_v1:monster_flesh":12,"iceandfire:sea_serpent_fang":1,"minecraft:jungle_log":149,"born_in_chaos_v1:pumpkin_staff":1,"born_in_chaos_v1:spiritual_dust":6,"minecraft:andesite":5,"minecraft:salmon":2,"minecraft:leather":2,"minecraft:black_bed":1,"gobber2:gobber2_gooey_beefstew":1,"croptopia:greenonion_seed":2,"paraglider:spirit_orb":2,"minecraft:oak_log":19,"minecraft:chainmail_chestplate":1,"croptopia:leek":1,"minecraft:gunpowder":4,"minecraft:dirt":8,"croptopia:eggplant":2,"born_in_chaos_v1:monster_skin":7,"croptopia:rice_seed":2,"minecraft:leather_boots":1,"croptopia:garlic":1,"minecraft:bone":9,"born_in_chaos_v1:soul_cutlass":1,"minecraft:acacia_planks":2,"minecraft:apple":9,"not_just_sandwich:porkchop_sandwich":1,"cyclic:flower_purple_tulip":5,"gobber2:gobber2_gooey_beef":2,"minecraft:wheat_seeds":20,"minecraft:iron_ingot":7,"minecraft:cooked_chicken":1,"minecraft:bamboo":44,"gobber2:gobber2_gooey_bread":2,"minecraft:acacia_sapling":1,"minecraft:book":34,"iceandfire:copper_nugget":8,"toughasnails:purified_water_canteen":2,"supertools:copperboots":1,"iceandfire:sea_serpent_scales_green":6,"born_in_chaos_v1:ethereal_spirit":1,"croptopia:rice":1,"born_in_chaos_v1:dark_rod":2,"minecraft:jungle_planks":20,"cyclic:flower_absalon_tulip":2,"croptopia:eggplant_seed":1,"iceandfire:lightning_dragon_heart":1,"minecraft:spider_eye":3,"supertools:copperchestplate":1,"minecraft:pumpkin_seeds":21,"minecraft:slime_ball":1,"minecraft:diamond":3,"minecraft:stone_axe":1,"croptopia:leek_seed":1,"minecraft:granite":2,"croptopia:onion_seed":2,"soulsweapons:verglas":7,"minecraft:bread":7,"minecraft:lodestone":1,"born_in_chaos_v1:rotten_fish":2,"minecraft:plenty_pottery_sherd":2,"minecraft:oak_sapling":5,"minecraft:coal":48,"minecraft:black_wool":2,"gobber2:gobber2_goo":1,"croptopia:greenonion":1},"minecraft:used":{"croptopia:anchovy":17,"croptopia:leek":1,"minecraft:stone_sword":24,"minecraft:enchanting_table":1,"gobber2:gobber2_gooey_bread":2,"croptopia:tofu":18,"croptopia:ajvar":1,"minecraft:cooked_chicken":1,"cyclic:flower_absalon_tulip":1,"minecraft:torch":31,"minecraft:dirt":3,"minecraft:jungle_planks":75,"toughasnails:empty_canteen":18,"born_in_chaos_v1:soul_cutlass":28,"cyclic:flower_purple_tulip":1,"wom:iron_staff":20,"gobber2:gobber2_gooey_beef":2,"minecraft:furnace":3,"alexsmobs:banana":2,"minecraft:cooked_beef":21,"minecraft:diorite":2,"supertools:copperleggings":1,"minecraft:water_bucket":10,"epicfight:skillbook":1,"minecraft:bundle":1,"minecraft:stone_pickaxe":132,"minecraft:leather_boots":1,"useless_sword:bamboo_saber":24,"iceandfire:dragon_skull_lightning":1,"toughasnails:water_canteen":157,"minecraft:crafting_table":3,"biomesoplenty:wildflower":1,"minecraft:black_wool":2,"minecraft:apple":1,"minecraft:bread":7,"minecraft:iron_pickaxe":81,"minecraft:stone_axe":117,"minecraft:wooden_sword":1,"minecraft:cobblestone":78,"toughasnails:purified_water_canteen":10,"minecraft:bucket":9,"minecraft:golden_pickaxe":44},"minecraft:broken":{"supertools:copperboots":1,"toughasnails:water_canteen":16,"minecraft:stone_pickaxe":1,"minecraft:iron_helmet":1,"minecraft:golden_pickaxe":1,"toughasnails:purified_water_canteen":2,"supertools:copperleggings":1}},"DataVersion":3465}