{"stats":{"minecraft:custom":{"minecraft:interact_with_furnace":21,"minecraft:mob_kills":21,"minecraft:interact_with_crafting_table":11,"minecraft:damage_dealt_resisted":30,"minecraft:leave_game":1,"minecraft:time_since_death":15548,"minecraft:damage_resisted":0,"minecraft:time_since_rest":15569,"minecraft:sprint_one_cm":89340,"minecraft:damage_taken":1204,"minecraft:walk_one_cm":82364,"minecraft:drop":41,"minecraft:damage_dealt":3808,"minecraft:talked_to_villager":3,"minecraft:swim_one_cm":10699,"minecraft:fly_one_cm":76994,"minecraft:open_chest":6,"minecraft:crouch_one_cm":11638,"minecraft:play_time":51727,"minecraft:deaths":3,"minecraft:sneak_time":4001,"minecraft:walk_under_water_one_cm":3822,"minecraft:jump":438,"minecraft:walk_on_water_one_cm":23080,"minecraft:total_world_time":51727,"minecraft:fall_one_cm":11287},"minecraft:picked_up":{"minecraft:birch_log":2,"born_in_chaos_v1:corpse_maggot":1,"minecraft:crafting_table":2,"minecraft:air":0,"minecraft:chainmail_boots":2,"soulslikeuniverse:blacksamurai_boots":2,"minecraft:leather":6,"minecraft:oak_log":23,"soulslikeuniverse:firetemplesword":1,"minecraft:dirt":40,"minecraft:raw_copper":233,"minecraft:leather_boots":1,"minecraft:apple":19,"cyclic:flower_purple_tulip":6,"minecraft:wheat_seeds":250,"mysticalagriculture:inferium_essence":3,"minecraft:stone_pickaxe":2,"minecraft:beef":14,"minecraft:glass_bottle":10,"minecraft:oak_planks":79,"minecraft:furnace":4,"minecraft:stick":21,"minecraft:raw_iron":5,"apotheosis:gem":1,"minecraft:copper_ingot":6,"minecraft:torch":1,"pointblank:gunmetal_nugget":6,"minecraft:white_dye":1,"minecraft:stone_sword":1,"minecraft:rotten_flesh":5,"soulslikeuniverse:estusflask":9,"epicfight:glove":1,"minecraft:gold_ingot":1,"soulslikeuniverse:knightsoul":4,"minecraft:bread":7,"soulslikeuniverse:repairstone":2,"minecraft:oak_sapling":13,"minecraft:coal":3,"minecraft:cobblestone":134},"minecraft:killed_by":{"minecraft:zombie":1},"minecraft:killed":{"soulslikeuniverse:havel":1,"soulslikeuniverse:ghostsamurai":1,"born_in_chaos_v1:maggot":4,"minecraft:zombie":7,"born_in_chaos_v1:corpse_fly":1,"soulslikeuniverse:templeguard":1,"minecraft:cow":5},"minecraft:crafted":{"minecraft:oak_slab":48,"minecraft:oak_planks":128,"minecraft:crafting_table":2,"minecraft:furnace":2,"minecraft:copper_ingot":41,"minecraft:birch_planks":8,"minecraft:air":0,"minecraft:potion":1,"minecraft:stick":24},"minecraft:dropped":{"minecraft:bread":7,"minecraft:wheat_seeds":1,"minecraft:stone_sword":2,"alexsmobs:animal_dictionary":1,"soulslikeuniverse:repairstone":2,"usefulslime:slime_sling":1,"minecraft:cobblestone":3,"minecraft:rotten_flesh":5,"minecraft:oak_planks":1,"minecraft:apple":9,"croptopia:steamed_clams":30,"patchouli:guide_book":1,"soulslikeuniverse:blacksamurai_boots":2,"minecraft:torch":2,"usefulslime:slime_boots":1,"mysticalagriculture:inferium_essence":1,"minecraft:leather_boots":2,"minecraft:oak_sapling":13,"minecraft:potion":16,"gravestone:obituary":2,"minecraft:beef":2,"minecraft:stone_pickaxe":1},"minecraft:used":{"epicfight:skillbook":2,"minecraft:stone_sword":2,"minecraft:bundle":1,"minecraft:glass_bottle":6,"minecraft:stone_pickaxe":76,"minecraft:oak_planks":25,"minecraft:dirt":26,"minecraft:crafting_table":2,"croptopia:steamed_clams":11,"minecraft:bread":7,"epicfight:glove":70,"minecraft:stone_axe":50,"minecraft:potion":12,"minecraft:cobblestone":56,"minecraft:chainmail_boots":1,"minecraft:furnace":4,"soulslikeuniverse:dagger":8},"minecraft:mined":{"cyclic:flower_purple_tulip":7,"minecraft:crafting_table":2,"gravestone:gravestone":2,"minecraft:grass_block":6,"minecraft:copper_ore":47,"minecraft:cobblestone":10,"minecraft:oak_planks":10,"minecraft:furnace":4,"minecraft:iron_ore":5,"treechop:chopped_log":4,"minecraft:grass":3,"minecraft:oak_log":3,"minecraft:coal_ore":3,"minecraft:dirt":14,"minecraft:stone":91}},"DataVersion":3465}