{"stats":{"minecraft:custom":{"minecraft:mob_kills":24,"minecraft:damage_dealt_resisted":688,"minecraft:leave_game":1,"minecraft:time_since_death":24171,"minecraft:damage_resisted":0,"minecraft:time_since_rest":24244,"minecraft:sprint_one_cm":40750,"minecraft:damage_taken":2925,"minecraft:walk_one_cm":44007,"minecraft:drop":52,"minecraft:damage_dealt":5152,"minecraft:fly_one_cm":29843,"minecraft:crouch_one_cm":6618,"minecraft:sneak_time":3058,"minecraft:play_time":32173,"minecraft:deaths":1,"minecraft:jump":260,"minecraft:walk_on_water_one_cm":1948,"minecraft:total_world_time":32173,"minecraft:fall_one_cm":10477},"minecraft:mined":{"croptopia:cantaloupe_crop":1,"croptopia:grape_crop":1,"gravestone:gravestone":1,"minecraft:grass_block":1,"croptopia:raspberry_crop":1,"treechop:chopped_log":2,"minecraft:oak_log":7,"minecraft:gravel":4,"minecraft:dirt":9,"croptopia:elderberry_crop":1,"minecraft:stone":41,"minecraft:oak_leaves":2},"minecraft:used":{"epicfight:skillbook":5,"minecraft:diorite":1,"minecraft:stone_sword":20,"croptopia:lemon":4,"minecraft:bundle":1,"minecraft:oak_planks":5,"croptopia:starfruit":3,"minecraft:torch":7,"minecraft:dirt":13,"minecraft:carrot":4,"minecraft:tuff":6,"minecraft:iron_axe":16,"cyclic:flower_purple_tulip":1,"soulslikeuniverse:estusflask":4,"minecraft:gravel":9,"minecraft:stone_axe":11,"not_just_sandwich:tropical_fish_sandwich":7,"minecraft:potion":5,"minecraft:cobblestone":36,"soulslikeuniverse:dagger":160,"croptopia:cantaloupe":1,"minecraft:cobbled_deepslate":2},"minecraft:broken":{"minecraft:leather_boots":1,"roughtweaks:plaster":1},"minecraft:crafted":{"minecraft:oak_planks":52,"minecraft:crafting_table":1,"minecraft:torch":12},"minecraft:dropped":{"minecraft:gravel":14,"minecraft:bread":7,"minecraft:stone_axe":1,"born_in_chaos_v1:shattered_skull":1,"minecraft:stone_sword":3,"alexsmobs:animal_dictionary":1,"minecraft:cobbled_deepslate":5,"usefulslime:slime_sling":1,"born_in_chaos_v1:ethereal_spirit":1,"minecraft:feather":1,"minecraft:rotten_flesh":9,"minecraft:apple":9,"croptopia:raspberry":1,"croptopia:grape":1,"alexsmobs:bear_fur":2,"patchouli:guide_book":1,"minecraft:flint":2,"minecraft:milk_bucket":1,"minecraft:diorite":2,"minecraft:torch":1,"usefulslime:slime_boots":1,"mysticalagriculture:inferium_essence":7,"born_in_chaos_v1:corpse_maggot":2,"apotheosis:gem":1,"minecraft:leather_boots":1,"minecraft:potion":10,"gravestone:obituary":1,"minecraft:string":2,"minecraft:music_disc_cat":1,"croptopia:cantaloupe_seed":1,"minecraft:bone":7,"croptopia:elderberry":1},"minecraft:killed":{"born_in_chaos_v1:spiritof_chaos":1,"minecraft:cave_spider":1,"alexsmobs:grizzly_bear":1,"born_in_chaos_v1:baby_skeleton":2,"alexsmobs:seagull":1,"minecraft:creeper":1,"born_in_chaos_v1:decrepit_skeleton":3,"minecraft:skeleton":4,"minecraft:zombie":1,"born_in_chaos_v1:corpse_fly":2,"soulslikeuniverse:darkspirit":1,"minecraft:drowned":2,"minecraft:enderman":1},"minecraft:picked_up":{"born_in_chaos_v1:corpse_maggot":2,"minecraft:air":0,"minecraft:feather":1,"croptopia:grape_seed":2,"alexsmobs:bear_fur":2,"minecraft:potion":4,"minecraft:flint":2,"minecraft:tuff":6,"minecraft:oak_log":20,"minecraft:gunpowder":1,"minecraft:music_disc_cat":1,"minecraft:string":2,"minecraft:dirt":13,"croptopia:cantaloupe":1,"minecraft:iron_axe":1,"minecraft:leather_boots":1,"minecraft:bone":7,"minecraft:apple":10,"cyclic:flower_purple_tulip":1,"mysticalagriculture:inferium_essence":7,"minecraft:cobbled_deepslate":74,"minecraft:raw_gold":1,"croptopia:raspberry":2,"minecraft:iron_ingot":2,"minecraft:glass_bottle":5,"croptopia:elderberry_seed":1,"minecraft:stick":2,"apotheosis:gem":1,"born_in_chaos_v1:shattered_skull":1,"croptopia:plum":9,"roughtweaks:plaster":1,"croptopia:starfruit":3,"minecraft:torch":2,"born_in_chaos_v1:ethereal_spirit":1,"minecraft:gravel":23,"epicfight:skillbook":2,"pointblank:gunmetal_nugget":15,"not_just_sandwich:tropical_fish_sandwich":7,"minecraft:diorite":3,"minecraft:carrot":1,"croptopia:grape":1,"minecraft:stone_sword":2,"croptopia:lemon":4,"minecraft:arrow":4,"croptopia:cantaloupe_seed":2,"minecraft:rotten_flesh":9,"croptopia:persimmon":11,"soulslikeuniverse:estusflask":4,"croptopia:raspberry_seed":2,"minecraft:iron_helmet":1,"minecraft:oak_sapling":10,"minecraft:bread":6,"croptopia:elderberry":1,"minecraft:coal":3,"minecraft:ender_pearl":1,"minecraft:cobblestone":85}},"DataVersion":3465}