{"stats":{"minecraft:killed":{"soulslikeuniverse:thief":2,"vampirism:hunter":1},"minecraft:dropped":{"minecraft:bread":7,"origins:orb_of_origin":1,"minecraft:dark_oak_log":4,"minecraft:stone_sword":1,"minecraft:torch":1,"usefulslime:slime_boots":1,"croptopia:taco":96,"usefulslime:slime_sling":1,"minecraft:leather_boots":1,"toughasnails:purified_water_canteen":5,"minecraft:apple":9,"sophisticatedbackpacks:backpack":1,"wom:diamond_staff":1,"minecraft:stick":3},"minecraft:custom":{"minecraft:time_since_rest":29145,"minecraft:sprint_one_cm":4772,"minecraft:walk_one_cm":11771,"minecraft:mob_kills":3,"minecraft:drop":20,"minecraft:damage_dealt":1136,"minecraft:fly_one_cm":69394,"minecraft:crouch_one_cm":457,"minecraft:play_time":29145,"minecraft:sneak_time":334,"minecraft:walk_under_water_one_cm":1417,"minecraft:jump":64,"minecraft:damage_dealt_resisted":58,"minecraft:leave_game":1,"minecraft:walk_on_water_one_cm":1688,"minecraft:time_since_death":29145,"minecraft:total_world_time":29145},"minecraft:used":{"soulslikeuniverse:mace":1,"epicfight:skillbook":2,"soulslikeuniverse:firetemplesword":1,"minecraft:bundle":1,"minecraft:grass_block":4,"wom:diamond_staff":4,"soulslikeuniverse:lightningspellsword":1,"soulsweapons:silver_sword":1,"soulslikeuniverse:legendarymace":4,"soulslikeuniverse:ringedknightsword":3,"soulslikeuniverse:cinderkinggreatsword":1,"epicfight:uchigatana":6},"minecraft:picked_up":{"minecraft:stick":3,"toughasnails:purified_water_canteen":1,"minecraft:leather":2,"minecraft:torch":1,"biomesoplenty:orange_autumn_sapling":5,"vampirism:amulet":1,"minecraft:dark_oak_log":7,"minecraft:leather_boots":1,"minecraft:stone_sword":1,"minecraft:apple":10,"minecraft:bread":7}},"DataVersion":3465}