{"stats":{"minecraft:custom":{"minecraft:interact_with_furnace":22,"minecraft:mob_kills":24,"minecraft:interact_with_crafting_table":11,"minecraft:open_barrel":1,"minecraft:damage_dealt_resisted":30,"minecraft:leave_game":1,"minecraft:time_since_death":8320,"minecraft:sleep_in_bed":1,"minecraft:climb_one_cm":932,"minecraft:damage_resisted":0,"minecraft:time_since_rest":6485,"minecraft:waystone_activated":1,"minecraft:sprint_one_cm":135459,"minecraft:damage_taken":1654,"minecraft:walk_one_cm":107760,"minecraft:drop":45,"minecraft:damage_dealt":4247,"minecraft:talked_to_villager":3,"minecraft:swim_one_cm":10699,"minecraft:fly_one_cm":122960,"minecraft:open_chest":15,"minecraft:crouch_one_cm":15745,"minecraft:play_time":63727,"minecraft:deaths":4,"minecraft:sneak_time":5277,"minecraft:walk_under_water_one_cm":3822,"minecraft:jump":716,"minecraft:walk_on_water_one_cm":23080,"minecraft:total_world_time":63727,"minecraft:fall_one_cm":19173},"minecraft:picked_up":{"minecraft:birch_log":2,"born_in_chaos_v1:corpse_maggot":1,"minecraft:crafting_table":2,"minecraft:feather":2,"minecraft:air":0,"minecraft:redstone_block":1,"minecraft:chainmail_boots":2,"soulslikeuniverse:blacksamurai_boots":2,"minecraft:leather":6,"minecraft:birch_planks":2,"minecraft:oak_log":25,"gravestone:obituary":1,"minecraft:gunpowder":2,"soulslikeuniverse:firetemplesword":1,"minecraft:dirt":57,"cyclic:flower_cyan":1,"minecraft:raw_copper":251,"minecraft:iron_axe":1,"minecraft:leather_boots":1,"minecraft:white_carpet":1,"minecraft:stone_bricks":4,"croptopia:steamed_clams":2,"minecraft:apple":19,"cyclic:flower_purple_tulip":6,"minecraft:wheat_seeds":251,"mysticalagriculture:inferium_essence":4,"minecraft:stone_pickaxe":2,"minecraft:beef":14,"minecraft:glass_bottle":14,"minecraft:oak_planks":91,"minecraft:furnace":4,"minecraft:stick":21,"minecraft:raw_iron":5,"apotheosis:gem":1,"minecraft:copper_ingot":6,"minecraft:torch":1,"pointblank:gunmetal_nugget":8,"minecraft:white_dye":1,"minecraft:stone_sword":1,"minecraft:rotten_flesh":5,"soulslikeuniverse:estusflask":9,"epicfight:glove":1,"minecraft:gold_ingot":1,"soulslikeuniverse:knightsoul":4,"minecraft:bread":7,"soulslikeuniverse:repairstone":2,"minecraft:oak_sapling":13,"minecraft:coal":3,"minecraft:cobblestone":139},"minecraft:killed_by":{"minecraft:zombie":1},"minecraft:killed":{"soulslikeuniverse:havel":1,"alexsmobs:seagull":1,"soulslikeuniverse:ghostsamurai":1,"minecraft:creeper":1,"born_in_chaos_v1:maggot":4,"minecraft:zombie":7,"soulslikeuniverse:siegmeyer":1,"born_in_chaos_v1:corpse_fly":1,"soulslikeuniverse:templeguard":1,"minecraft:cow":5},"minecraft:crafted":{"minecraft:oak_slab":48,"minecraft:oak_planks":128,"minecraft:crafting_table":2,"minecraft:furnace":2,"minecraft:copper_ingot":41,"minecraft:birch_planks":8,"minecraft:air":0,"minecraft:potion":1,"minecraft:stick":24},"minecraft:dropped":{"minecraft:stone_axe":1,"minecraft:bread":7,"minecraft:wheat_seeds":1,"minecraft:stone_sword":2,"alexsmobs:animal_dictionary":1,"soulslikeuniverse:repairstone":2,"usefulslime:slime_sling":1,"minecraft:cobblestone":3,"minecraft:rotten_flesh":5,"minecraft:oak_planks":1,"minecraft:apple":9,"croptopia:steamed_clams":30,"patchouli:guide_book":1,"soulslikeuniverse:blacksamurai_boots":2,"minecraft:torch":2,"usefulslime:slime_boots":1,"mysticalagriculture:inferium_essence":1,"minecraft:leather_boots":2,"minecraft:oak_sapling":13,"minecraft:potion":16,"gravestone:obituary":4,"minecraft:stone_bricks":1,"minecraft:beef":2,"minecraft:stone_pickaxe":1},"minecraft:used":{"epicfight:skillbook":2,"minecraft:stone_sword":2,"minecraft:bundle":1,"minecraft:glass_bottle":6,"minecraft:stone_pickaxe":94,"minecraft:oak_planks":40,"minecraft:dirt":43,"minecraft:crafting_table":2,"minecraft:oak_log":2,"croptopia:steamed_clams":13,"minecraft:iron_axe":1,"minecraft:bread":7,"epicfight:glove":74,"minecraft:stone_bricks":3,"minecraft:stone_axe":75,"minecraft:potion":16,"minecraft:cobblestone":61,"minecraft:chainmail_boots":1,"minecraft:furnace":4,"soulslikeuniverse:dagger":8},"minecraft:mined":{"minecraft:scaffolding":1,"minecraft:redstone_block":1,"cyclic:flower_purple_tulip":7,"minecraft:crafting_table":2,"gravestone:gravestone":3,"biomesoplenty:bush":5,"minecraft:grass_block":6,"minecraft:copper_ore":53,"minecraft:cobblestone":16,"minecraft:oak_planks":22,"minecraft:birch_planks":2,"minecraft:furnace":4,"minecraft:iron_ore":5,"treechop:chopped_log":4,"minecraft:grass":3,"minecraft:oak_log":5,"minecraft:coal_ore":3,"minecraft:dirt":14,"minecraft:stone_bricks":4,"minecraft:stone":91}},"DataVersion":3465}