{"stats":{"minecraft:crafted":{"minecraft:oak_planks":68,"sophisticatedbackpacks:copper_backpack":1,"minecraft:leather":8,"minecraft:chest":1,"minecraft:cooked_beef":5,"minecraft:crafting_table":3,"minecraft:copper_ingot":38,"minecraft:air":0,"minecraft:jungle_planks":84,"minecraft:stick":56,"minecraft:iron_ingot":3},"minecraft:mined":{"iceandfire:copper_pile":1,"croptopia:onion_crop":1,"minecraft:chiseled_bookshelf":3,"minecraft:grass_block":3,"minecraft:decorated_pot":5,"minecraft:jungle_planks":19,"minecraft:jungle_log":1,"minecraft:sandstone_stairs":1,"minecraft:iron_ore":1,"treechop:chopped_log":3,"minecraft:bookshelf":8,"croptopia:rhubarb_crop":1,"croptopia:greenonion_crop":1,"minecraft:bamboo":4,"minecraft:stone":43,"croptopia:eggplant_crop":1,"cyclic:flower_purple_tulip":1,"minecraft:crafting_table":2,"minecraft:torch":3,"croptopia:garlic_crop":1,"minecraft:melon":6,"minecraft:chest":1,"minecraft:campfire":1,"minecraft:copper_ore":23,"minecraft:cobblestone":7,"minecraft:wall_torch":4,"minecraft:black_bed":1,"croptopia:vanilla_crop":2,"minecraft:grass":5,"minecraft:black_wool":2,"minecraft:coal_ore":15,"minecraft:oak_log":1,"croptopia:rice_crop":1,"minecraft:fern":3},"minecraft:killed":{"born_in_chaos_v1:zombie_clown":1,"vampirism:vampire":3,"alexsmobs:seagull":1,"born_in_chaos_v1:zombie_bruiser":1,"born_in_chaos_v1:maggot":1,"minecraft:drowned":1,"alexsmobs:kangaroo":1,"born_in_chaos_v1:zombie_fisherman":1,"minecraft:zombie":5,"born_in_chaos_v1:dread_hound":7,"born_in_chaos_v1:dark_vortex":1,"iceandfire:lightning_dragon":1},"minecraft:dropped":{"minecraft:bread":7,"minecraft:wheat_seeds":7,"minecraft:crafting_table":1,"croptopia:eggplant":2,"minecraft:sandstone_stairs":1,"minecraft:plenty_pottery_sherd":2,"minecraft:feather":2,"croptopia:rice":1,"minecraft:tube_coral_fan":14,"minecraft:apple":17,"minecraft:copper_ingot":23,"minecraft:bubble_coral_fan":9,"minecraft:acacia_log":1,"minecraft:cod":4,"born_in_chaos_v1:monster_flesh":6,"minecraft:dirt":1,"minecraft:diorite":8,"iceandfire:copper_nugget":8,"minecraft:torch":1,"minecraft:jungle_sapling":8,"spartanweaponry:copper_greatsword":1,"croptopia:vanilla":1,"useless_sword:bamboo_saber":1,"croptopia:onion":1,"minecraft:brain_coral_fan":12,"minecraft:bubble_coral":6,"minecraft:stone_sword":2,"alexsmobs:animal_dictionary":1,"born_in_chaos_v1:ethereal_spirit":1,"born_in_chaos_v1:rotten_fish":2,"minecraft:rotten_flesh":5,"croptopia:rhubarb":1,"iceandfire:crackled_gravel":5,"minecraft:salmon":2,"mysticalagriculture:inferium_essence":1,"born_in_chaos_v1:corpse_maggot":1,"minecraft:leather_boots":2,"minecraft:acacia_sapling":1,"alexsmobs:banana":1,"croptopia:greenonion":1,"minecraft:brick":7,"born_in_chaos_v1:dark_rod":2,"croptopia:garlic":1},"minecraft:custom":{"minecraft:mob_kills":24,"minecraft:interact_with_crafting_table":19,"minecraft:interact_with_campfire":1,"minecraft:damage_dealt_resisted":393,"minecraft:leave_game":3,"minecraft:time_since_death":75266,"minecraft:climb_one_cm":837,"minecraft:damage_resisted":0,"minecraft:sprint_one_cm":121781,"minecraft:walk_one_cm":140766,"minecraft:drop":70,"minecraft:play_time":75266,"minecraft:sneak_time":1278,"minecraft:walk_under_water_one_cm":33445,"minecraft:jump":721,"minecraft:walk_on_water_one_cm":59122,"minecraft:total_world_time":75266,"minecraft:interact_with_furnace":30,"minecraft:time_since_rest":75266,"minecraft:damage_taken":2370,"minecraft:damage_dealt":7585,"minecraft:swim_one_cm":74439,"minecraft:fly_one_cm":225295,"minecraft:open_chest":18,"minecraft:crouch_one_cm":7797,"minecraft:fall_one_cm":17495},"minecraft:picked_up":{"iceandfire:dragon_skull_lightning":1,"minecraft:charcoal":2,"minecraft:crafting_table":2,"croptopia:onion":1,"minecraft:brick":7,"minecraft:raw_copper":79,"mysticalagriculture:inferium_essence":1,"alexsmobs:banana":3,"minecraft:jungle_sapling":12,"minecraft:melon_slice":22,"minecraft:chest":1,"minecraft:stick":11,"minecraft:raw_iron":1,"minecraft:torch":8,"minecraft:acacia_log":1,"croptopia:rhubarb_seed":2,"croptopia:vanilla":1,"iceandfire:crackled_gravel":5,"iceandfire:lightning_dragon_blood":2,"minecraft:diorite":8,"supertools:copperleggings":1,"minecraft:stone_sword":1,"minecraft:rotten_flesh":16,"croptopia:rhubarb":1,"minecraft:sandstone_stairs":1,"croptopia:vanilla_seeds":3,"croptopia:garlic_seed":2,"minecraft:cod":4,"minecraft:cobblestone":40,"born_in_chaos_v1:corpse_maggot":1,"minecraft:feather":2,"born_in_chaos_v1:monster_flesh":8,"minecraft:jungle_log":149,"minecraft:salmon":2,"minecraft:black_bed":1,"croptopia:greenonion_seed":2,"minecraft:oak_log":19,"minecraft:dirt":3,"croptopia:eggplant":2,"born_in_chaos_v1:monster_skin":4,"croptopia:rice_seed":2,"minecraft:leather_boots":1,"croptopia:garlic":1,"minecraft:bone":1,"minecraft:apple":9,"not_just_sandwich:porkchop_sandwich":1,"cyclic:flower_purple_tulip":1,"minecraft:wheat_seeds":8,"minecraft:iron_ingot":1,"minecraft:bamboo":44,"minecraft:acacia_sapling":1,"minecraft:book":34,"iceandfire:copper_nugget":8,"toughasnails:purified_water_canteen":2,"supertools:copperboots":1,"born_in_chaos_v1:ethereal_spirit":1,"croptopia:rice":1,"minecraft:jungle_planks":18,"born_in_chaos_v1:dark_rod":2,"croptopia:eggplant_seed":1,"supertools:copperchestplate":1,"croptopia:onion_seed":2,"minecraft:bread":7,"minecraft:oak_sapling":5,"minecraft:plenty_pottery_sherd":2,"born_in_chaos_v1:rotten_fish":2,"minecraft:black_wool":2,"minecraft:coal":15,"croptopia:greenonion":1},"minecraft:used":{"croptopia:anchovy":17,"minecraft:stone_sword":24,"croptopia:tofu":18,"croptopia:ajvar":1,"minecraft:torch":9,"minecraft:dirt":2,"toughasnails:empty_canteen":5,"minecraft:jungle_planks":61,"cyclic:flower_purple_tulip":1,"wom:iron_staff":20,"minecraft:furnace":1,"alexsmobs:banana":2,"supertools:copperleggings":1,"minecraft:bundle":1,"minecraft:stone_pickaxe":82,"iceandfire:dragon_skull_lightning":1,"minecraft:leather_boots":1,"useless_sword:bamboo_saber":24,"toughasnails:water_canteen":62,"minecraft:crafting_table":3,"minecraft:black_wool":2,"minecraft:apple":1,"minecraft:bread":7,"minecraft:stone_axe":109,"minecraft:cobblestone":9,"toughasnails:purified_water_canteen":10},"minecraft:broken":{"toughasnails:water_canteen":3,"toughasnails:purified_water_canteen":2}},"DataVersion":3465}