{"stats":{"minecraft:crafted":{"minecraft:crafting_table":1,"minecraft:stick":16,"minecraft:jungle_planks":76},"minecraft:mined":{"croptopia:eggplant_crop":1,"minecraft:crafting_table":1,"minecraft:grass":2,"minecraft:grass_block":2,"minecraft:bamboo":4,"minecraft:fern":1},"minecraft:killed":{"born_in_chaos_v1:zombie_clown":1,"vampirism:vampire":2,"born_in_chaos_v1:maggot":1},"minecraft:dropped":{"minecraft:bread":7,"minecraft:stone_sword":1,"minecraft:torch":1,"minecraft:leather_boots":1,"minecraft:apple":9},"minecraft:custom":{"minecraft:time_since_rest":11494,"minecraft:sprint_one_cm":7149,"minecraft:damage_taken":339,"minecraft:walk_one_cm":18874,"minecraft:mob_kills":4,"minecraft:drop":5,"minecraft:damage_dealt":1094,"minecraft:swim_one_cm":1062,"minecraft:interact_with_crafting_table":2,"minecraft:fly_one_cm":6692,"minecraft:crouch_one_cm":1627,"minecraft:play_time":11494,"minecraft:sneak_time":266,"minecraft:walk_under_water_one_cm":2716,"minecraft:damage_dealt_resisted":295,"minecraft:jump":87,"minecraft:leave_game":2,"minecraft:walk_on_water_one_cm":5462,"minecraft:time_since_death":11494,"minecraft:damage_resisted":0,"minecraft:total_world_time":11494,"minecraft:fall_one_cm":1254},"minecraft:picked_up":{"born_in_chaos_v1:corpse_maggot":1,"minecraft:stick":4,"minecraft:crafting_table":1,"minecraft:jungle_log":19,"minecraft:torch":1,"croptopia:eggplant_seed":1,"minecraft:dirt":2,"croptopia:eggplant":1,"minecraft:leather_boots":1,"minecraft:stone_sword":1,"minecraft:apple":9,"alexsmobs:banana":2,"minecraft:jungle_sapling":4,"minecraft:bread":7,"minecraft:bamboo":42},"minecraft:used":{"minecraft:stone_sword":15,"minecraft:bundle":1,"minecraft:bread":5,"useless_sword:bamboo_saber":16,"minecraft:leather_boots":1,"minecraft:torch":1,"minecraft:dirt":1,"minecraft:crafting_table":1,"minecraft:jungle_planks":3}},"DataVersion":3465}