{"stats":{"minecraft:custom":{"minecraft:interact_with_furnace":8,"minecraft:mob_kills":18,"minecraft:interact_with_crafting_table":6,"minecraft:damage_dealt_resisted":30,"minecraft:time_since_death":5842,"minecraft:time_since_rest":5867,"minecraft:sprint_one_cm":47081,"minecraft:damage_taken":826,"minecraft:walk_one_cm":42594,"minecraft:drop":24,"minecraft:damage_dealt":3196,"minecraft:swim_one_cm":7372,"minecraft:fly_one_cm":35805,"minecraft:crouch_one_cm":6850,"minecraft:play_time":28144,"minecraft:deaths":2,"minecraft:sneak_time":2242,"minecraft:walk_under_water_one_cm":2381,"minecraft:jump":237,"minecraft:walk_on_water_one_cm":14878,"minecraft:total_world_time":28144,"minecraft:fall_one_cm":7419},"minecraft:picked_up":{"born_in_chaos_v1:corpse_maggot":1,"minecraft:crafting_table":1,"minecraft:air":0,"minecraft:chainmail_boots":1,"minecraft:leather":3,"minecraft:oak_log":16,"minecraft:dirt":20,"minecraft:raw_copper":103,"minecraft:leather_boots":1,"minecraft:apple":9,"mysticalagriculture:inferium_essence":2,"minecraft:beef":14,"minecraft:glass_bottle":2,"minecraft:oak_planks":1,"minecraft:furnace":1,"minecraft:stick":1,"minecraft:raw_iron":5,"apotheosis:gem":1,"minecraft:copper_ingot":5,"minecraft:torch":1,"minecraft:stone_sword":1,"minecraft:rotten_flesh":5,"soulslikeuniverse:estusflask":2,"minecraft:bread":7,"soulslikeuniverse:knightsoul":1,"soulslikeuniverse:repairstone":1,"minecraft:oak_sapling":9,"minecraft:coal":1,"minecraft:cobblestone":93},"minecraft:killed_by":{"minecraft:zombie":1},"minecraft:killed":{"soulslikeuniverse:havel":1,"born_in_chaos_v1:maggot":4,"minecraft:zombie":7,"born_in_chaos_v1:corpse_fly":1,"minecraft:cow":5},"minecraft:crafted":{"minecraft:oak_planks":100,"minecraft:oak_slab":48,"minecraft:crafting_table":1,"minecraft:furnace":1,"minecraft:copper_ingot":36,"minecraft:air":0,"minecraft:stick":24},"minecraft:dropped":{"minecraft:bread":7,"minecraft:stone_sword":2,"alexsmobs:animal_dictionary":1,"minecraft:cobblestone":3,"minecraft:rotten_flesh":2,"minecraft:oak_planks":1,"minecraft:apple":9,"patchouli:guide_book":1,"minecraft:torch":2,"mysticalagriculture:inferium_essence":1,"minecraft:leather_boots":2,"minecraft:oak_sapling":9,"gravestone:obituary":2,"minecraft:beef":2},"minecraft:used":{"epicfight:skillbook":2,"minecraft:stone_sword":2,"minecraft:bundle":1,"minecraft:stone_pickaxe":43,"minecraft:oak_planks":15,"minecraft:dirt":20,"minecraft:crafting_table":1,"croptopia:steamed_clams":1,"minecraft:bread":7,"epicfight:glove":58,"minecraft:stone_axe":27,"minecraft:potion":3,"minecraft:cobblestone":29,"minecraft:furnace":1,"soulslikeuniverse:dagger":8},"minecraft:mined":{"minecraft:crafting_table":1,"gravestone:gravestone":2,"minecraft:grass_block":6,"minecraft:copper_ore":27,"minecraft:cobblestone":3,"minecraft:furnace":1,"minecraft:iron_ore":5,"treechop:chopped_log":3,"minecraft:grass":1,"minecraft:coal_ore":1,"minecraft:dirt":14,"minecraft:stone":90}},"DataVersion":3465}