{"stats":{"minecraft:crafted":{"minecraft:oak_planks":100,"minecraft:glass":6,"sophisticatedbackpacks:copper_backpack":1,"minecraft:chest":1,"minecraft:crafting_table":3,"minecraft:copper_ingot":45,"croptopia:ginger_seed":1,"minecraft:purple_dye":2,"toughasnails:water_purifier":1,"minecraft:stick":56,"minecraft:iron_ingot":51,"minecraft:light_gray_dye":3,"minecraft:bone_meal":12,"minecraft:leather":14,"minecraft:lime_dye":2,"minecraft:cooked_beef":5,"minecraft:air":0,"minecraft:jungle_planks":84,"minecraft:white_dye":2,"minecraft:torch":32},"minecraft:mined":{"iceandfire:copper_pile":1,"minecraft:granite":1,"minecraft:grass_block":7,"gobber2:gobber2_lucky_block":6,"minecraft:jungle_log":1,"iceandfire:lectern":1,"minecraft:coal_block":4,"mysticalagriculture:inferium_ore":2,"minecraft:sandstone_stairs":1,"minecraft:spawner":1,"minecraft:iron_ore":54,"minecraft:enchanting_table":1,"minecraft:iron_bars":6,"minecraft:light_gray_concrete":8,"cyclic:flower_lime_carnation":1,"croptopia:eggplant_crop":1,"biomesoplenty:wildflower":1,"minecraft:torch":3,"croptopia:garlic_crop":1,"minecraft:poppy":1,"minecraft:melon":6,"minecraft:chest":2,"minecraft:glass":1,"minecraft:cobblestone":17,"minecraft:oak_planks":1,"minecraft:wall_torch":4,"paraglider:horned_statue":1,"minecraft:black_bed":1,"croptopia:vanilla_crop":2,"minecraft:grass":16,"minecraft:oak_log":1,"croptopia:rice_crop":1,"minecraft:sand":67,"minecraft:dirt":3,"soulsweapons:verglas_ore":7,"mysticalagriculture:prosperity_ore":2,"croptopia:onion_crop":1,"minecraft:chiseled_bookshelf":3,"minecraft:decorated_pot":8,"minecraft:jungle_planks":20,"cgm:workbench":3,"minecraft:hay_block":34,"minecraft:furnace":3,"minecraft:andesite":2,"treechop:chopped_log":4,"croptopia:squash_crop":1,"minecraft:bookshelf":8,"croptopia:rhubarb_crop":1,"minecraft:vine":4,"minecraft:lantern":1,"croptopia:greenonion_crop":1,"minecraft:bamboo":4,"minecraft:stone":118,"minecraft:smithing_table":1,"cyclic:flower_purple_tulip":2,"minecraft:crafting_table":2,"minecraft:campfire":1,"minecraft:tall_grass":3,"minecraft:copper_ore":37,"minecraft:diorite":2,"croptopia:leek_crop":1,"croptopia:tomato_crop":1,"minecraft:black_wool":2,"minecraft:coal_ore":43,"minecraft:gravel":5,"minecraft:lodestone":1,"croptopia:rutabaga_crop":1,"minecraft:acacia_planks":2,"minecraft:mossy_stone_bricks":1,"minecraft:fern":3},"minecraft:killed":{"born_in_chaos_v1:zombie_clown":1,"vampirism:vampire":11,"born_in_chaos_v1:mr_pumpkin":5,"vampirism:advanced_vampire":1,"born_in_chaos_v1:door_knight_not_despawn":1,"born_in_chaos_v1:sir_the_headless":1,"minecraft:spider":11,"born_in_chaos_v1:siamese_skeletonsright":2,"born_in_chaos_v1:baby_skeleton_minion":1,"minecraft:skeleton":7,"alexsmobs:kangaroo":1,"born_in_chaos_v1:bonescaller":1,"minecraft:creeper":5,"vampirism:hunter":1,"minecraft:trader_llama":2,"born_in_chaos_v1:zombie_fisherman":1,"minecraft:zombie":14,"born_in_chaos_v1:dread_hound":10,"born_in_chaos_v1:corpse_fly":3,"iceandfire:lightning_dragon":2,"born_in_chaos_v1:door_knight":1,"born_in_chaos_v1:siamese_skeletonsleft":1,"iceandfire:sea_serpent":1,"alexsmobs:seagull":1,"born_in_chaos_v1:zombie_bruiser":2,"born_in_chaos_v1:maggot":2,"born_in_chaos_v1:pumpkinhead":1,"minecraft:drowned":1,"born_in_chaos_v1:fallen_chaos_knight":2,"born_in_chaos_v1:felsteed":1,"born_in_chaos_v1:baby_skeleton":1,"minecraft:squid":1,"born_in_chaos_v1:decrepit_skeleton":6,"alexsmobs:elephant":1,"born_in_chaos_v1:dark_vortex":1},"minecraft:dropped":{"minecraft:iron_sword":4,"croptopia:flour":1,"minecraft:diamond":4,"minecraft:crafting_table":1,"minecraft:sandstone_stairs":1,"croptopia:eggplant":2,"minecraft:crossbow":2,"minecraft:black_bed":4,"minecraft:leather":16,"minecraft:tube_coral_fan":14,"spartanfire:dragon_bone_boomerang":1,"minecraft:jungle_planks":1,"born_in_chaos_v1:pieceofdarkmetal":8,"minecraft:bubble_coral_fan":9,"minecraft:leather_helmet":1,"paraglider:spirit_orb":2,"minecraft:cod":4,"minecraft:flint":13,"born_in_chaos_v1:monster_flesh":11,"minecraft:dirt":5,"cyclic:crafting_bag":2,"minecraft:cornflower":1,"minecraft:jungle_sapling":8,"minecraft:gold_nugget":12,"minecraft:wooden_sword":1,"born_in_chaos_v1:trident_hayfork":1,"gobber2:gobber2_goo":1,"minecraft:stripped_oak_wood":5,"cyclic:flower_purple_tulip":4,"minecraft:gold_ingot":6,"minecraft:bone":20,"croptopia:onion":1,"minecraft:brain_coral_fan":12,"minecraft:stone_axe":3,"alexsmobs:animal_dictionary":1,"cyclic:flower_absalon_tulip":3,"minecraft:wheat":15,"minecraft:obsidian":6,"born_in_chaos_v1:ethereal_spirit":1,"minecraft:rotten_flesh":62,"minecraft:lime_dye":3,"gobber2:gobber2_gooey_beefstew":1,"cyclic:flower_lime_carnation":11,"iceandfire:crackled_gravel":5,"minecraft:salmon":2,"minecraft:carrot":1,"patchouli:guide_book":3,"croptopia:greenonion_seed":6,"born_in_chaos_v1:seedof_chaos":3,"minecraft:gunpowder":4,"soulsweapons:verglas":9,"croptopia:rice_seed":4,"minecraft:charcoal":17,"minecraft:jungle_log":192,"mysticalagriculture:inferium_essence":49,"minecraft:leather_boots":2,"born_in_chaos_v1:corpse_maggot":3,"apotheosis:gem":3,"minecraft:acacia_sapling":1,"croptopia:onion_seed":8,"minecraft:arrow":11,"minecraft:glass":1,"alexsmobs:banana":1,"croptopia:greenonion":1,"minecraft:enchanting_table":4,"born_in_chaos_v1:dark_rod":2,"croptopia:garlic":1,"minecraft:iron_ingot":234,"minecraft:enchanted_book":12,"croptopia:garlic_seed":4,"minecraft:bread":7,"iceandfire:lightning_dragon_blood":6,"born_in_chaos_v1:shattered_skull":1,"minecraft:wheat_seeds":20,"croptopia:vanilla_seeds":12,"minecraft:mourner_pottery_sherd":1,"croptopia:ajvar_toast":30,"minecraft:smithing_table":2,"minecraft:plenty_pottery_sherd":3,"minecraft:cobblestone":40,"born_in_chaos_v1:holiday_candy":46,"minecraft:feather":2,"minecraft:book":33,"croptopia:rice":1,"minecraft:apple":27,"minecraft:granite":2,"iceandfire:sea_serpent_scales_green":12,"minecraft:copper_ingot":23,"supertools:copperchestplate":1,"minecraft:acacia_log":1,"minecraft:chainmail_helmet":1,"vampirism:amulet":4,"minecraft:coal":73,"minecraft:stick":98,"not_just_sandwich:porkchop_sandwich":3,"born_in_chaos_v1:gnawed_bones":1,"minecraft:diorite":8,"minecraft:golden_carrot":10,"iceandfire:copper_nugget":8,"minecraft:torch":1,"minecraft:lodestone":3,"croptopia:tomato":1,"minecraft:melon_slice":88,"born_in_chaos_v1:fused_bone":1,"born_in_chaos_v1:stimulating_decoction":1,"mysticalagriculture:prosperity_shard":4,"spartanweaponry:copper_greatsword":1,"minecraft:iron_shovel":3,"croptopia:vanilla":1,"minecraft:string":27,"useless_sword:bamboo_saber":1,"minecraft:bucket":1,"minecraft:acacia_planks":2,"waystones:attuned_shard":1,"iceandfire:dragonbone":18,"croptopia:eggplant_seed":2,"minecraft:furnace":2,"minecraft:bubble_coral":6,"minecraft:stone_sword":2,"iceandfire:lightning_dragon_heart":4,"minecraft:raw_iron":42,"croptopia:leek_seed":1,"born_in_chaos_v1:rotten_fish":2,"iceandfire:dragonscales_electric":32,"croptopia:rhubarb_seed":6,"iceandfire:armor_copper_metal_helmet":1,"born_in_chaos_v1:spiritual_dust":6,"croptopia:rhubarb":1,"minecraft:pumpkin_seeds":80,"minecraft:spruce_trapdoor":2,"minecraft:andesite":5,"minecraft:oak_sapling":1,"minecraft:light_gray_dye":2,"minecraft:spider_eye":3,"minecraft:bamboo":168,"minecraft:slime_ball":3,"sophisticatedbackpacks:copper_backpack":1,"iceandfire:sea_serpent_fang":2,"iceandfire:dragon_skull_lightning":2,"minecraft:brick":7},"minecraft:custom":{"minecraft:interact_with_crafting_table":22,"minecraft:open_barrel":9,"minecraft:leave_game":4,"minecraft:time_since_death":194509,"minecraft:damage_resisted":0,"minecraft:sprint_one_cm":647477,"minecraft:drop":373,"minecraft:talked_to_villager":1,"minecraft:play_time":194509,"minecraft:jump":2515,"minecraft:interact_with_brewingstand":2,"minecraft:walk_on_water_one_cm":95713,"minecraft:interact_with_furnace":57,"minecraft:waystone_activated":3,"minecraft:damage_dealt":29005,"minecraft:crouch_one_cm":20873,"minecraft:mob_kills":105,"minecraft:interact_with_campfire":1,"minecraft:damage_dealt_resisted":2881,"minecraft:climb_one_cm":6000,"minecraft:walk_one_cm":528182,"vampirism:skills_unlocked":1,"minecraft:sneak_time":3799,"minecraft:walk_under_water_one_cm":122209,"minecraft:interact_with_blast_furnace":4,"minecraft:total_world_time":194509,"minecraft:time_since_rest":194509,"minecraft:damage_taken":7902,"minecraft:trigger_trapped_chest":1,"minecraft:swim_one_cm":196969,"minecraft:fly_one_cm":968376,"minecraft:open_chest":81,"minecraft:fall_one_cm":51365},"minecraft:picked_up":{"minecraft:wheat":15,"minecraft:smithing_table":3,"minecraft:enchanted_book":12,"born_in_chaos_v1:holiday_candy":69,"minecraft:string":39,"minecraft:raw_copper":165,"minecraft:experience_bottle":1,"mysticalagriculture:inferium_essence":57,"minecraft:gold_nugget":12,"alexsmobs:banana":3,"minecraft:bucket":1,"born_in_chaos_v1:stimulating_decoction":1,"minecraft:melon_slice":110,"minecraft:coal_block":4,"minecraft:furnace":5,"minecraft:stick":110,"apotheosis:gem":3,"born_in_chaos_v1:shattered_skull":1,"croptopia:rutabaga":1,"minecraft:acacia_log":1,"minecraft:torch":9,"mysticalagriculture:prosperity_shard":4,"epicfight:skillbook":1,"croptopia:vanilla":1,"iceandfire:lightning_dragon_flesh":3,"iceandfire:crackled_gravel":5,"iceandfire:lightning_dragon_blood":8,"minecraft:diorite":10,"vampirism:amulet":4,"minecraft:stone_sword":1,"minecraft:rotten_flesh":88,"croptopia:squash_seed":2,"alexsmobs:emu_egg":1,"croptopia:vanilla_seeds":15,"minecraft:obsidian":12,"minecraft:cod":4,"croptopia:garlic_seed":6,"minecraft:cobblestone":164,"minecraft:enchanting_table":5,"minecraft:feather":2,"born_in_chaos_v1:spiritual_dust":6,"minecraft:andesite":5,"minecraft:jungle_log":341,"croptopia:flour":1,"minecraft:black_bed":5,"paraglider:spirit_orb":2,"minecraft:flint":13,"minecraft:dirt":8,"minecraft:lantern":3,"croptopia:eggplant":2,"born_in_chaos_v1:monster_skin":7,"minecraft:leather_boots":1,"minecraft:bone":34,"minecraft:acacia_planks":2,"gobber2:gobber2_gooey_beef":2,"minecraft:wheat_seeds":21,"minecraft:bamboo":212,"minecraft:oak_planks":1,"gobber2:gobber2_gooey_bread":2,"iceandfire:dragonscales_amythest":6,"toughasnails:purified_water_canteen":2,"patchouli:guide_book":3,"croptopia:ginger":1,"croptopia:rice":1,"minecraft:sand":67,"minecraft:jungle_planks":20,"cyclic:flower_absalon_tulip":4,"minecraft:ink_sac":1,"minecraft:lily_of_the_valley":2,"croptopia:eggplant_seed":3,"iceandfire:lightning_dragon_heart":6,"minecraft:light_gray_concrete":8,"minecraft:diamond":7,"iceandfire:lectern":1,"waystones:waystone":1,"croptopia:leek_seed":1,"minecraft:crossbow":2,"minecraft:granite":2,"croptopia:onion_seed":10,"soulsweapons:verglas":10,"minecraft:bread":7,"minecraft:oak_sapling":6,"minecraft:plenty_pottery_sherd":3,"born_in_chaos_v1:rotten_fish":2,"croptopia:greenonion":1,"gobber2:gobber2_goo":1,"minecraft:charcoal":19,"iceandfire:dragon_skull_lightning":4,"minecraft:crafting_table":2,"born_in_chaos_v1:seedof_chaos":3,"minecraft:mourner_pottery_sherd":1,"croptopia:onion":1,"minecraft:brick":16,"minecraft:cornflower":1,"minecraft:wooden_sword":1,"cgm:shotgun":1,"minecraft:item_frame":1,"minecraft:iron_shovel":3,"cyclic:flower_lime_carnation":12,"croptopia:tomato_seed":2,"born_in_chaos_v1:gnawed_bones":1,"minecraft:jungle_sapling":12,"biomesoplenty:wildflower":1,"iceandfire:dragonscales_electric":40,"minecraft:chest":2,"minecraft:spruce_trapdoor":2,"minecraft:raw_iron":97,"iceandfire:dragonbone":105,"minecraft:copper_ingot":1,"croptopia:rhubarb_seed":8,"born_in_chaos_v1:pieceofdarkmetal":8,"minecraft:carrot":1,"supertools:copperleggings":1,"minecraft:arrow":13,"minecraft:hay_block":34,"minecraft:sandstone_stairs":1,"croptopia:rhubarb":1,"paraglider:horned_statue":1,"born_in_chaos_v1:trident_hayfork":1,"born_in_chaos_v1:fused_bone":3,"born_in_chaos_v1:corpse_maggot":3,"minecraft:golden_carrot":10,"iceandfire:sea_serpent_fang":3,"born_in_chaos_v1:monster_flesh":12,"born_in_chaos_v1:pumpkin_staff":1,"minecraft:salmon":2,"gobber2:gobber2_gooey_beefstew":1,"minecraft:leather":18,"croptopia:greenonion_seed":8,"minecraft:oak_log":27,"minecraft:chainmail_chestplate":1,"croptopia:leek":1,"iceandfire:armor_copper_metal_helmet":1,"minecraft:gunpowder":4,"croptopia:rice_seed":6,"croptopia:garlic":1,"born_in_chaos_v1:soul_cutlass":1,"minecraft:apple":21,"not_just_sandwich:porkchop_sandwich":4,"cyclic:flower_purple_tulip":6,"croptopia:squash":1,"minecraft:iron_ingot":245,"minecraft:cooked_chicken":1,"croptopia:tomato":1,"minecraft:stripped_oak_wood":5,"minecraft:iron_sword":3,"minecraft:acacia_sapling":1,"minecraft:book":67,"iceandfire:copper_nugget":8,"supertools:copperboots":1,"iceandfire:sea_serpent_scales_green":18,"born_in_chaos_v1:ethereal_spirit":1,"minecraft:gravel":4,"born_in_chaos_v1:dark_rod":2,"croptopia:rutabaga_seed":2,"minecraft:spider_eye":3,"supertools:copperchestplate":1,"minecraft:lime_dye":1,"minecraft:pumpkin_seeds":101,"minecraft:slime_ball":4,"minecraft:stone_axe":1,"croptopia:ajvar_toast":30,"croptopia:orange":10,"minecraft:lodestone":4,"minecraft:black_wool":2,"cgm:workbench":3,"cyclic:crafting_bag":2,"minecraft:coal":121},"minecraft:used":{"alexsmobs:emu_egg":1,"croptopia:leek":1,"minecraft:iron_shovel":73,"gobber2:gobber2_gooey_bread":2,"minecraft:jungle_planks":75,"born_in_chaos_v1:soul_cutlass":109,"born_in_chaos_v1:smoked_flesh":14,"minecraft:lantern":3,"cyclic:flower_purple_tulip":1,"wom:iron_staff":20,"minecraft:item_frame":1,"minecraft:sweet_berries":5,"minecraft:furnace":4,"epicfight:skillbook":1,"minecraft:diorite":2,"minecraft:stone_pickaxe":132,"minecraft:oak_planks":9,"useless_sword:bamboo_saber":24,"toughasnails:water_canteen":205,"croptopia:rutabaga":1,"born_in_chaos_v1:holiday_candy":6,"waystones:waystone":2,"minecraft:bread":7,"minecraft:wooden_sword":1,"minecraft:chainmail_boots":1,"not_just_sandwich:porkchop_sandwich":1,"minecraft:golden_pickaxe":44,"minecraft:experience_bottle":1,"croptopia:anchovy":17,"minecraft:enchanting_table":1,"minecraft:stone_sword":24,"toughasnails:water_purifier":1,"croptopia:tofu":18,"croptopia:ajvar":1,"cyclic:flower_absalon_tulip":1,"minecraft:cooked_chicken":1,"minecraft:torch":31,"minecraft:dirt":3,"cgm:workbench":3,"toughasnails:empty_canteen":22,"paraglider:horned_statue":1,"gobber2:gobber2_gooey_beef":2,"croptopia:squash":1,"alexsmobs:banana":2,"minecraft:cooked_beef":22,"born_in_chaos_v1:mint_ice_cream":1,"minecraft:water_bucket":18,"supertools:copperleggings":1,"minecraft:bundle":1,"iceandfire:dragon_skull_lightning":2,"minecraft:leather_boots":1,"minecraft:crafting_table":3,"minecraft:light_gray_concrete_powder":8,"biomesoplenty:wildflower":1,"minecraft:black_wool":2,"minecraft:apple":1,"minecraft:iron_pickaxe":124,"minecraft:leather_helmet":1,"minecraft:stone_axe":135,"minecraft:cobblestone":81,"toughasnails:purified_water_canteen":10,"minecraft:bucket":18},"minecraft:broken":{"supertools:copperboots":1,"minecraft:stone_pickaxe":1,"toughasnails:water_canteen":20,"minecraft:iron_helmet":1,"minecraft:golden_pickaxe":1,"toughasnails:purified_water_canteen":2,"supertools:copperleggings":1}},"DataVersion":3465}