{"stats":{"minecraft:broken":{"toughasnails:purified_water_canteen":1,"roughtweaks:medkit":1},"minecraft:killed":{"vampirism:vampire":1,"vampirism:hunter":1,"minecraft:skeleton":4,"soulslikeuniverse:thief":2,"minecraft:zombie":6,"alexsmobs:fly":1},"minecraft:dropped":{"minecraft:bread":7,"toughasnails:water_canteen":1,"alexsmobs:maggot":1,"minecraft:wheat_seeds":1,"minecraft:stone_sword":1,"usefulslime:slime_sling":1,"minecraft:rotten_flesh":1,"minecraft:apple":9,"sophisticatedbackpacks:backpack":1,"wom:diamond_staff":1,"minecraft:stick":3,"origins:orb_of_origin":1,"minecraft:dark_oak_log":4,"biomesoplenty:fir_planks":64,"minecraft:torch":1,"usefulslime:slime_boots":1,"minecraft:iron_chestplate":1,"mysticalagriculture:inferium_essence":1,"croptopia:taco":128,"minecraft:leather_boots":1,"epicfight:stone_greatsword":1,"toughasnails:purified_water_canteen":5,"minecraft:bone":5},"minecraft:custom":{"minecraft:mob_kills":15,"minecraft:damage_dealt_resisted":378,"minecraft:leave_game":1,"minecraft:time_since_death":83145,"minecraft:climb_one_cm":713,"minecraft:damage_resisted":8,"minecraft:time_since_rest":83145,"minecraft:sprint_one_cm":19732,"minecraft:walk_one_cm":47386,"minecraft:damage_taken":694,"minecraft:drop":30,"minecraft:damage_dealt":4966,"minecraft:fly_one_cm":318368,"minecraft:open_chest":16,"minecraft:crouch_one_cm":655,"minecraft:play_time":83145,"minecraft:sneak_time":807,"minecraft:walk_under_water_one_cm":1417,"minecraft:jump":168,"minecraft:walk_on_water_one_cm":1912,"minecraft:total_world_time":83145,"minecraft:fall_one_cm":1312},"minecraft:used":{"epicfight:skillbook":2,"soulslikeuniverse:firetemplesword":1,"minecraft:bundle":1,"soulsweapons:silver_sword":45,"soulslikeuniverse:cinderkinggreatsword":1,"toughasnails:empty_canteen":1,"soulslikeuniverse:mace":1,"soulsweapons:holy_greatsword":52,"minecraft:grass_block":4,"soulslikeuniverse:lightningspellsword":1,"wom:diamond_staff":4,"soulslikeuniverse:legendarymace":4,"soulslikeuniverse:ringedknightsword":3,"epicfight:stone_greatsword":1,"toughasnails:purified_water_canteen":5,"minecraft:gold_block":3,"epicfight:uchigatana":6,"minecraft:experience_bottle":78},"minecraft:mined":{"biomesoplenty:sprout":1},"minecraft:picked_up":{"minecraft:iron_chestplate":1,"minecraft:wheat":14,"minecraft:feather":2,"minecraft:air":0,"minecraft:chicken":2,"minecraft:leather":2,"biomesoplenty:orange_autumn_sapling":6,"minecraft:potato":1,"minecraft:iron_leggings":1,"minecraft:leather_boots":1,"minecraft:item_frame":1,"minecraft:bone":7,"minecraft:apple":10,"minecraft:bow":1,"minecraft:wheat_seeds":6,"mysticalagriculture:inferium_essence":4,"minecraft:iron_pickaxe":1,"minecraft:stick":9,"toughasnails:purified_water_canteen":1,"apotheosis:gem":2,"epicfight:stone_greatsword":1,"minecraft:torch":1,"minecraft:spruce_stairs":1,"vampirism:amulet":1,"minecraft:dark_oak_log":7,"biomesoplenty:maple_sapling":1,"minecraft:stone_sword":2,"minecraft:arrow":2,"minecraft:rotten_flesh":6,"soulslikeuniverse:estusflask":3,"minecraft:bread":7,"alexsmobs:maggot":1,"soulslikeuniverse:repairstone":2}},"DataVersion":3465}