{"stats":{"minecraft:custom":{"minecraft:interact_with_smithing_table":1,"minecraft:mob_kills":29,"minecraft:interact_with_crafting_table":12,"minecraft:open_barrel":2,"minecraft:interact_with_campfire":4,"minecraft:damage_dealt_resisted":30,"minecraft:leave_game":2,"minecraft:time_since_death":20018,"minecraft:climb_one_cm":1419,"minecraft:damage_resisted":0,"minecraft:sprint_one_cm":174830,"minecraft:walk_one_cm":130050,"minecraft:drop":63,"minecraft:talked_to_villager":3,"minecraft:play_time":75425,"minecraft:deaths":4,"minecraft:sneak_time":6436,"minecraft:walk_under_water_one_cm":3822,"minecraft:jump":834,"minecraft:walk_on_water_one_cm":23354,"minecraft:total_world_time":75425,"minecraft:interact_with_furnace":23,"minecraft:sleep_in_bed":1,"minecraft:time_since_rest":18183,"minecraft:waystone_activated":1,"minecraft:damage_taken":1664,"minecraft:damage_dealt":4865,"minecraft:swim_one_cm":10699,"minecraft:fly_one_cm":156396,"minecraft:open_chest":22,"minecraft:crouch_one_cm":20623,"minecraft:fall_one_cm":21379},"minecraft:picked_up":{"minecraft:crafting_table":2,"minecraft:chainmail_boots":2,"minecraft:redstone_block":1,"soulslikeuniverse:blacksamurai_boots":2,"gravestone:obituary":1,"soulslikeuniverse:firetemplesword":1,"minecraft:raw_copper":251,"minecraft:iron_axe":1,"minecraft:armor_stand":3,"minecraft:white_carpet":1,"mysticalagriculture:inferium_essence":6,"minecraft:beef":14,"minecraft:coal_block":16,"minecraft:furnace":4,"minecraft:golden_helmet":3,"minecraft:raw_iron":11,"minecraft:stick":21,"apotheosis:gem":1,"minecraft:copper_ingot":6,"minecraft:oak_fence":1,"minecraft:torch":1,"minecraft:porkchop":4,"pointblank:gunmetal_nugget":14,"minecraft:white_dye":1,"minecraft:stone_sword":1,"minecraft:arrow":2,"minecraft:rotten_flesh":8,"soulslikeuniverse:estusflask":9,"epicfight:glove":1,"minecraft:hay_block":24,"minecraft:iron_block":1,"minecraft:gold_ingot":2,"soulslikeuniverse:repairstone":2,"minecraft:cobblestone":140,"minecraft:birch_log":2,"born_in_chaos_v1:corpse_maggot":1,"minecraft:air":0,"minecraft:feather":2,"minecraft:leather":8,"minecraft:golden_leggings":2,"minecraft:smoker":1,"minecraft:birch_planks":2,"minecraft:oak_log":26,"minecraft:gunpowder":2,"minecraft:dirt":68,"minecraft:lantern":3,"cyclic:flower_cyan":1,"minecraft:leather_boots":1,"minecraft:bone":3,"croptopia:steamed_clams":2,"minecraft:apple":19,"minecraft:stone_bricks":4,"cyclic:flower_purple_tulip":6,"minecraft:wheat_seeds":251,"minecraft:stone_pickaxe":2,"minecraft:glass_bottle":22,"minecraft:iron_sword":1,"minecraft:oak_planks":91,"minecraft:oak_slab":2,"minecraft:cooked_porkchop":4,"minecraft:stone_brick_slab":2,"not_just_sandwich:raw_bacon":2,"minecraft:bread":7,"soulslikeuniverse:knightsoul":4,"minecraft:oak_sapling":13,"minecraft:coal":5},"minecraft:killed_by":{"minecraft:zombie":1},"minecraft:killed":{"alexsmobs:seagull":1,"born_in_chaos_v1:maggot":4,"minecraft:skeleton":1,"soulslikeuniverse:siegmeyer":1,"soulslikeuniverse:templeguard":1,"soulslikeuniverse:havel":1,"minecraft:pig":2,"soulslikeuniverse:ghostsamurai":1,"minecraft:creeper":1,"minecraft:zombie":7,"born_in_chaos_v1:corpse_fly":1,"minecraft:cow":7},"minecraft:crafted":{"minecraft:oak_planks":132,"minecraft:furnace":2,"minecraft:wheat":216,"minecraft:oak_slab":48,"minecraft:crafting_table":2,"minecraft:copper_ingot":41,"minecraft:birch_planks":8,"minecraft:air":0,"minecraft:potion":1,"minecraft:stick":24,"minecraft:iron_ingot":9,"not_just_sandwich:cut_bread":118},"minecraft:dropped":{"minecraft:bread":7,"minecraft:oak_slab":1,"minecraft:birch_planks":2,"minecraft:wheat_seeds":5,"minecraft:golden_helmet":1,"not_just_sandwich:raw_bacon":2,"minecraft:glass_bottle":5,"usefulslime:slime_sling":1,"cyclic:flower_cyan":1,"minecraft:cobblestone":3,"minecraft:apple":9,"croptopia:steamed_clams":30,"minecraft:torch":2,"usefulslime:slime_boots":1,"minecraft:potion":16,"gravestone:obituary":4,"minecraft:gold_ingot":1,"minecraft:bone":3,"minecraft:stone_axe":1,"minecraft:stone_sword":2,"alexsmobs:animal_dictionary":1,"soulslikeuniverse:repairstone":2,"minecraft:rotten_flesh":5,"minecraft:oak_planks":1,"patchouli:guide_book":1,"soulslikeuniverse:blacksamurai_boots":2,"mysticalagriculture:inferium_essence":3,"minecraft:leather_boots":2,"minecraft:golden_leggings":1,"minecraft:oak_sapling":13,"minecraft:stone_bricks":1,"minecraft:arrow":2,"minecraft:stone_pickaxe":1,"minecraft:beef":2},"minecraft:used":{"minecraft:oak_fence":1,"minecraft:stone_sword":2,"minecraft:dirt":43,"minecraft:lantern":1,"minecraft:iron_axe":13,"epicfight:glove":75,"minecraft:stone_bricks":3,"minecraft:furnace":4,"epicfight:skillbook":2,"minecraft:water_bucket":1,"minecraft:dirt_path":70,"minecraft:oak_planks":47,"minecraft:bundle":1,"minecraft:glass_bottle":6,"minecraft:stone_pickaxe":123,"minecraft:crafting_table":2,"minecraft:oak_log":2,"croptopia:steamed_clams":14,"minecraft:bread":7,"minecraft:golden_leggings":1,"minecraft:golden_helmet":1,"minecraft:stone_axe":75,"minecraft:cobblestone":62,"minecraft:potion":19,"minecraft:chainmail_boots":1,"minecraft:bucket":1,"soulslikeuniverse:dagger":8},"minecraft:mined":{"gravestone:gravestone":3,"biomesoplenty:bush":6,"minecraft:grass_block":6,"minecraft:coal_block":16,"minecraft:hay_block":24,"minecraft:furnace":4,"minecraft:iron_ore":11,"treechop:chopped_log":4,"minecraft:iron_block":1,"minecraft:stone":91,"minecraft:oak_slab":1,"minecraft:scaffolding":1,"minecraft:redstone_block":1,"minecraft:smoker":1,"cyclic:flower_purple_tulip":7,"minecraft:oak_fence":1,"minecraft:crafting_table":2,"minecraft:cobblestone":17,"minecraft:copper_ore":53,"minecraft:tall_grass":1,"minecraft:oak_planks":22,"minecraft:birch_planks":2,"minecraft:grass":3,"minecraft:coal_ore":5,"minecraft:oak_log":5,"minecraft:dirt":14,"minecraft:stone_bricks":4}},"DataVersion":3465}