{"stats":{"minecraft:crafted":{"minecraft:oak_planks":68,"sophisticatedbackpacks:copper_backpack":1,"minecraft:leather":12,"minecraft:chest":1,"minecraft:cooked_beef":5,"minecraft:crafting_table":3,"minecraft:copper_ingot":38,"minecraft:air":0,"minecraft:jungle_planks":84,"minecraft:stick":56,"minecraft:iron_ingot":35,"minecraft:torch":32},"minecraft:mined":{"mysticalagriculture:prosperity_ore":2,"iceandfire:copper_pile":1,"croptopia:onion_crop":1,"minecraft:granite":1,"minecraft:chiseled_bookshelf":3,"minecraft:grass_block":4,"minecraft:decorated_pot":5,"minecraft:jungle_planks":19,"minecraft:jungle_log":1,"minecraft:sandstone_stairs":1,"minecraft:furnace":1,"minecraft:iron_ore":41,"minecraft:andesite":1,"treechop:chopped_log":3,"minecraft:enchanting_table":1,"minecraft:bookshelf":8,"croptopia:rhubarb_crop":1,"minecraft:vine":3,"croptopia:greenonion_crop":1,"minecraft:bamboo":4,"minecraft:stone":81,"croptopia:eggplant_crop":1,"cyclic:flower_purple_tulip":1,"minecraft:crafting_table":2,"minecraft:torch":3,"croptopia:garlic_crop":1,"minecraft:melon":6,"minecraft:chest":2,"minecraft:campfire":1,"minecraft:copper_ore":23,"minecraft:cobblestone":7,"minecraft:diorite":2,"minecraft:wall_torch":4,"croptopia:leek_crop":1,"minecraft:black_bed":1,"croptopia:vanilla_crop":2,"minecraft:grass":7,"minecraft:black_wool":2,"minecraft:oak_log":1,"minecraft:coal_ore":15,"croptopia:rice_crop":1,"minecraft:lodestone":1,"minecraft:acacia_planks":1,"minecraft:fern":3,"soulsweapons:verglas_ore":6},"minecraft:killed":{"born_in_chaos_v1:zombie_clown":1,"vampirism:vampire":11,"vampirism:advanced_vampire":1,"minecraft:spider":9,"alexsmobs:seagull":1,"born_in_chaos_v1:zombie_bruiser":1,"born_in_chaos_v1:baby_skeleton_minion":1,"born_in_chaos_v1:maggot":2,"minecraft:skeleton":3,"minecraft:drowned":1,"alexsmobs:kangaroo":1,"born_in_chaos_v1:fallen_chaos_knight":1,"born_in_chaos_v1:bonescaller":1,"minecraft:creeper":4,"born_in_chaos_v1:decrepit_skeleton":1,"minecraft:trader_llama":2,"born_in_chaos_v1:zombie_fisherman":1,"minecraft:zombie":9,"born_in_chaos_v1:dread_hound":9,"born_in_chaos_v1:dark_vortex":1,"iceandfire:lightning_dragon":1,"born_in_chaos_v1:door_knight":1},"minecraft:dropped":{"minecraft:bread":7,"born_in_chaos_v1:shattered_skull":1,"minecraft:wheat_seeds":7,"minecraft:crafting_table":1,"croptopia:eggplant":2,"minecraft:sandstone_stairs":1,"minecraft:plenty_pottery_sherd":2,"minecraft:feather":2,"croptopia:rice":1,"minecraft:tube_coral_fan":14,"minecraft:apple":17,"minecraft:granite":2,"minecraft:copper_ingot":23,"minecraft:bubble_coral_fan":9,"minecraft:acacia_log":1,"minecraft:chainmail_helmet":1,"vampirism:amulet":4,"minecraft:cod":4,"born_in_chaos_v1:monster_flesh":8,"minecraft:dirt":1,"born_in_chaos_v1:gnawed_bones":1,"minecraft:diorite":8,"iceandfire:copper_nugget":8,"minecraft:torch":1,"minecraft:jungle_sapling":8,"mysticalagriculture:prosperity_shard":4,"spartanweaponry:copper_greatsword":1,"minecraft:string":2,"croptopia:vanilla":1,"useless_sword:bamboo_saber":1,"minecraft:bucket":1,"minecraft:acacia_planks":2,"minecraft:bone":1,"croptopia:onion":1,"minecraft:brain_coral_fan":12,"minecraft:bubble_coral":6,"minecraft:stone_axe":3,"minecraft:stone_sword":2,"alexsmobs:animal_dictionary":1,"croptopia:leek_seed":1,"born_in_chaos_v1:ethereal_spirit":1,"born_in_chaos_v1:rotten_fish":2,"minecraft:rotten_flesh":8,"born_in_chaos_v1:spiritual_dust":6,"croptopia:rhubarb":1,"iceandfire:crackled_gravel":5,"minecraft:salmon":2,"minecraft:carrot":1,"born_in_chaos_v1:seedof_chaos":2,"minecraft:gunpowder":2,"soulsweapons:verglas":3,"minecraft:andesite":4,"mysticalagriculture:inferium_essence":6,"born_in_chaos_v1:corpse_maggot":1,"apotheosis:gem":1,"minecraft:leather_boots":2,"minecraft:acacia_sapling":1,"minecraft:spider_eye":3,"sophisticatedbackpacks:copper_backpack":1,"minecraft:arrow":1,"alexsmobs:banana":1,"croptopia:greenonion":1,"born_in_chaos_v1:dark_rod":2,"minecraft:brick":7,"croptopia:garlic":1},"minecraft:custom":{"minecraft:mob_kills":63,"minecraft:interact_with_crafting_table":19,"minecraft:open_barrel":1,"minecraft:interact_with_campfire":1,"minecraft:damage_dealt_resisted":2112,"minecraft:leave_game":3,"minecraft:time_since_death":110615,"minecraft:climb_one_cm":1273,"minecraft:damage_resisted":0,"minecraft:sprint_one_cm":262418,"minecraft:walk_one_cm":265649,"minecraft:drop":122,"minecraft:talked_to_villager":1,"minecraft:play_time":110615,"minecraft:sneak_time":1840,"minecraft:walk_under_water_one_cm":33445,"minecraft:jump":1409,"minecraft:walk_on_water_one_cm":59146,"minecraft:total_world_time":110615,"minecraft:interact_with_furnace":38,"minecraft:time_since_rest":110615,"minecraft:damage_taken":4202,"minecraft:damage_dealt":17352,"minecraft:swim_one_cm":74439,"minecraft:fly_one_cm":471651,"minecraft:open_chest":26,"minecraft:crouch_one_cm":10133,"minecraft:fall_one_cm":33819},"minecraft:picked_up":{"iceandfire:dragon_skull_lightning":1,"minecraft:charcoal":2,"minecraft:crafting_table":2,"born_in_chaos_v1:seedof_chaos":2,"croptopia:onion":1,"minecraft:brick":7,"minecraft:string":14,"minecraft:raw_copper":79,"mysticalagriculture:inferium_essence":12,"alexsmobs:banana":3,"minecraft:bucket":1,"born_in_chaos_v1:gnawed_bones":1,"minecraft:jungle_sapling":12,"minecraft:melon_slice":22,"minecraft:chest":2,"minecraft:furnace":1,"minecraft:stick":11,"minecraft:raw_iron":41,"apotheosis:gem":1,"born_in_chaos_v1:shattered_skull":1,"mysticalagriculture:prosperity_shard":4,"minecraft:torch":8,"minecraft:acacia_log":1,"epicfight:skillbook":1,"croptopia:rhubarb_seed":2,"croptopia:vanilla":1,"iceandfire:crackled_gravel":5,"iceandfire:lightning_dragon_blood":2,"minecraft:diorite":10,"born_in_chaos_v1:pieceofdarkmetal":4,"vampirism:amulet":4,"minecraft:carrot":1,"supertools:copperleggings":1,"minecraft:arrow":1,"minecraft:stone_sword":1,"minecraft:rotten_flesh":25,"croptopia:rhubarb":1,"minecraft:sandstone_stairs":1,"croptopia:vanilla_seeds":3,"minecraft:obsidian":6,"croptopia:garlic_seed":2,"minecraft:cod":4,"minecraft:cobblestone":78,"minecraft:enchanting_table":1,"born_in_chaos_v1:corpse_maggot":1,"minecraft:feather":2,"minecraft:leather":2,"born_in_chaos_v1:monster_flesh":10,"born_in_chaos_v1:spiritual_dust":6,"minecraft:andesite":4,"minecraft:salmon":2,"minecraft:jungle_log":149,"minecraft:black_bed":1,"croptopia:greenonion_seed":2,"minecraft:oak_log":19,"minecraft:chainmail_chestplate":1,"croptopia:leek":1,"minecraft:gunpowder":2,"minecraft:dirt":3,"croptopia:eggplant":2,"born_in_chaos_v1:monster_skin":6,"croptopia:rice_seed":2,"minecraft:leather_boots":1,"croptopia:garlic":1,"minecraft:bone":6,"minecraft:acacia_planks":2,"minecraft:apple":9,"not_just_sandwich:porkchop_sandwich":1,"cyclic:flower_purple_tulip":1,"minecraft:wheat_seeds":8,"minecraft:iron_ingot":7,"minecraft:bamboo":44,"minecraft:acacia_sapling":1,"minecraft:book":34,"toughasnails:purified_water_canteen":2,"iceandfire:copper_nugget":8,"supertools:copperboots":1,"born_in_chaos_v1:ethereal_spirit":1,"croptopia:rice":1,"minecraft:jungle_planks":18,"born_in_chaos_v1:dark_rod":2,"croptopia:eggplant_seed":1,"minecraft:spider_eye":3,"supertools:copperchestplate":1,"minecraft:slime_ball":1,"minecraft:diamond":3,"minecraft:stone_axe":1,"croptopia:leek_seed":1,"minecraft:granite":2,"croptopia:onion_seed":2,"soulsweapons:verglas":4,"minecraft:bread":7,"minecraft:lodestone":1,"minecraft:oak_sapling":5,"minecraft:plenty_pottery_sherd":2,"born_in_chaos_v1:rotten_fish":2,"croptopia:greenonion":1,"minecraft:black_wool":2,"minecraft:coal":15},"minecraft:used":{"croptopia:anchovy":17,"croptopia:leek":1,"minecraft:enchanting_table":1,"minecraft:stone_sword":24,"croptopia:tofu":18,"croptopia:ajvar":1,"minecraft:torch":21,"minecraft:dirt":2,"minecraft:jungle_planks":62,"toughasnails:empty_canteen":11,"cyclic:flower_purple_tulip":1,"wom:iron_staff":20,"minecraft:furnace":3,"alexsmobs:banana":2,"minecraft:cooked_beef":12,"epicfight:skillbook":1,"minecraft:water_bucket":2,"minecraft:diorite":2,"supertools:copperleggings":1,"minecraft:bundle":1,"minecraft:stone_pickaxe":132,"minecraft:leather_boots":1,"useless_sword:bamboo_saber":24,"iceandfire:dragon_skull_lightning":1,"toughasnails:water_canteen":112,"minecraft:crafting_table":3,"minecraft:black_wool":2,"minecraft:apple":1,"minecraft:bread":7,"minecraft:iron_pickaxe":21,"minecraft:stone_axe":115,"minecraft:cobblestone":11,"toughasnails:purified_water_canteen":10,"minecraft:bucket":2},"minecraft:broken":{"supertools:copperboots":1,"toughasnails:water_canteen":10,"minecraft:stone_pickaxe":1,"minecraft:iron_helmet":1,"toughasnails:purified_water_canteen":2,"supertools:copperleggings":1}},"DataVersion":3465}