{"stats":{"minecraft:crafted":{"minecraft:oak_planks":68,"minecraft:crafting_table":3,"minecraft:air":0,"minecraft:jungle_planks":84,"minecraft:leather":8,"minecraft:stick":56,"minecraft:iron_ingot":3,"minecraft:chest":1},"minecraft:mined":{"croptopia:eggplant_crop":1,"croptopia:onion_crop":1,"cyclic:flower_purple_tulip":1,"minecraft:crafting_table":2,"minecraft:grass_block":2,"croptopia:garlic_crop":1,"minecraft:melon":6,"minecraft:jungle_planks":19,"minecraft:chest":1,"minecraft:jungle_log":1,"minecraft:campfire":1,"minecraft:iron_ore":1,"minecraft:black_bed":1,"treechop:chopped_log":3,"croptopia:vanilla_crop":2,"minecraft:black_wool":2,"minecraft:grass":5,"minecraft:oak_log":1,"croptopia:rhubarb_crop":1,"minecraft:coal_ore":15,"croptopia:rice_crop":1,"croptopia:greenonion_crop":1,"minecraft:bamboo":4,"minecraft:stone":14,"minecraft:fern":3},"minecraft:killed":{"born_in_chaos_v1:zombie_clown":1,"vampirism:vampire":3,"alexsmobs:seagull":1,"born_in_chaos_v1:zombie_bruiser":1,"born_in_chaos_v1:maggot":1,"born_in_chaos_v1:zombie_fisherman":1,"minecraft:zombie":5,"born_in_chaos_v1:dread_hound":7,"born_in_chaos_v1:dark_vortex":1,"minecraft:drowned":1},"minecraft:dropped":{"minecraft:bread":7,"minecraft:wheat_seeds":1,"minecraft:stone_sword":2,"minecraft:crafting_table":1,"croptopia:eggplant":1,"born_in_chaos_v1:rotten_fish":2,"born_in_chaos_v1:ethereal_spirit":1,"croptopia:rice":1,"minecraft:rotten_flesh":5,"minecraft:feather":2,"minecraft:apple":17,"born_in_chaos_v1:monster_flesh":3,"minecraft:dirt":1,"minecraft:diorite":8,"minecraft:torch":1,"mysticalagriculture:inferium_essence":1,"born_in_chaos_v1:corpse_maggot":1,"minecraft:leather_boots":1,"minecraft:jungle_sapling":8,"spartanweaponry:copper_greatsword":1,"alexsmobs:banana":1,"croptopia:vanilla":1,"useless_sword:bamboo_saber":1,"born_in_chaos_v1:dark_rod":2},"minecraft:custom":{"minecraft:interact_with_furnace":7,"minecraft:mob_kills":22,"minecraft:interact_with_crafting_table":9,"minecraft:interact_with_campfire":1,"minecraft:damage_dealt_resisted":393,"minecraft:leave_game":2,"minecraft:time_since_death":47494,"minecraft:climb_one_cm":837,"minecraft:damage_resisted":0,"minecraft:time_since_rest":47494,"minecraft:sprint_one_cm":77009,"minecraft:damage_taken":741,"minecraft:walk_one_cm":77291,"minecraft:drop":43,"minecraft:damage_dealt":4941,"minecraft:swim_one_cm":45511,"minecraft:fly_one_cm":72859,"minecraft:open_chest":12,"minecraft:crouch_one_cm":7335,"minecraft:play_time":47494,"minecraft:sneak_time":1149,"minecraft:walk_under_water_one_cm":22515,"minecraft:jump":429,"minecraft:walk_on_water_one_cm":43282,"minecraft:total_world_time":47494,"minecraft:fall_one_cm":6464},"minecraft:picked_up":{"minecraft:charcoal":2,"born_in_chaos_v1:corpse_maggot":1,"minecraft:crafting_table":2,"minecraft:feather":2,"minecraft:salmon":2,"born_in_chaos_v1:monster_flesh":8,"minecraft:jungle_log":149,"minecraft:black_bed":1,"croptopia:greenonion_seed":2,"croptopia:onion":1,"minecraft:oak_log":19,"minecraft:dirt":2,"croptopia:eggplant":2,"born_in_chaos_v1:monster_skin":4,"croptopia:rice_seed":2,"croptopia:garlic":1,"minecraft:leather_boots":1,"minecraft:bone":1,"minecraft:apple":9,"cyclic:flower_purple_tulip":1,"minecraft:wheat_seeds":2,"mysticalagriculture:inferium_essence":1,"alexsmobs:banana":3,"minecraft:iron_ingot":1,"minecraft:jungle_sapling":12,"minecraft:bamboo":44,"minecraft:melon_slice":22,"minecraft:chest":1,"minecraft:stick":11,"minecraft:raw_iron":1,"toughasnails:purified_water_canteen":2,"minecraft:torch":1,"born_in_chaos_v1:ethereal_spirit":1,"croptopia:rice":1,"croptopia:rhubarb_seed":2,"croptopia:vanilla":1,"born_in_chaos_v1:dark_rod":2,"minecraft:jungle_planks":18,"croptopia:eggplant_seed":1,"minecraft:diorite":8,"minecraft:stone_sword":1,"minecraft:rotten_flesh":16,"croptopia:rhubarb":1,"croptopia:onion_seed":2,"croptopia:vanilla_seeds":3,"minecraft:bread":7,"born_in_chaos_v1:rotten_fish":2,"minecraft:oak_sapling":5,"minecraft:cod":4,"minecraft:black_wool":2,"croptopia:garlic_seed":2,"croptopia:greenonion":1,"minecraft:coal":15,"minecraft:cobblestone":14},"minecraft:used":{"croptopia:anchovy":17,"minecraft:stone_sword":24,"minecraft:bundle":1,"minecraft:stone_pickaxe":24,"croptopia:tofu":9,"croptopia:ajvar":1,"useless_sword:bamboo_saber":24,"minecraft:leather_boots":1,"toughasnails:water_canteen":28,"minecraft:torch":1,"minecraft:dirt":1,"minecraft:crafting_table":3,"toughasnails:empty_canteen":2,"minecraft:jungle_planks":54,"minecraft:black_wool":2,"minecraft:apple":1,"minecraft:bread":7,"cyclic:flower_purple_tulip":1,"wom:iron_staff":20,"minecraft:stone_axe":94,"toughasnails:purified_water_canteen":10},"minecraft:broken":{"toughasnails:purified_water_canteen":2,"toughasnails:water_canteen":1}},"DataVersion":3465}