{"stats":{"minecraft:crafted":{"minecraft:crafting_table":1,"minecraft:iron_ingot":2,"minecraft:stick":16,"minecraft:air":0,"minecraft:jungle_planks":76},"minecraft:mined":{"croptopia:eggplant_crop":1,"minecraft:iron_ore":1,"minecraft:crafting_table":1,"minecraft:grass":2,"minecraft:coal_ore":10,"minecraft:grass_block":2,"minecraft:jungle_planks":19,"minecraft:bamboo":4,"minecraft:stone":11,"minecraft:fern":1},"minecraft:killed":{"born_in_chaos_v1:zombie_clown":1,"vampirism:vampire":3,"born_in_chaos_v1:dread_hound":1,"born_in_chaos_v1:dark_vortex":1,"born_in_chaos_v1:maggot":1},"minecraft:dropped":{"minecraft:bread":7,"minecraft:diorite":4,"minecraft:stone_sword":1,"minecraft:torch":1,"born_in_chaos_v1:corpse_maggot":1,"born_in_chaos_v1:ethereal_spirit":1,"minecraft:leather_boots":1,"minecraft:apple":17,"born_in_chaos_v1:dark_rod":2},"minecraft:custom":{"minecraft:time_since_rest":23494,"minecraft:interact_with_furnace":5,"minecraft:sprint_one_cm":21373,"minecraft:damage_taken":482,"minecraft:walk_one_cm":51147,"minecraft:mob_kills":7,"minecraft:drop":14,"minecraft:damage_dealt":1780,"minecraft:swim_one_cm":21471,"minecraft:interact_with_crafting_table":4,"minecraft:fly_one_cm":23409,"minecraft:open_chest":4,"minecraft:crouch_one_cm":1631,"minecraft:play_time":23494,"minecraft:sneak_time":288,"minecraft:walk_under_water_one_cm":10741,"minecraft:damage_dealt_resisted":393,"minecraft:jump":231,"minecraft:leave_game":2,"minecraft:walk_on_water_one_cm":19180,"minecraft:time_since_death":23494,"minecraft:damage_resisted":0,"minecraft:total_world_time":23494,"minecraft:fall_one_cm":3877},"minecraft:picked_up":{"minecraft:raw_iron":1,"born_in_chaos_v1:corpse_maggot":1,"minecraft:stick":4,"minecraft:crafting_table":1,"toughasnails:purified_water_canteen":2,"minecraft:jungle_log":19,"minecraft:torch":1,"born_in_chaos_v1:ethereal_spirit":1,"minecraft:jungle_planks":18,"born_in_chaos_v1:dark_rod":2,"croptopia:eggplant_seed":1,"minecraft:diorite":8,"minecraft:dirt":2,"croptopia:eggplant":1,"minecraft:leather_boots":1,"minecraft:stone_sword":1,"minecraft:apple":9,"alexsmobs:banana":2,"minecraft:jungle_sapling":4,"minecraft:bread":7,"minecraft:bamboo":42,"minecraft:coal":10,"minecraft:cobblestone":11},"minecraft:used":{"croptopia:anchovy":17,"minecraft:apple":1,"minecraft:stone_sword":24,"minecraft:bundle":1,"minecraft:bread":7,"minecraft:stone_pickaxe":16,"croptopia:tofu":2,"croptopia:ajvar":1,"useless_sword:bamboo_saber":24,"minecraft:leather_boots":1,"minecraft:stone_axe":19,"minecraft:torch":1,"minecraft:dirt":1,"minecraft:crafting_table":1,"minecraft:jungle_planks":49,"toughasnails:purified_water_canteen":6},"minecraft:broken":{"toughasnails:purified_water_canteen":1}},"DataVersion":3465}