{"stats":{"minecraft:crafted":{"minecraft:crafting_table":1,"minecraft:stick":16,"minecraft:jungle_planks":76},"minecraft:mined":{"minecraft:grass":1,"minecraft:grass_block":2,"croptopia:eggplant_crop":1,"minecraft:bamboo":4,"minecraft:fern":1},"minecraft:dropped":{"minecraft:bread":7,"minecraft:apple":9,"minecraft:stone_sword":1,"minecraft:torch":1,"minecraft:leather_boots":1},"minecraft:custom":{"minecraft:time_since_rest":7797,"minecraft:crouch_one_cm":109,"minecraft:play_time":7797,"minecraft:sprint_one_cm":4852,"minecraft:damage_taken":20,"minecraft:walk_one_cm":4100,"minecraft:sneak_time":86,"minecraft:walk_under_water_one_cm":1716,"minecraft:drop":5,"minecraft:jump":22,"minecraft:leave_game":1,"minecraft:time_since_death":7797,"minecraft:walk_on_water_one_cm":3448,"minecraft:total_world_time":7797,"minecraft:interact_with_crafting_table":2,"minecraft:swim_one_cm":1062,"minecraft:fall_one_cm":627,"minecraft:fly_one_cm":3453},"minecraft:picked_up":{"minecraft:stick":4,"croptopia:eggplant":1,"minecraft:leather_boots":1,"minecraft:stone_sword":1,"minecraft:jungle_log":19,"minecraft:apple":9,"minecraft:torch":1,"alexsmobs:banana":2,"minecraft:jungle_sapling":4,"minecraft:bread":7,"croptopia:eggplant_seed":1,"minecraft:bamboo":42,"minecraft:dirt":2},"minecraft:used":{"minecraft:dirt":1,"minecraft:crafting_table":1,"minecraft:bundle":1,"minecraft:leather_boots":1}},"DataVersion":3465}