{"stats":{"minecraft:crafted":{"minecraft:oak_planks":68,"minecraft:crafting_table":1,"minecraft:air":0,"minecraft:jungle_planks":84,"minecraft:stick":56,"minecraft:iron_ingot":3},"minecraft:mined":{"croptopia:eggplant_crop":1,"cyclic:flower_purple_tulip":1,"minecraft:crafting_table":1,"minecraft:grass_block":2,"minecraft:melon":6,"minecraft:jungle_planks":19,"minecraft:jungle_log":1,"minecraft:iron_ore":1,"minecraft:black_bed":1,"treechop:chopped_log":3,"croptopia:vanilla_crop":2,"minecraft:black_wool":2,"minecraft:grass":4,"minecraft:oak_log":1,"croptopia:rhubarb_crop":1,"minecraft:coal_ore":15,"croptopia:greenonion_crop":1,"minecraft:bamboo":4,"minecraft:stone":14,"minecraft:fern":3},"minecraft:killed":{"born_in_chaos_v1:zombie_clown":1,"vampirism:vampire":3,"alexsmobs:seagull":1,"born_in_chaos_v1:maggot":1,"minecraft:zombie":1,"born_in_chaos_v1:dread_hound":1,"born_in_chaos_v1:dark_vortex":1},"minecraft:dropped":{"minecraft:bread":7,"minecraft:wheat_seeds":1,"minecraft:stone_sword":2,"born_in_chaos_v1:ethereal_spirit":1,"minecraft:feather":2,"minecraft:apple":17,"minecraft:dirt":1,"minecraft:diorite":8,"minecraft:torch":1,"born_in_chaos_v1:corpse_maggot":1,"minecraft:leather_boots":1,"minecraft:jungle_sapling":8,"spartanweaponry:copper_greatsword":1,"alexsmobs:banana":1,"useless_sword:bamboo_saber":1,"born_in_chaos_v1:dark_rod":2},"minecraft:custom":{"minecraft:interact_with_furnace":7,"minecraft:mob_kills":9,"minecraft:interact_with_crafting_table":7,"minecraft:damage_dealt_resisted":393,"minecraft:leave_game":2,"minecraft:time_since_death":35494,"minecraft:climb_one_cm":363,"minecraft:damage_resisted":0,"minecraft:time_since_rest":35494,"minecraft:sprint_one_cm":55095,"minecraft:damage_taken":592,"minecraft:walk_one_cm":67437,"minecraft:drop":28,"minecraft:damage_dealt":2064,"minecraft:swim_one_cm":32723,"minecraft:fly_one_cm":45768,"minecraft:open_chest":9,"minecraft:crouch_one_cm":7335,"minecraft:play_time":35494,"minecraft:sneak_time":1107,"minecraft:walk_under_water_one_cm":12502,"minecraft:jump":356,"minecraft:walk_on_water_one_cm":28187,"minecraft:total_world_time":35494,"minecraft:fall_one_cm":5375},"minecraft:picked_up":{"born_in_chaos_v1:corpse_maggot":1,"minecraft:crafting_table":1,"minecraft:feather":2,"minecraft:jungle_log":149,"minecraft:black_bed":1,"croptopia:greenonion_seed":2,"minecraft:oak_log":17,"minecraft:dirt":2,"croptopia:eggplant":1,"minecraft:leather_boots":1,"minecraft:apple":9,"cyclic:flower_purple_tulip":1,"minecraft:wheat_seeds":2,"alexsmobs:banana":3,"minecraft:jungle_sapling":12,"minecraft:bamboo":44,"minecraft:melon_slice":22,"minecraft:stick":11,"minecraft:raw_iron":1,"toughasnails:purified_water_canteen":2,"minecraft:torch":1,"born_in_chaos_v1:ethereal_spirit":1,"croptopia:rhubarb_seed":2,"croptopia:vanilla":1,"born_in_chaos_v1:dark_rod":2,"minecraft:jungle_planks":18,"croptopia:eggplant_seed":1,"minecraft:diorite":8,"minecraft:stone_sword":1,"minecraft:rotten_flesh":2,"croptopia:rhubarb":1,"croptopia:vanilla_seeds":3,"minecraft:bread":7,"minecraft:oak_sapling":5,"minecraft:black_wool":2,"croptopia:greenonion":1,"minecraft:coal":15,"minecraft:cobblestone":14},"minecraft:used":{"croptopia:anchovy":17,"minecraft:stone_sword":24,"minecraft:bundle":1,"minecraft:stone_pickaxe":24,"croptopia:tofu":5,"croptopia:ajvar":1,"useless_sword:bamboo_saber":24,"minecraft:leather_boots":1,"toughasnails:water_canteen":11,"minecraft:torch":1,"minecraft:dirt":1,"minecraft:crafting_table":1,"toughasnails:empty_canteen":2,"minecraft:jungle_planks":54,"minecraft:black_wool":2,"minecraft:apple":1,"minecraft:bread":7,"cyclic:flower_purple_tulip":1,"wom:iron_staff":14,"minecraft:stone_axe":74,"toughasnails:purified_water_canteen":10},"minecraft:broken":{"toughasnails:purified_water_canteen":2}},"DataVersion":3465}