{"stats":{"minecraft:crafted":{"minecraft:crafting_table":2,"spartanweaponry:handle":1,"minecraft:furnace":2,"minecraft:copper_ingot":14,"minecraft:bread":33,"minecraft:air":0,"spartanweaponry:copper_greatsword":1,"minecraft:iron_boots":1,"minecraft:iron_chestplate":1,"minecraft:stick":16,"minecraft:iron_pickaxe":1,"minecraft:iron_ingot":36,"minecraft:stone_pickaxe":1,"minecraft:wooden_axe":1,"minecraft:acacia_planks":32,"minecraft:torch":32,"minecraft:wheat":90},"minecraft:mined":{"cyclic:flower_lime_carnation":1,"iceandfire:silver_ore":13,"minecraft:crafting_table":3,"minecraft:grass_block":2,"gobber2:gobber2_lucky_block":23,"minecraft:copper_ore":19,"minecraft:cobblestone":4,"mysticalagriculture:inferium_ore":6,"minecraft:diorite":4,"minecraft:wall_torch":5,"minecraft:hay_block":11,"minecraft:furnace":2,"minecraft:iron_ore":16,"treechop:chopped_log":3,"minecraft:grass":1,"minecraft:coal_ore":64,"biomesoplenty:webbing":6,"minecraft:dirt":1,"biomesoplenty:stringy_cobweb":1,"minecraft:cobweb":1,"minecraft:stone":91,"biomesoplenty:spider_egg":1,"soulsweapons:verglas_ore":5},"minecraft:killed":{"minecraft:cave_spider":1,"born_in_chaos_v1:decrepit_skeleton":1,"minecraft:sheep":2,"born_in_chaos_v1:dread_hound":1,"born_in_chaos_v1:corpse_fly":1},"minecraft:dropped":{"minecraft:bread":8,"minecraft:wheat_seeds":3,"alexsmobs:acacia_blossom":1,"minecraft:stone_sword":2,"alexsmobs:animal_dictionary":1,"minecraft:bowl":1,"minecraft:wheat":1,"gobber2:gobber2_gooey_beef":1,"minecraft:rotten_flesh":4,"minecraft:iron_boots":2,"minecraft:apple":10,"minecraft:chainmail_helmet":1,"minecraft:item_frame":1,"minecraft:dirt":1,"minecraft:diorite":2,"born_in_chaos_v1:monster_skin":1,"minecraft:torch":2,"minecraft:wooden_axe":1,"minecraft:melon_seeds":1,"minecraft:leather_boots":3,"minecraft:acacia_sapling":5,"minecraft:spider_eye":1,"minecraft:wooden_pickaxe":1,"minecraft:stone_pickaxe":1},"minecraft:custom":{"minecraft:interact_with_smithing_table":1,"minecraft:interact_with_furnace":22,"minecraft:mob_kills":6,"minecraft:interact_with_crafting_table":33,"minecraft:interact_with_cartography_table":4,"minecraft:damage_dealt_resisted":0,"minecraft:leave_game":1,"minecraft:time_since_death":60465,"minecraft:sleep_in_bed":2,"minecraft:climb_one_cm":6827,"minecraft:damage_resisted":0,"minecraft:time_since_rest":20421,"minecraft:sprint_one_cm":151443,"minecraft:damage_taken":782,"minecraft:walk_one_cm":246042,"vampirism:interact_with_totem":6,"minecraft:drop":32,"minecraft:damage_dealt":1321,"minecraft:swim_one_cm":752,"minecraft:talked_to_villager":3,"minecraft:fly_one_cm":229615,"minecraft:open_chest":15,"minecraft:crouch_one_cm":9463,"minecraft:play_time":60465,"minecraft:sneak_time":1632,"minecraft:walk_under_water_one_cm":9856,"minecraft:aviate_one_cm":100521,"minecraft:jump":1073,"minecraft:interact_with_brewingstand":1,"minecraft:walk_on_water_one_cm":15323,"minecraft:interact_with_smoker":3,"minecraft:total_world_time":60465,"minecraft:fall_one_cm":18871},"minecraft:picked_up":{"minecraft:crafting_table":3,"minecraft:wheat":1,"born_in_chaos_v1:monster_flesh":1,"gobber2:gobber2_gooey_beefstew":3,"alexsmobs:acacia_blossom":1,"croptopia:leafy_salad":20,"minecraft:dirt":3,"minecraft:string":3,"minecraft:raw_copper":67,"born_in_chaos_v1:monster_skin":1,"minecraft:leather_boots":3,"minecraft:item_frame":1,"minecraft:acacia_planks":15,"minecraft:apple":10,"iceandfire:bestiary":1,"gobber2:gobber2_gooey_beef":4,"minecraft:wheat_seeds":3,"mysticalagriculture:inferium_essence":17,"minecraft:acacia_sapling":5,"gobber2:gobber2_gooey_bread":4,"minecraft:iron_boots":2,"minecraft:furnace":2,"minecraft:stick":1,"minecraft:raw_iron":15,"toughasnails:purified_water_canteen":2,"minecraft:torch":6,"minecraft:acacia_log":19,"minecraft:diorite":3,"minecraft:trident":1,"minecraft:spider_eye":1,"alexsmobs:animal_dictionary":1,"gobber2:gobber2_foo":3,"minecraft:stone_sword":1,"minecraft:rotten_flesh":4,"minecraft:hay_block":11,"minecraft:chainmail_helmet":2,"soulsweapons:verglas":5,"minecraft:bread":8,"minecraft:melon_seeds":1,"minecraft:coal":84,"minecraft:mutton":3,"gobber2:gobber2_goo":9,"iceandfire:raw_silver":13,"minecraft:white_wool":1,"minecraft:cobblestone":87},"minecraft:used":{"croptopia:leafy_salad":4,"minecraft:diorite":1,"minecraft:stone_sword":50,"gobber2:gobber2_goo":4,"minecraft:bundle":1,"minecraft:stone_pickaxe":41,"minecraft:wooden_pickaxe":12,"minecraft:leather_boots":1,"spartanweaponry:copper_greatsword":62,"toughasnails:water_canteen":8,"minecraft:torch":30,"minecraft:dirt":1,"minecraft:crafting_table":5,"toughasnails:empty_canteen":2,"minecraft:wooden_axe":12,"minecraft:apple":2,"minecraft:bread":8,"minecraft:iron_pickaxe":202,"minecraft:cobblestone":68,"minecraft:furnace":3,"toughasnails:purified_water_canteen":10,"alexsmobs:animal_dictionary":1,"minecraft:acacia_planks":25},"minecraft:broken":{"toughasnails:purified_water_canteen":2}},"DataVersion":3465}