{"stats":{"minecraft:dropped":{"minecraft:bread":7,"minecraft:apple":9,"alexsmobs:animal_dictionary":1,"minecraft:stone_sword":1,"minecraft:torch":1,"minecraft:leather_boots":1},"minecraft:custom":{"minecraft:time_since_rest":4457,"minecraft:crouch_one_cm":15,"minecraft:play_time":4457,"minecraft:damage_taken":56,"minecraft:walk_one_cm":3777,"minecraft:sneak_time":5,"minecraft:drop":6,"minecraft:aviate_one_cm":2430,"minecraft:jump":7,"minecraft:time_since_death":4457,"minecraft:total_world_time":4457,"minecraft:fly_one_cm":596},"minecraft:picked_up":{"minecraft:leather_boots":1,"minecraft:stone_sword":1,"minecraft:apple":9,"minecraft:torch":1,"minecraft:bread":7,"alexsmobs:animal_dictionary":1},"minecraft:used":{"minecraft:bundle":1,"minecraft:leather_boots":1}},"DataVersion":3465}