{"stats":{"minecraft:crafted":{"minecraft:crafting_table":1,"spartanweaponry:handle":1,"minecraft:furnace":2,"minecraft:copper_ingot":14,"minecraft:bread":33,"minecraft:air":0,"spartanweaponry:copper_greatsword":1,"minecraft:stick":16,"minecraft:iron_pickaxe":1,"minecraft:iron_ingot":3,"minecraft:stone_pickaxe":1,"minecraft:wooden_axe":1,"minecraft:acacia_planks":32,"minecraft:torch":32,"minecraft:wheat":90},"minecraft:mined":{"iceandfire:silver_ore":12,"minecraft:crafting_table":2,"minecraft:grass_block":1,"gobber2:gobber2_lucky_block":16,"minecraft:copper_ore":19,"minecraft:diorite":4,"minecraft:wall_torch":3,"minecraft:hay_block":11,"minecraft:furnace":1,"minecraft:iron_ore":6,"treechop:chopped_log":3,"minecraft:grass":1,"minecraft:coal_ore":35,"biomesoplenty:webbing":6,"minecraft:dirt":1,"biomesoplenty:stringy_cobweb":1,"minecraft:cobweb":1,"minecraft:stone":45,"biomesoplenty:spider_egg":1,"soulsweapons:verglas_ore":4},"minecraft:killed":{"minecraft:cave_spider":1,"born_in_chaos_v1:decrepit_skeleton":1,"minecraft:sheep":2,"born_in_chaos_v1:dread_hound":1,"born_in_chaos_v1:corpse_fly":1},"minecraft:dropped":{"minecraft:bread":7,"minecraft:wheat_seeds":3,"alexsmobs:acacia_blossom":1,"minecraft:stone_sword":1,"alexsmobs:animal_dictionary":1,"minecraft:bowl":1,"minecraft:wheat":1,"minecraft:apple":10,"minecraft:item_frame":1,"minecraft:dirt":1,"born_in_chaos_v1:monster_skin":1,"minecraft:torch":1,"minecraft:wooden_axe":1,"minecraft:melon_seeds":1,"minecraft:leather_boots":1,"minecraft:spider_eye":1,"minecraft:wooden_pickaxe":1,"minecraft:stone_pickaxe":1},"minecraft:custom":{"minecraft:interact_with_smithing_table":1,"minecraft:interact_with_furnace":13,"minecraft:mob_kills":6,"minecraft:interact_with_crafting_table":24,"minecraft:interact_with_cartography_table":2,"minecraft:damage_dealt_resisted":0,"minecraft:time_since_death":40457,"minecraft:sleep_in_bed":2,"minecraft:climb_one_cm":3879,"minecraft:time_since_rest":413,"minecraft:sprint_one_cm":92245,"minecraft:damage_taken":664,"minecraft:walk_one_cm":172552,"minecraft:drop":19,"minecraft:damage_dealt":1294,"minecraft:talked_to_villager":3,"minecraft:fly_one_cm":149294,"minecraft:open_chest":11,"minecraft:crouch_one_cm":5843,"minecraft:play_time":40457,"minecraft:sneak_time":1181,"minecraft:walk_under_water_one_cm":7040,"minecraft:aviate_one_cm":61960,"minecraft:jump":650,"minecraft:interact_with_brewingstand":1,"minecraft:walk_on_water_one_cm":9008,"minecraft:total_world_time":40457,"minecraft:fall_one_cm":12318},"minecraft:picked_up":{"minecraft:crafting_table":2,"minecraft:wheat":1,"born_in_chaos_v1:monster_flesh":1,"gobber2:gobber2_gooey_beefstew":2,"alexsmobs:acacia_blossom":1,"croptopia:leafy_salad":20,"minecraft:dirt":2,"minecraft:string":3,"minecraft:raw_copper":67,"born_in_chaos_v1:monster_skin":1,"minecraft:leather_boots":1,"minecraft:item_frame":1,"minecraft:acacia_planks":15,"minecraft:apple":10,"iceandfire:bestiary":1,"minecraft:wheat_seeds":3,"mysticalagriculture:inferium_essence":1,"minecraft:acacia_sapling":5,"gobber2:gobber2_gooey_bread":3,"minecraft:furnace":1,"minecraft:stick":1,"minecraft:raw_iron":6,"toughasnails:purified_water_canteen":2,"minecraft:torch":5,"minecraft:acacia_log":19,"minecraft:diorite":2,"minecraft:trident":1,"minecraft:spider_eye":1,"alexsmobs:animal_dictionary":1,"gobber2:gobber2_foo":3,"minecraft:stone_sword":1,"minecraft:rotten_flesh":2,"minecraft:hay_block":11,"soulsweapons:verglas":4,"minecraft:bread":7,"minecraft:melon_seeds":1,"minecraft:coal":34,"minecraft:mutton":3,"gobber2:gobber2_goo":8,"iceandfire:raw_silver":12,"minecraft:white_wool":1,"minecraft:cobblestone":41},"minecraft:used":{"croptopia:leafy_salad":1,"minecraft:diorite":1,"minecraft:stone_sword":50,"gobber2:gobber2_goo":4,"minecraft:bundle":1,"minecraft:stone_pickaxe":41,"minecraft:wooden_pickaxe":12,"minecraft:leather_boots":1,"spartanweaponry:copper_greatsword":59,"toughasnails:water_canteen":7,"minecraft:torch":21,"minecraft:crafting_table":4,"toughasnails:empty_canteen":1,"minecraft:wooden_axe":12,"minecraft:apple":2,"minecraft:bread":8,"minecraft:iron_pickaxe":96,"minecraft:cobblestone":11,"minecraft:furnace":2,"toughasnails:purified_water_canteen":7,"alexsmobs:animal_dictionary":1,"minecraft:acacia_planks":18},"minecraft:broken":{"toughasnails:purified_water_canteen":1}},"DataVersion":3465}