{
  "minecraft:recipes/combat/leather_helmet": {
    "criteria": {
      "has_leather": "2024-11-23 23:47:23 +0000"
    },
    "done": true
  },
  "croptopia:recipes/beef_jerky": {
    "criteria": {
      "has_beef": "2024-11-23 23:47:23 +0000"
    },
    "done": true
  },
  "minecraft:recipes/decorations/ladder": {
    "criteria": {
      "has_stick": "2024-11-23 23:39:22 +0000"
    },
    "done": true
  },
  "mutantmonsters:root": {
    "criteria": {
      "killed_something": "2024-11-23 23:47:22 +0000"
    },
    "done": true
  },
  "supertools:supertools/super_shovel": {
    "criteria": {
      "super_shovel": "2024-11-23 23:37:15 +0000"
    },
    "done": true
  },
  "croptopia:recipes/misc/apple_juice": {
    "criteria": {
      "has_apple": "2024-11-23 23:38:10 +0000"
    },
    "done": true
  },
  "spartanweaponry:recipes/wooden_scythe": {
    "criteria": {
      "has_wood": "2024-11-23 23:42:05 +0000"
    },
    "done": true
  },
  "spartanweaponry:recipes/stone_glaive": {
    "criteria": {
      "has_cobblestone": "2024-11-23 23:42:25 +0000"
    },
    "done": true
  },
  "spartanweaponry:recipes/cestus": {
    "criteria": {
      "has_leather": "2024-11-23 23:47:23 +0000"
    },
    "done": true
  },
  "croptopia:recipes/pork_jerky": {
    "criteria": {
      "has_the_recipe": "2024-11-23 23:47:23 +0000"
    },
    "done": true
  },
  "supertools:recipes/tools/obsidian_sickle": {
    "criteria": {
      "has_items": "2024-11-23 23:37:15 +0000"
    },
    "done": true
  },
  "supertools:recipes/tools/quartz_shovel": {
    "criteria": {
      "has_items": "2024-11-23 23:37:15 +0000"
    },
    "done": true
  },
  "spartanweaponry:recipes/stone_longsword": {
    "criteria": {
      "has_cobblestone": "2024-11-23 23:42:25 +0000"
    },
    "done": true
  },
  "paraglider:root": {
    "criteria": {
      "crafting_table": "2024-11-23 23:42:15 +0000"
    },
    "done": true
  },
  "aquaculture:recipes/aquaculture/heavy_hook": {
    "criteria": {
      "has_items": "2024-11-23 23:37:15 +0000"
    },
    "done": true
  },
  "aquaculture:recipes/decorations/birch_fish_mount": {
    "criteria": {
      "has_items": "2024-11-23 23:37:15 +0000"
    },
    "done": true
  },
  "croptopia:recipes/food/beef_jerky": {
    "criteria": {
      "has_the_recipe": "2024-11-23 23:47:23 +0000"
    },
    "done": true
  },
  "biomesoplenty:recipes/transportation/willow_boat": {
    "criteria": {
      "in_water": "2024-11-23 23:48:06 +0000"
    },
    "done": true
  },
  "croptopia:recipes/burrito": {
    "criteria": {
      "has_the_recipe": "2024-11-23 23:47:23 +0000"
    },
    "done": true
  },
  "supertools:recipes/armor/emerald_boots": {
    "criteria": {
      "has_emerald": "2024-11-23 23:37:15 +0000"
    },
    "done": true
  },
  "spartanweaponry:recipes/stone_katana": {
    "criteria": {
      "has_cobblestone": "2024-11-23 23:42:25 +0000"
    },
    "done": true
  },
  "spartanweaponry:recipes/stone_battle_hammer": {
    "criteria": {
      "has_cobblestone": "2024-11-23 23:42:25 +0000"
    },
    "done": true
  },
  "supertools:recipes/supertools/special_cup": {
    "criteria": {
      "has_items": "2024-11-23 23:37:15 +0000"
    },
    "done": true
  },
  "spartanweaponry:recipes/wooden_spear": {
    "criteria": {
      "has_wood": "2024-11-23 23:42:05 +0000"
    },
    "done": true
  },
  "aquaculture:recipes/misc/neptunium_ingot_from_neptunium_block": {
    "criteria": {
      "has_items": "2024-11-23 23:37:15 +0000"
    },
    "done": true
  },
  "spartanweaponry:recipes/grease_ball": {
    "criteria": {
      "has_meat": "2024-11-23 23:47:23 +0000"
    },
    "done": true
  },
  "minecraft:story/mine_stone": {
    "criteria": {
      "get_stone": "2024-11-23 23:42:25 +0000"
    },
    "done": true
  },
  "minecraft:recipes/decorations/furnace": {
    "criteria": {
      "has_cobblestone": "2024-11-23 23:42:25 +0000"
    },
    "done": true
  },
  "supertools:recipes/armor/obsidian_leggings": {
    "criteria": {
      "has_obsidian": "2024-11-23 23:37:15 +0000"
    },
    "done": true
  },
  "spartanshields:recipes/wooden_basic_shield": {
    "criteria": {
      "has_planks": "2024-11-23 23:42:05 +0000"
    },
    "done": true
  },
  "spartanweaponry:recipes/stone_throwing_knife": {
    "criteria": {
      "has_cobblestone": "2024-11-23 23:42:25 +0000"
    },
    "done": true
  },
  "minecraft:recipes/tools/wooden_axe": {
    "criteria": {
      "has_stick": "2024-11-23 23:39:22 +0000"
    },
    "done": true
  },
  "supertools:recipes/tools/golden_sickle": {
    "criteria": {
      "has_items": "2024-11-23 23:37:15 +0000"
    },
    "done": true
  },
  "minecraft:recipes/combat/leather_chestplate": {
    "criteria": {
      "has_leather": "2024-11-23 23:47:23 +0000"
    },
    "done": true
  },
  "aquaculture:recipes/misc/iron_nugget_from_smelting": {
    "criteria": {
      "has_fishing_rod": "2024-11-23 23:37:15 +0000",
      "has_fillet_knife": "2024-11-23 23:37:15 +0000"
    },
    "done": true
  },
  "croptopia:recipes/shaped_beef_stew": {
    "criteria": {
      "has_beef": "2024-11-23 23:47:23 +0000"
    },
    "done": true
  },
  "minecraft:recipes/decorations/crafting_table": {
    "criteria": {
      "unlock_right_away": "2024-11-23 23:37:15 +0000"
    },
    "done": true
  },
  "minecraft:recipes/decorations/chest": {
    "criteria": {
      "has_lots_of_items": "2024-11-23 23:38:10 +0000"
    },
    "done": true
  },
  "aquaculture:recipes/tools/golden_fishing_rod": {
    "criteria": {
      "has_vanilla_rod": "2024-11-23 23:37:15 +0000"
    },
    "done": true
  },
  "minecraft:recipes/misc/stick": {
    "criteria": {
      "has_planks": "2024-11-23 23:42:05 +0000"
    },
    "done": true
  },
  "spartanweaponry:recipes/combat/pole_from_leather": {
    "criteria": {
      "has_stick": "2024-11-23 23:39:22 +0000"
    },
    "done": true
  },
  "aquaculture:recipes/misc/gold_nugget_from_smelting": {
    "criteria": {
      "has_fishing_rod": "2024-11-23 23:37:15 +0000",
      "has_fillet_knife": "2024-11-23 23:37:15 +0000"
    },
    "done": true
  },
  "minecraft:recipes/redstone/lectern": {
    "criteria": {
      "has_book": "2024-11-23 23:50:15 +0000"
    },
    "done": true
  },
  "minecraft:recipes/building_blocks/cobblestone_slab_from_cobblestone_stonecutting": {
    "criteria": {
      "has_cobblestone": "2024-11-23 23:42:25 +0000"
    },
    "done": true
  },
  "minecraft:recipes/transportation/cherry_boat": {
    "criteria": {
      "in_water": "2024-11-23 23:48:06 +0000"
    },
    "done": true
  },
  "minecraft:adventure/kill_all_mobs": {
    "criteria": {
      "minecraft:skeleton": "2024-11-23 23:48:43 +0000",
      "minecraft:zombie": "2024-11-23 23:48:00 +0000"
    },
    "done": false
  },
  "biomesoplenty:recipes/transportation/umbran_boat": {
    "criteria": {
      "in_water": "2024-11-23 23:48:06 +0000"
    },
    "done": true
  },
  "supertools:recipes/tools/diamond_sickle": {
    "criteria": {
      "has_items": "2024-11-23 23:37:15 +0000"
    },
    "done": true
  },
  "usefulslime:recipes/slime_sling": {
    "criteria": {
      "has_slime": "2024-11-23 23:37:15 +0000"
    },
    "done": true
  },
  "supertools:recipes/armor/quartz_boots": {
    "criteria": {
      "has_quartz": "2024-11-23 23:37:15 +0000"
    },
    "done": true
  },
  "toughasnails:recipes/food/apple_juice": {
    "criteria": {
      "has_apple": "2024-11-23 23:38:10 +0000"
    },
    "done": true
  },
  "minecraft:recipes/building_blocks/stone": {
    "criteria": {
      "has_cobblestone": "2024-11-23 23:42:25 +0000"
    },
    "done": true
  },
  "supertools:supertools/cup": {
    "criteria": {
      "cup": "2024-11-23 23:37:15 +0000"
    },
    "done": true
  },
  "minecraft:recipes/transportation/bamboo_raft": {
    "criteria": {
      "in_water": "2024-11-23 23:48:06 +0000"
    },
    "done": true
  },
  "aquaculture:recipes/misc/bonemeal_from_fish_bones": {
    "criteria": {
      "has_items": "2024-11-23 23:37:15 +0000"
    },
    "done": true
  },
  "supertools:recipes/tools/obsidian_shovel": {
    "criteria": {
      "has_items": "2024-11-23 23:37:15 +0000"
    },
    "done": true
  },
  "minecraft:recipes/misc/writable_book": {
    "criteria": {
      "has_book": "2024-11-23 23:50:15 +0000"
    },
    "done": true
  },
  "spartanweaponry:recipes/wooden_saber": {
    "criteria": {
      "has_wood": "2024-11-23 23:42:05 +0000"
    },
    "done": true
  },
  "biomesoplenty:recipes/transportation/dead_boat": {
    "criteria": {
      "in_water": "2024-11-23 23:48:06 +0000"
    },
    "done": true
  },
  "spartanweaponry:recipes/wooden_javelin": {
    "criteria": {
      "has_wood": "2024-11-23 23:42:05 +0000"
    },
    "done": true
  },
  "biomesoplenty:recipes/transportation/magic_boat": {
    "criteria": {
      "in_water": "2024-11-23 23:48:06 +0000"
    },
    "done": true
  },
  "minecraft:recipes/misc/leather_horse_armor": {
    "criteria": {
      "has_leather": "2024-11-23 23:47:23 +0000"
    },
    "done": true
  },
  "croptopia:recipes/misc/pumpkin_soup": {
    "criteria": {
      "has_pumpkin": "2024-11-23 23:46:04 +0000"
    },
    "done": true
  },
  "minecraft:recipes/building_blocks/dark_oak_stairs": {
    "criteria": {
      "has_planks": "2024-11-23 23:42:05 +0000"
    },
    "done": true
  },
  "vampirism:recipes/decorations/general/tombstone2": {
    "criteria": {
      "has_coble": "2024-11-23 23:42:25 +0000"
    },
    "done": true
  },
  "croptopia:recipes/food/pork_jerky": {
    "criteria": {
      "has_the_recipe": "2024-11-23 23:47:23 +0000"
    },
    "done": true
  },
  "croptopia:recipes/misc/apple_sapling": {
    "criteria": {
      "has_apple": "2024-11-23 23:38:10 +0000"
    },
    "done": true
  },
  "supertools:supertools/super_axe": {
    "criteria": {
      "super_axe": "2024-11-23 23:37:15 +0000"
    },
    "done": true
  },
  "spartanweaponry:recipes/wooden_quarterstaff": {
    "criteria": {
      "has_wood": "2024-11-23 23:42:05 +0000"
    },
    "done": true
  },
  "supertools:recipes/armor/quartz_leggings": {
    "criteria": {
      "has_quartz": "2024-11-23 23:37:15 +0000"
    },
    "done": true
  },
  "soulsweapons:root": {
    "criteria": {
      "crafting_table": "2024-11-23 23:42:15 +0000"
    },
    "done": true
  },
  "spartanweaponry:recipes/stone_boomerang": {
    "criteria": {
      "has_cobblestone": "2024-11-23 23:42:25 +0000"
    },
    "done": true
  },
  "supertools:recipes/tools/obsidian_pickaxe": {
    "criteria": {
      "has_items": "2024-11-23 23:37:15 +0000"
    },
    "done": true
  },
  "minecraft:recipes/food/pumpkin_pie": {
    "criteria": {
      "has_pumpkin": "2024-11-23 23:46:04 +0000"
    },
    "done": true
  },
  "supertools:recipes/armor/quartz_helmet": {
    "criteria": {
      "has_quartz": "2024-11-23 23:37:15 +0000"
    },
    "done": true
  },
  "supertools:recipes/armor/emerald_chestplate": {
    "criteria": {
      "has_emerald": "2024-11-23 23:37:15 +0000"
    },
    "done": true
  },
  "spartanweaponry:recipes/wooden_club": {
    "criteria": {
      "has_wood_log": "2024-11-23 23:39:22 +0000"
    },
    "done": true
  },
  "croptopia:recipes/campfire_toast": {
    "criteria": {
      "has_bread": "2024-11-23 23:38:10 +0000"
    },
    "done": true
  },
  "iceandfire:iceandfire/root": {
    "criteria": {
      "tick": "2024-11-23 23:37:15 +0000"
    },
    "done": true
  },
  "minecraft:recipes/redstone/dark_oak_door": {
    "criteria": {
      "has_planks": "2024-11-23 23:42:05 +0000"
    },
    "done": true
  },
  "vampirism:recipes/decorations/general/throne": {
    "criteria": {
      "has_stick": "2024-11-23 23:39:22 +0000"
    },
    "done": true
  },
  "vampirism:recipes/decorations/general/fire_place": {
    "criteria": {
      "has_logs": "2024-11-23 23:39:22 +0000"
    },
    "done": true
  },
  "croptopia:gather_food": {
    "criteria": {
      "taco": "2024-11-23 23:39:41 +0000"
    },
    "done": false
  },
  "aquaculture:recipes/misc/brown_mushroom_from_fish": {
    "criteria": {
      "has_items": "2024-11-23 23:37:15 +0000"
    },
    "done": true
  },
  "supertools:recipes/tools/copper_sword": {
    "criteria": {
      "has_items": "2024-11-23 23:37:15 +0000"
    },
    "done": true
  },
  "sophisticatedbackpacks:recipes/misc/backpack": {
    "criteria": {
      "has_leather": "2024-11-23 23:47:23 +0000"
    },
    "done": true
  },
  "minecraft:recipes/food/cooked_beef_from_smoking": {
    "criteria": {
      "has_beef": "2024-11-23 23:47:23 +0000"
    },
    "done": true
  },
  "spartanweaponry:recipes/combat/handle_from_leather": {
    "criteria": {
      "has_stick": "2024-11-23 23:39:22 +0000"
    },
    "done": true
  },
  "supertools:recipes/tools/quartz_axe": {
    "criteria": {
      "has_items": "2024-11-23 23:37:15 +0000"
    },
    "done": true
  },
  "spartanweaponry:recipes/wooden_warhammer": {
    "criteria": {
      "has_wood": "2024-11-23 23:42:05 +0000"
    },
    "done": true
  },
  "supertools:recipes/tools/copper_hoe": {
    "criteria": {
      "has_items": "2024-11-23 23:37:15 +0000"
    },
    "done": true
  },
  "spartanweaponry:recipes/stone_tomahawk": {
    "criteria": {
      "has_cobblestone": "2024-11-23 23:42:25 +0000"
    },
    "done": true
  },
  "supertools:recipes/armor/lapis_chestplate": {
    "criteria": {
      "has_lapis": "2024-11-23 23:37:15 +0000"
    },
    "done": true
  },
  "supertools:recipes/armor/obsidian_boots": {
    "criteria": {
      "has_obsidian": "2024-11-23 23:37:15 +0000"
    },
    "done": true
  },
  "vampirism:recipes/food/general/garlic_bread": {
    "criteria": {
      "has_bread": "2024-11-23 23:38:10 +0000"
    },
    "done": true
  },
  "minecraft:recipes/tools/stone_pickaxe": {
    "criteria": {
      "has_cobblestone": "2024-11-23 23:42:25 +0000"
    },
    "done": true
  },
  "cgm:recipes/combat/advanced_bullet": {
    "criteria": {
      "has_gunpowder": "2024-11-23 23:48:26 +0000"
    },
    "done": true
  },
  "supertools:recipes/tools/emerald_pickaxe": {
    "criteria": {
      "has_items": "2024-11-23 23:37:15 +0000"
    },
    "done": true
  },
  "born_in_chaos_v1:good_demoman": {
    "criteria": {
      "good_demoman_0": "2024-11-23 23:48:24 +0000"
    },
    "done": true
  },
  "supertools:recipes/tools/obsidian_sword": {
    "criteria": {
      "has_items": "2024-11-23 23:37:15 +0000"
    },
    "done": true
  },
  "weaponmaster:parts/root": {
    "criteria": {
      "crafting_table": "2024-11-23 23:37:15 +0000"
    },
    "done": true
  },
  "minecraft:recipes/decorations/campfire": {
    "criteria": {
      "has_stick": "2024-11-23 23:39:22 +0000"
    },
    "done": true
  },
  "supertools:supertools/super_sickle": {
    "criteria": {
      "super_sickle": "2024-11-23 23:37:15 +0000"
    },
    "done": true
  },
  "aquaculture:recipes/tools/wooden_fillet_knife": {
    "criteria": {
      "has_items": "2024-11-23 23:39:22 +0000"
    },
    "done": true
  },
  "minecraft:recipes/tools/wooden_hoe": {
    "criteria": {
      "has_stick": "2024-11-23 23:39:22 +0000"
    },
    "done": true
  },
  "spartanweaponry:recipes/wooden_greatsword": {
    "criteria": {
      "has_wood": "2024-11-23 23:42:05 +0000"
    },
    "done": true
  },
  "minecraft:recipes/misc/charcoal": {
    "criteria": {
      "has_log": "2024-11-23 23:39:22 +0000"
    },
    "done": true
  },
  "supertools:recipes/armor/quartz_chestplate": {
    "criteria": {
      "has_quartz": "2024-11-23 23:37:15 +0000"
    },
    "done": true
  },
  "supertools:recipes/armor/lapis_boots": {
    "criteria": {
      "has_lapis": "2024-11-23 23:37:15 +0000"
    },
    "done": true
  },
  "minecraft:recipes/decorations/item_frame": {
    "criteria": {
      "has_leather": "2024-11-23 23:47:23 +0000"
    },
    "done": true
  },
  "spartanweaponry:recipes/wooden_parrying_dagger": {
    "criteria": {
      "has_wood": "2024-11-23 23:42:05 +0000"
    },
    "done": true
  },
  "spartanweaponry:recipes/wooden_rapier": {
    "criteria": {
      "has_wood": "2024-11-23 23:42:05 +0000"
    },
    "done": true
  },
  "aquaculture:recipes/misc/neptinium_ingot_from_blasting": {
    "criteria": {
      "has_leggings": "2024-11-23 23:37:15 +0000",
      "has_axe": "2024-11-23 23:37:15 +0000",
      "has_helmet": "2024-11-23 23:37:15 +0000",
      "has_fishing_rod": "2024-11-23 23:37:15 +0000",
      "has_bow": "2024-11-23 23:37:15 +0000",
      "has_chestplate": "2024-11-23 23:37:15 +0000",
      "has_sword": "2024-11-23 23:37:15 +0000",
      "has_fillet_knife": "2024-11-23 23:37:15 +0000",
      "has_shovel": "2024-11-23 23:37:15 +0000",
      "has_hoe": "2024-11-23 23:37:15 +0000",
      "has_boots": "2024-11-23 23:37:15 +0000",
      "has_pickaxe": "2024-11-23 23:37:15 +0000"
    },
    "done": true
  },
  "supertools:recipes/tools/obsidian_hoe": {
    "criteria": {
      "has_items": "2024-11-23 23:37:15 +0000"
    },
    "done": true
  },
  "spartanweaponry:recipes/stone_battleaxe": {
    "criteria": {
      "has_cobblestone": "2024-11-23 23:42:25 +0000"
    },
    "done": true
  },
  "biomesoplenty:biomesoplenty/root": {
    "criteria": {
      "pumpkin_patch": "2024-11-23 23:37:16 +0000"
    },
    "done": true
  },
  "apotheosis:affix/gem": {
    "criteria": {
      "gem": "2024-11-23 23:50:07 +0000"
    },
    "done": true
  },
  "corail_recycler:recipes/recycler": {
    "criteria": {
      "requirement_3": "2024-11-23 23:50:08 +0000",
      "requirement_1": "2024-11-23 23:42:05 +0000"
    },
    "done": false
  },
  "aquaculture:recipes/decorations/dark_oak_fish_mount": {
    "criteria": {
      "has_items": "2024-11-23 23:37:15 +0000"
    },
    "done": true
  },
  "spartanweaponry:recipes/wooden_boomerang": {
    "criteria": {
      "has_wood": "2024-11-23 23:42:05 +0000"
    },
    "done": true
  },
  "supertools:recipes/tools/emerald_sword": {
    "criteria": {
      "has_items": "2024-11-23 23:37:15 +0000"
    },
    "done": true
  },
  "croptopia:eatcrafted": {
    "criteria": {
      "eat_crafted": "2024-11-23 23:49:20 +0000"
    },
    "done": true
  },
  "supertools:recipes/supertools/super_hoe": {
    "criteria": {
      "has_items": "2024-11-23 23:37:15 +0000"
    },
    "done": true
  },
  "spartanweaponry:recipes/stone_spear": {
    "criteria": {
      "has_cobblestone": "2024-11-23 23:42:25 +0000"
    },
    "done": true
  },
  "spartanweaponry:recipes/wooden_throwing_knife": {
    "criteria": {
      "has_wood": "2024-11-23 23:42:05 +0000"
    },
    "done": true
  },
  "minecraft:recipes/tools/wooden_shovel": {
    "criteria": {
      "has_stick": "2024-11-23 23:39:22 +0000"
    },
    "done": true
  },
  "minecraft:recipes/building_blocks/cobblestone_slab": {
    "criteria": {
      "has_cobblestone": "2024-11-23 23:42:25 +0000"
    },
    "done": true
  },
  "supertools:recipes/tools/emerald_axe": {
    "criteria": {
      "has_items": "2024-11-23 23:37:15 +0000"
    },
    "done": true
  },
  "biomesoplenty:recipes/building_blocks/fir_wood": {
    "criteria": {
      "has_log": "2024-11-23 23:44:46 +0000"
    },
    "done": true
  },
  "paraglider:recipes/misc/paraglider": {
    "criteria": {
      "has_stick": "2024-11-23 23:39:22 +0000"
    },
    "done": true
  },
  "minecraft:recipes/transportation/acacia_boat": {
    "criteria": {
      "in_water": "2024-11-23 23:48:06 +0000"
    },
    "done": true
  },
  "minecraft:adventure/root": {
    "criteria": {
      "killed_something": "2024-11-23 23:47:22 +0000"
    },
    "done": true
  },
  "aquaculture:recipes/decorations/acacia_fish_mount": {
    "criteria": {
      "has_items": "2024-11-23 23:37:15 +0000"
    },
    "done": true
  },
  "vampirism:recipes/combat/hunter/crucifix": {
    "criteria": {
      "stick": "2024-11-23 23:39:22 +0000"
    },
    "done": true
  },
  "croptopia:recipes/hamburger": {
    "criteria": {
      "has_beef": "2024-11-23 23:47:23 +0000"
    },
    "done": true
  },
  "spartanweaponry:recipes/wooden_flanged_mace": {
    "criteria": {
      "has_wood": "2024-11-23 23:42:05 +0000"
    },
    "done": true
  },
  "minecraft:recipes/combat/wooden_sword": {
    "criteria": {
      "has_stick": "2024-11-23 23:39:22 +0000"
    },
    "done": true
  },
  "aquaculture:recipes/aquaculture/diamond_hook": {
    "criteria": {
      "has_items": "2024-11-23 23:37:15 +0000"
    },
    "done": true
  },
  "supertools:recipes/supertools/super_sickle": {
    "criteria": {
      "has_items": "2024-11-23 23:37:15 +0000"
    },
    "done": true
  },
  "cgm:recipes/combat/grenade": {
    "criteria": {
      "has_gunpowder": "2024-11-23 23:48:26 +0000"
    },
    "done": true
  },
  "betterdungeons:root": {
    "criteria": {
      "always": "2024-11-23 23:37:15 +0000"
    },
    "done": true
  },
  "aquaculture:recipes/food/sushi": {
    "criteria": {
      "has_alt_items": "2024-11-23 23:37:15 +0000",
      "has_items": "2024-11-23 23:37:15 +0000"
    },
    "done": true
  },
  "minecraft:recipes/decorations/barrel": {
    "criteria": {
      "has_planks": "2024-11-23 23:42:05 +0000"
    },
    "done": true
  },
  "minecraft:recipes/combat/leather_boots": {
    "criteria": {
      "has_leather": "2024-11-23 23:47:23 +0000"
    },
    "done": true
  },
  "minecraft:recipes/decorations/cobblestone_wall_from_cobblestone_stonecutting": {
    "criteria": {
      "has_cobblestone": "2024-11-23 23:42:25 +0000"
    },
    "done": true
  },
  "minecraft:recipes/misc/firework_rocket_simple": {
    "criteria": {
      "has_gunpowder": "2024-11-23 23:48:26 +0000"
    },
    "done": true
  },
  "spartanweaponry:recipes/stone_rapier": {
    "criteria": {
      "has_cobblestone": "2024-11-23 23:42:25 +0000"
    },
    "done": true
  },
  "minecraft:recipes/building_blocks/cobblestone_stairs": {
    "criteria": {
      "has_cobblestone": "2024-11-23 23:42:25 +0000"
    },
    "done": true
  },
  "aquaculture:recipes/aquaculture/light_hook": {
    "criteria": {
      "has_items": "2024-11-23 23:37:15 +0000"
    },
    "done": true
  },
  "biomesoplenty:recipes/building_blocks/fir_planks": {
    "criteria": {
      "has_logs": "2024-11-23 23:44:46 +0000"
    },
    "done": true
  },
  "aquaculture:recipes/misc/red_mushroom_from_fish": {
    "criteria": {
      "has_items": "2024-11-23 23:37:15 +0000"
    },
    "done": true
  },
  "born_in_chaos_v1:bornin_chaos": {
    "criteria": {
      "bornin_chaos_0": "2024-11-23 23:37:15 +0000"
    },
    "done": true
  },
  "aquaculture:recipes/building_blocks/planks_from_driftwood": {
    "criteria": {
      "has_items": "2024-11-23 23:37:15 +0000"
    },
    "done": true
  },
  "minecraft:recipes/decorations/dark_oak_sign": {
    "criteria": {
      "has_planks": "2024-11-23 23:42:05 +0000"
    },
    "done": true
  },
  "minecraft:recipes/tools/stone_shovel": {
    "criteria": {
      "has_cobblestone": "2024-11-23 23:42:25 +0000"
    },
    "done": true
  },
  "supertools:recipes/tools/lapis_axe": {
    "criteria": {
      "has_items": "2024-11-23 23:37:15 +0000"
    },
    "done": true
  },
  "supertools:recipes/tools/lapis_shovel": {
    "criteria": {
      "has_items": "2024-11-23 23:37:15 +0000"
    },
    "done": true
  },
  "croptopia:recipes/food/toast_from_bread": {
    "criteria": {
      "has_bread": "2024-11-23 23:38:10 +0000"
    },
    "done": true
  },
  "minecraft:recipes/food/cooked_beef": {
    "criteria": {
      "has_beef": "2024-11-23 23:47:23 +0000"
    },
    "done": true
  },
  "cgm:recipes/combat/missile": {
    "criteria": {
      "has_gunpowder": "2024-11-23 23:48:26 +0000"
    },
    "done": true
  },
  "minecraft:recipes/transportation/jungle_boat": {
    "criteria": {
      "in_water": "2024-11-23 23:48:06 +0000"
    },
    "done": true
  },
  "supertools:recipes/tools/redstone_hoe": {
    "criteria": {
      "has_items": "2024-11-23 23:37:15 +0000"
    },
    "done": true
  },
  "spartanweaponry:recipes/wooden_longbow": {
    "criteria": {
      "has_wood": "2024-11-23 23:42:05 +0000"
    },
    "done": true
  },
  "supertools:recipes/tools/redstone_pickaxe": {
    "criteria": {
      "has_items": "2024-11-23 23:37:15 +0000"
    },
    "done": true
  },
  "twilightforest:recipes/transportation/twilight_oak_boat": {
    "criteria": {
      "in_water": "2024-11-23 23:48:06 +0000"
    },
    "done": true
  },
  "minecraft:recipes/redstone/lever": {
    "criteria": {
      "has_cobblestone": "2024-11-23 23:42:25 +0000"
    },
    "done": true
  },
  "toughasnails:recipes/food/pumpkin_juice": {
    "criteria": {
      "has_pumpkin": "2024-11-23 23:46:04 +0000"
    },
    "done": true
  },
  "twilightforest:recipes/transportation/time_boat": {
    "criteria": {
      "in_water": "2024-11-23 23:48:06 +0000"
    },
    "done": true
  },
  "spartanweaponry:recipes/stone_saber": {
    "criteria": {
      "has_cobblestone": "2024-11-23 23:42:25 +0000"
    },
    "done": true
  },
  "supertools:recipes/tools/quartz_pickaxe": {
    "criteria": {
      "has_items": "2024-11-23 23:37:15 +0000"
    },
    "done": true
  },
  "supertools:recipes/tools/copper_axe": {
    "criteria": {
      "has_items": "2024-11-23 23:37:15 +0000"
    },
    "done": true
  },
  "twilightforest:recipes/transportation/mining_boat": {
    "criteria": {
      "in_water": "2024-11-23 23:48:06 +0000"
    },
    "done": true
  },
  "spartanweaponry:recipes/leather_longbow": {
    "criteria": {
      "has_leather": "2024-11-23 23:47:23 +0000"
    },
    "done": true
  },
  "aquaculture:recipes/aquaculture/worm_farm": {
    "criteria": {
      "has_items": "2024-11-23 23:37:15 +0000"
    },
    "done": true
  },
  "iceandfire:recipes/misc/dragon_meal": {
    "criteria": {
      "has_item": "2024-11-23 23:47:23 +0000"
    },
    "done": true
  },
  "minecraft:recipes/combat/leather_leggings": {
    "criteria": {
      "has_leather": "2024-11-23 23:47:23 +0000"
    },
    "done": true
  },
  "spartanweaponry:recipes/stone_scythe": {
    "criteria": {
      "has_cobblestone": "2024-11-23 23:42:25 +0000"
    },
    "done": true
  },
  "aquaculture:recipes/tools/iron_fishing_rod": {
    "criteria": {
      "has_vanilla_rod": "2024-11-23 23:37:15 +0000"
    },
    "done": true
  },
  "supertools:recipes/supertools/super_shovel": {
    "criteria": {
      "has_items": "2024-11-23 23:37:15 +0000"
    },
    "done": true
  },
  "spartanweaponry:recipes/stone_greatsword": {
    "criteria": {
      "has_cobblestone": "2024-11-23 23:42:25 +0000"
    },
    "done": true
  },
  "spartanweaponry:recipes/wooden_glaive": {
    "criteria": {
      "has_wood": "2024-11-23 23:42:05 +0000"
    },
    "done": true
  },
  "supertools:recipes/tools/lapis_sword": {
    "criteria": {
      "has_items": "2024-11-23 23:37:15 +0000"
    },
    "done": true
  },
  "minecraft:recipes/redstone/dark_oak_fence_gate": {
    "criteria": {
      "has_planks": "2024-11-23 23:42:05 +0000"
    },
    "done": true
  },
  "supertools:recipes/tools/emerald_sickle": {
    "criteria": {
      "has_items": "2024-11-23 23:37:15 +0000"
    },
    "done": true
  },
  "vampirism:recipes/combat/hunter/stake": {
    "criteria": {
      "has_sticks": "2024-11-23 23:39:22 +0000"
    },
    "done": true
  },
  "minecraft:recipes/building_blocks/bookshelf": {
    "criteria": {
      "has_book": "2024-11-23 23:50:15 +0000"
    },
    "done": true
  },
  "croptopia:recipes/stuffed_poblanos": {
    "criteria": {
      "has_beef": "2024-11-23 23:47:23 +0000"
    },
    "done": true
  },
  "minecraft:recipes/redstone/dark_oak_trapdoor": {
    "criteria": {
      "has_planks": "2024-11-23 23:42:05 +0000"
    },
    "done": true
  },
  "minecraft:recipes/combat/stone_sword": {
    "criteria": {
      "has_cobblestone": "2024-11-23 23:42:25 +0000"
    },
    "done": true
  },
  "minecraft:recipes/decorations/cobblestone_wall": {
    "criteria": {
      "has_cobblestone": "2024-11-23 23:42:25 +0000"
    },
    "done": true
  },
  "supertools:recipes/tools/lapis_hoe": {
    "criteria": {
      "has_items": "2024-11-23 23:37:15 +0000"
    },
    "done": true
  },
  "supertools:recipes/tools/obsidian_axe": {
    "criteria": {
      "has_items": "2024-11-23 23:37:15 +0000"
    },
    "done": true
  },
  "croptopia:eatbig": {
    "criteria": {
      "eat_big": "2024-11-23 23:49:20 +0000"
    },
    "done": true
  },
  "minecraft:recipes/tools/stone_axe": {
    "criteria": {
      "has_cobblestone": "2024-11-23 23:42:25 +0000"
    },
    "done": true
  },
  "spartanweaponry:recipes/wooden_lance": {
    "criteria": {
      "has_wood": "2024-11-23 23:42:05 +0000"
    },
    "done": true
  },
  "aquaculture:recipes/aquaculture/note_hook": {
    "criteria": {
      "has_items": "2024-11-23 23:37:15 +0000"
    },
    "done": true
  },
  "supertools:recipes/tools/quartz_hoe": {
    "criteria": {
      "has_items": "2024-11-23 23:37:15 +0000"
    },
    "done": true
  },
  "aquaculture:recipes/food/cooked_fish_fillet_from_campfire": {
    "criteria": {
      "has_items": "2024-11-23 23:37:15 +0000"
    },
    "done": true
  },
  "iceandfire:recipes/misc/blindfold": {
    "criteria": {
      "has_item": "2024-11-23 23:47:23 +0000"
    },
    "done": true
  },
  "supertools:recipes/tools/copper_pickaxe": {
    "criteria": {
      "has_items": "2024-11-23 23:37:15 +0000"
    },
    "done": true
  },
  "supertools:recipes/armor/lapis_leggings": {
    "criteria": {
      "has_lapis": "2024-11-23 23:37:15 +0000"
    },
    "done": true
  },
  "spartanweaponry:recipes/wooden_longsword": {
    "criteria": {
      "has_wood": "2024-11-23 23:42:05 +0000"
    },
    "done": true
  },
  "spartanweaponry:recipes/stone_parrying_dagger": {
    "criteria": {
      "has_cobblestone": "2024-11-23 23:42:25 +0000"
    },
    "done": true
  },
  "mcwfurnitures:recipes/dark_oak": {
    "criteria": {
      "has_wood": "2024-11-23 23:39:22 +0000"
    },
    "done": true
  },
  "spartanshields:recipes/wooden_tower_shield": {
    "criteria": {
      "has_planks": "2024-11-23 23:42:05 +0000"
    },
    "done": true
  },
  "aquaculture:recipes/aquaculture/gold_hook": {
    "criteria": {
      "has_items": "2024-11-23 23:37:15 +0000"
    },
    "done": true
  },
  "supertools:recipes/supertools/adarum": {
    "criteria": {
      "has_items": "2024-11-23 23:37:15 +0000"
    },
    "done": true
  },
  "aquaculture:recipes/decorations/oak_fish_mount": {
    "criteria": {
      "has_items": "2024-11-23 23:37:15 +0000"
    },
    "done": true
  },
  "twilightforest:recipes/transportation/mangrove_boat": {
    "criteria": {
      "in_water": "2024-11-23 23:48:06 +0000"
    },
    "done": true
  },
  "supertools:recipes/armor/copper_helmet": {
    "criteria": {
      "has_emerald": "2024-11-23 23:37:15 +0000"
    },
    "done": true
  },
  "croptopia:recipes/misc/apple_pie": {
    "criteria": {
      "has_apple": "2024-11-23 23:38:10 +0000"
    },
    "done": true
  },
  "supertools:supertools/super_pickaxe": {
    "criteria": {
      "super_pickaxe": "2024-11-23 23:37:15 +0000"
    },
    "done": true
  },
  "croptopia:recipes/fruit_smoothie": {
    "criteria": {
      "has_fruit": "2024-11-23 23:38:10 +0000"
    },
    "done": true
  },
  "supertools:supertools/special_cup": {
    "criteria": {
      "special_cup": "2024-11-23 23:37:15 +0000"
    },
    "done": true
  },
  "minecraft:recipes/misc/pumpkin_seeds": {
    "criteria": {
      "has_pumpkin": "2024-11-23 23:46:04 +0000"
    },
    "done": true
  },
  "minecraft:recipes/redstone/dark_oak_button": {
    "criteria": {
      "has_planks": "2024-11-23 23:42:05 +0000"
    },
    "done": true
  },
  "croptopia:recipes/cheeseburger": {
    "criteria": {
      "has_bread": "2024-11-23 23:38:10 +0000"
    },
    "done": true
  },
  "spartanweaponry:recipes/wooden_pike": {
    "criteria": {
      "has_wood": "2024-11-23 23:42:05 +0000"
    },
    "done": true
  },
  "supertools:recipes/tools/netherite_sickle": {
    "criteria": {
      "has_items": "2024-11-23 23:37:15 +0000"
    },
    "done": true
  },
  "spartanshields:recipes/stone_basic_shield": {
    "criteria": {
      "has_cobblestone": "2024-11-23 23:42:25 +0000"
    },
    "done": true
  },
  "biomesoplenty:recipes/transportation/fir_boat": {
    "criteria": {
      "in_water": "2024-11-23 23:48:06 +0000"
    },
    "done": true
  },
  "aquaculture:recipes/decorations/spruce_fish_mount": {
    "criteria": {
      "has_items": "2024-11-23 23:37:15 +0000"
    },
    "done": true
  },
  "twilightforest:recipes/transportation/transformation_boat": {
    "criteria": {
      "in_water": "2024-11-23 23:48:06 +0000"
    },
    "done": true
  },
  "biomesoplenty:biomesoplenty/all_biomes": {
    "criteria": {
      "muskeg": "2024-11-23 23:48:46 +0000",
      "highland": "2024-11-23 23:41:50 +0000",
      "wetland": "2024-11-23 23:50:51 +0000",
      "coniferous_forest": "2024-11-23 23:44:34 +0000",
      "pumpkin_patch": "2024-11-23 23:37:16 +0000"
    },
    "done": false
  },
  "minecraft:recipes/building_blocks/chiseled_bookshelf": {
    "criteria": {
      "has_book": "2024-11-23 23:50:15 +0000"
    },
    "done": true
  },
  "supertools:recipes/tools/emerald_shovel": {
    "criteria": {
      "has_items": "2024-11-23 23:37:15 +0000"
    },
    "done": true
  },
  "spartanweaponry:recipes/combat/pole_from_wool": {
    "criteria": {
      "has_stick": "2024-11-23 23:39:22 +0000"
    },
    "done": true
  },
  "supertools:recipes/tools/redstone_axe": {
    "criteria": {
      "has_items": "2024-11-23 23:37:15 +0000"
    },
    "done": true
  },
  "supertools:recipes/tools/emerald_hoe": {
    "criteria": {
      "has_items": "2024-11-23 23:37:15 +0000"
    },
    "done": true
  },
  "spartanweaponry:recipes/wooden_halberd": {
    "criteria": {
      "has_wood": "2024-11-23 23:42:05 +0000"
    },
    "done": true
  },
  "minecraft:recipes/misc/bone_meal": {
    "criteria": {
      "has_bone": "2024-11-23 23:48:26 +0000"
    },
    "done": true
  },
  "supertools:recipes/supertools/super_axe": {
    "criteria": {
      "has_items": "2024-11-23 23:37:15 +0000"
    },
    "done": true
  },
  "vampirism:recipes/combat/hunter/crossbow_arrow_from_vanilla": {
    "criteria": {
      "has_arrow": "2024-11-23 23:48:43 +0000"
    },
    "done": true
  },
  "iceandfire:recipes/misc/earplugs": {
    "criteria": {
      "has_item": "2024-11-23 23:42:05 +0000"
    },
    "done": true
  },
  "supertools:recipes/tools/lapis_sickle": {
    "criteria": {
      "has_items": "2024-11-23 23:37:15 +0000"
    },
    "done": true
  },
  "vampirism:recipes/decorations/vampire/altar_inspiration": {
    "criteria": {
      "has_planks": "2024-11-23 23:42:05 +0000"
    },
    "done": true
  },
  "supertools:recipes/armor/obsidian_chestplate": {
    "criteria": {
      "has_obsidian": "2024-11-23 23:37:15 +0000"
    },
    "done": true
  },
  "aquaculture:recipes/aquaculture/double_hook": {
    "criteria": {
      "has_items": "2024-11-23 23:37:15 +0000"
    },
    "done": true
  },
  "croptopia:recipes/food/toast_from_smoking_bread": {
    "criteria": {
      "has_bread": "2024-11-23 23:38:10 +0000"
    },
    "done": true
  },
  "supertools:recipes/armor/copper_chestplate": {
    "criteria": {
      "has_emerald": "2024-11-23 23:37:15 +0000"
    },
    "done": true
  },
  "supertools:recipes/armor/obsidian_helmet": {
    "criteria": {
      "has_obsidian": "2024-11-23 23:37:15 +0000"
    },
    "done": true
  },
  "supertools:recipes/armor/copper_boots": {
    "criteria": {
      "has_emerald": "2024-11-23 23:37:15 +0000"
    },
    "done": true
  },
  "minecraft:recipes/transportation/spruce_boat": {
    "criteria": {
      "in_water": "2024-11-23 23:48:06 +0000"
    },
    "done": true
  },
  "vampirism:recipes/decorations/general/altar_cleansing_new": {
    "criteria": {
      "has_book": "2024-11-23 23:50:15 +0000"
    },
    "done": true
  },
  "minecraft:husbandry/root": {
    "criteria": {
      "consumed_item": "2024-11-23 23:49:20 +0000"
    },
    "done": true
  },
  "minecraft:recipes/transportation/birch_boat": {
    "criteria": {
      "in_water": "2024-11-23 23:48:06 +0000"
    },
    "done": true
  },
  "spartanweaponry:recipes/wooden_katana": {
    "criteria": {
      "has_wood": "2024-11-23 23:42:05 +0000"
    },
    "done": true
  },
  "spartanweaponry:recipes/explosive_charge": {
    "criteria": {
      "has_gunpowder": "2024-11-23 23:48:26 +0000"
    },
    "done": true
  },
  "spartanweaponry:recipes/small_arrow_quiver": {
    "criteria": {
      "has_arrow": "2024-11-23 23:48:43 +0000"
    },
    "done": true
  },
  "aquaculture:recipes/aquaculture/fishing_line": {
    "criteria": {
      "has_items": "2024-11-23 23:37:15 +0000"
    },
    "done": true
  },
  "minecraft:recipes/transportation/oak_boat": {
    "criteria": {
      "in_water": "2024-11-23 23:48:06 +0000"
    },
    "done": true
  },
  "aquaculture:recipes/misc/tin_can_to_iron_nugget_from_blasting": {
    "criteria": {
      "has_items": "2024-11-23 23:37:15 +0000"
    },
    "done": true
  },
  "vampirism:recipes/transportation/cursed_spruce_boat": {
    "criteria": {
      "in_water": "2024-11-23 23:48:06 +0000"
    },
    "done": true
  },
  "biomesoplenty:recipes/transportation/redwood_boat": {
    "criteria": {
      "in_water": "2024-11-23 23:48:06 +0000"
    },
    "done": true
  },
  "supertools:recipes/armor/lapis_helmet": {
    "criteria": {
      "has_lapis": "2024-11-23 23:37:15 +0000"
    },
    "done": true
  },
  "cgm:recipes/combat/shell": {
    "criteria": {
      "has_gunpowder": "2024-11-23 23:48:26 +0000"
    },
    "done": true
  },
  "cataclysm:root": {
    "criteria": {
      "custom_test_name": "2024-11-23 23:37:15 +0000"
    },
    "done": true
  },
  "spartanweaponry:recipes/wooden_battleaxe": {
    "criteria": {
      "has_wood": "2024-11-23 23:42:05 +0000"
    },
    "done": true
  },
  "minecraft:recipes/redstone/dark_oak_pressure_plate": {
    "criteria": {
      "has_planks": "2024-11-23 23:42:05 +0000"
    },
    "done": true
  },
  "aquaculture:recipes/aquaculture/iron_hook": {
    "criteria": {
      "has_items": "2024-11-23 23:37:15 +0000"
    },
    "done": true
  },
  "spartanweaponry:recipes/leather_heavy_crossbow": {
    "criteria": {
      "has_leather": "2024-11-23 23:47:23 +0000"
    },
    "done": true
  },
  "rewards:rewards": {
    "criteria": {
      "january": "2024-11-23 23:37:15 +0000"
    },
    "done": true
  },
  "supertools:supertools/super_sword": {
    "criteria": {
      "super_sword": "2024-11-23 23:37:15 +0000"
    },
    "done": true
  },
  "minecraft:recipes/decorations/dark_oak_fence": {
    "criteria": {
      "has_planks": "2024-11-23 23:42:05 +0000"
    },
    "done": true
  },
  "croptopia:recipes/misc/pumpkin_bars": {
    "criteria": {
      "has_pumpkin": "2024-11-23 23:46:04 +0000"
    },
    "done": true
  },
  "toughasnails:recipes/tools/canteen": {
    "criteria": {
      "has_leather": "2024-11-23 23:47:23 +0000"
    },
    "done": true
  },
  "supertools:recipes/tools/redstone_shovel": {
    "criteria": {
      "has_items": "2024-11-23 23:37:15 +0000"
    },
    "done": true
  },
  "spartanweaponry:recipes/wooden_battle_hammer": {
    "criteria": {
      "has_wood": "2024-11-23 23:42:05 +0000"
    },
    "done": true
  },
  "minecraft:recipes/building_blocks/dark_oak_slab": {
    "criteria": {
      "has_planks": "2024-11-23 23:42:05 +0000"
    },
    "done": true
  },
  "minecraft:recipes/transportation/mangrove_boat": {
    "criteria": {
      "in_water": "2024-11-23 23:48:06 +0000"
    },
    "done": true
  },
  "cgm:recipes/combat/stun_grenade": {
    "criteria": {
      "has_gunpowder": "2024-11-23 23:48:26 +0000"
    },
    "done": true
  },
  "minecraft:recipes/decorations/torch": {
    "criteria": {
      "has_stone_pickaxe": "2024-11-23 23:42:59 +0000"
    },
    "done": true
  },
  "usefulslime:recipes/jello": {
    "criteria": {
      "has_slime": "2024-11-23 23:37:15 +0000"
    },
    "done": true
  },
  "minecraft:recipes/building_blocks/dark_oak_planks": {
    "criteria": {
      "has_log": "2024-11-23 23:39:22 +0000"
    },
    "done": true
  },
  "spartanweaponry:recipes/stone_lance": {
    "criteria": {
      "has_cobblestone": "2024-11-23 23:42:25 +0000"
    },
    "done": true
  },
  "aquaculture:recipes/misc/jellyfish_to_slimeball": {
    "criteria": {
      "has_items": "2024-11-23 23:37:15 +0000"
    },
    "done": true
  },
  "supertools:recipes/supertools/super_sword": {
    "criteria": {
      "has_items": "2024-11-23 23:37:15 +0000"
    },
    "done": true
  },
  "supertools:recipes/armor/copper_leggings": {
    "criteria": {
      "has_emerald": "2024-11-23 23:37:15 +0000"
    },
    "done": true
  },
  "spartanshields:recipes/stone_tower_shield": {
    "criteria": {
      "has_cobblestone": "2024-11-23 23:42:25 +0000"
    },
    "done": true
  },
  "aquaculture:recipes/aquaculture/redstone_hook": {
    "criteria": {
      "has_items": "2024-11-23 23:37:15 +0000"
    },
    "done": true
  },
  "spartanweaponry:recipes/stone_quarterstaff": {
    "criteria": {
      "has_cobblestone": "2024-11-23 23:42:25 +0000"
    },
    "done": true
  },
  "supertools:recipes/armor/emerald_helmet": {
    "criteria": {
      "has_emerald": "2024-11-23 23:37:15 +0000"
    },
    "done": true
  },
  "spartanweaponry:recipes/combat/handle_from_wool": {
    "criteria": {
      "has_stick": "2024-11-23 23:39:22 +0000"
    },
    "done": true
  },
  "supertools:recipes/supertools/cup": {
    "criteria": {
      "has_items": "2024-11-23 23:37:15 +0000"
    },
    "done": true
  },
  "biomesoplenty:recipes/transportation/hellbark_boat": {
    "criteria": {
      "in_water": "2024-11-23 23:48:06 +0000"
    },
    "done": true
  },
  "supertools:recipes/tools/copper_sickle": {
    "criteria": {
      "has_items": "2024-11-23 23:37:15 +0000"
    },
    "done": true
  },
  "aquaculture:recipes/misc/gold_nugget_from_blasting": {
    "criteria": {
      "has_fishing_rod": "2024-11-23 23:37:15 +0000",
      "has_fillet_knife": "2024-11-23 23:37:15 +0000"
    },
    "done": true
  },
  "usefulslime:recipes/slime_boots": {
    "criteria": {
      "has_slime": "2024-11-23 23:37:15 +0000"
    },
    "done": true
  },
  "biomesoplenty:recipes/transportation/jacaranda_boat": {
    "criteria": {
      "in_water": "2024-11-23 23:48:06 +0000"
    },
    "done": true
  },
  "aquaculture:recipes/aquaculture/bobber": {
    "criteria": {
      "has_items": "2024-11-23 23:37:15 +0000"
    },
    "done": true
  },
  "supertools:recipes/tools/redstone_sword": {
    "criteria": {
      "has_items": "2024-11-23 23:37:15 +0000"
    },
    "done": true
  },
  "twilightforest:recipes/transportation/canopy_boat": {
    "criteria": {
      "in_water": "2024-11-23 23:48:06 +0000"
    },
    "done": true
  },
  "biomesoplenty:recipes/transportation/mahogany_boat": {
    "criteria": {
      "in_water": "2024-11-23 23:48:06 +0000"
    },
    "done": true
  },
  "supertools:recipes/tools/lapis_pickaxe": {
    "criteria": {
      "has_items": "2024-11-23 23:37:15 +0000"
    },
    "done": true
  },
  "twilightforest:recipes/transportation/dark_boat": {
    "criteria": {
      "in_water": "2024-11-23 23:48:06 +0000"
    },
    "done": true
  },
  "vampirism:recipes/decorations/hunter/cross": {
    "criteria": {
      "has_planks": "2024-11-23 23:42:05 +0000"
    },
    "done": true
  },
  "spartanweaponry:recipes/wooden_dagger": {
    "criteria": {
      "has_wood": "2024-11-23 23:42:05 +0000"
    },
    "done": true
  },
  "spartanweaponry:recipes/quiver_compartment": {
    "criteria": {
      "has_leather": "2024-11-23 23:47:23 +0000"
    },
    "done": true
  },
  "aquaculture:recipes/misc/gold_nugget_from_gold_fish": {
    "criteria": {
      "has_items": "2024-11-23 23:37:15 +0000"
    },
    "done": true
  },
  "aquaculture:recipes/food/cooked_fish_fillet_from_smoking": {
    "criteria": {
      "has_items": "2024-11-23 23:37:15 +0000"
    },
    "done": true
  },
  "minecraft:recipes/tools/wooden_pickaxe": {
    "criteria": {
      "has_stick": "2024-11-23 23:39:22 +0000"
    },
    "done": true
  },
  "supertools:recipes/tools/wooden_sickle": {
    "criteria": {
      "has_items": "2024-11-23 23:42:05 +0000"
    },
    "done": true
  },
  "minecraft:recipes/building_blocks/dark_oak_wood": {
    "criteria": {
      "has_log": "2024-11-23 23:39:22 +0000"
    },
    "done": true
  },
  "aquaculture:recipes/tools/diamond_fishing_rod": {
    "criteria": {
      "has_vanilla_rod": "2024-11-23 23:37:15 +0000"
    },
    "done": true
  },
  "biomesoplenty:recipes/building_blocks/willow_planks": {
    "criteria": {
      "has_logs": "2024-11-23 23:51:17 +0000"
    },
    "done": true
  },
  "vampirism:recipes/decorations/bat_cage": {
    "criteria": {
      "has_planks": "2024-11-23 23:42:05 +0000"
    },
    "done": true
  },
  "minecraft:story/upgrade_tools": {
    "criteria": {
      "stone_pickaxe": "2024-11-23 23:42:59 +0000"
    },
    "done": true
  },
  "vampirism:recipes/transportation/dark_spruce_boat": {
    "criteria": {
      "in_water": "2024-11-23 23:48:06 +0000"
    },
    "done": true
  },
  "biomesoplenty:recipes/transportation/palm_boat": {
    "criteria": {
      "in_water": "2024-11-23 23:48:06 +0000"
    },
    "done": true
  },
  "supertools:recipes/tools/iron_sickle": {
    "criteria": {
      "has_items": "2024-11-23 23:37:15 +0000"
    },
    "done": true
  },
  "croptopia:recipes/documentation": {
    "criteria": {
      "has_crop": "2024-11-23 23:38:10 +0000"
    },
    "done": true
  },
  "aquaculture:recipes/food/cooked_fish_fillet": {
    "criteria": {
      "has_items": "2024-11-23 23:37:15 +0000"
    },
    "done": true
  },
  "soulslikeuniverse:soulslikeuniverse": {
    "criteria": {
      "soulslikeuniverse": "2024-11-23 23:37:15 +0000"
    },
    "done": true
  },
  "sophisticatedbackpacks:recipes/misc/upgrade_base": {
    "criteria": {
      "has_leather": "2024-11-23 23:47:23 +0000"
    },
    "done": true
  },
  "spartanweaponry:recipes/stone_flanged_mace": {
    "criteria": {
      "has_cobblestone": "2024-11-23 23:42:25 +0000"
    },
    "done": true
  },
  "corail_recycler:tutorial/root": {
    "criteria": {
      "auto": "2024-11-23 23:37:16 +0000"
    },
    "done": true
  },
  "sophisticatedbackpacks:recipes/misc/copper_backpack": {
    "criteria": {
      "has_backpack": "2024-11-23 23:39:28 +0000"
    },
    "done": true
  },
  "croptopia:recipes/fruit_salad": {
    "criteria": {
      "has_apple": "2024-11-23 23:38:10 +0000"
    },
    "done": true
  },
  "supertools:recipes/tools/copper_shovel": {
    "criteria": {
      "has_items": "2024-11-23 23:37:15 +0000"
    },
    "done": true
  },
  "betterdungeons:all_dungeons": {
    "criteria": {
      "in_better_spider_dungeon": "2024-11-23 23:49:40 +0000"
    },
    "done": false
  },
  "spartanweaponry:recipes/stone_javelin": {
    "criteria": {
      "has_cobblestone": "2024-11-23 23:42:25 +0000"
    },
    "done": true
  },
  "spartanweaponry:recipes/wooden_heavy_crossbow": {
    "criteria": {
      "has_wood": "2024-11-23 23:42:05 +0000"
    },
    "done": true
  },
  "vampirism:recipes/combat/alchemy_table": {
    "criteria": {
      "has_planks": "2024-11-23 23:42:05 +0000"
    },
    "done": true
  },
  "spartanweaponry:recipes/stone_pike": {
    "criteria": {
      "has_cobblestone": "2024-11-23 23:42:25 +0000"
    },
    "done": true
  },
  "supertools:recipes/tools/quartz_sword": {
    "criteria": {
      "has_items": "2024-11-23 23:37:15 +0000"
    },
    "done": true
  },
  "spartanweaponry:recipes/combat/pole_from_string": {
    "criteria": {
      "has_stick": "2024-11-23 23:39:22 +0000"
    },
    "done": true
  },
  "supertools:recipes/tools/quartz_sickle": {
    "criteria": {
      "has_items": "2024-11-23 23:37:15 +0000"
    },
    "done": true
  },
  "biomesoplenty:recipes/building_blocks/willow_wood": {
    "criteria": {
      "has_log": "2024-11-23 23:51:17 +0000"
    },
    "done": true
  },
  "spartanweaponry:recipes/stone_warhammer": {
    "criteria": {
      "has_cobblestone": "2024-11-23 23:42:25 +0000"
    },
    "done": true
  },
  "supertools:recipes/armor/emerald_leggings": {
    "criteria": {
      "has_emerald": "2024-11-23 23:37:15 +0000"
    },
    "done": true
  },
  "supertools:recipes/tools/redstone_sickle": {
    "criteria": {
      "has_items": "2024-11-23 23:37:15 +0000"
    },
    "done": true
  },
  "minecraft:adventure/kill_a_mob": {
    "criteria": {
      "minecraft:zombie": "2024-11-23 23:48:00 +0000"
    },
    "done": true
  },
  "vampirism:recipes/alchemy_table/alchemy_table/plant_oil": {
    "criteria": {
      "has_wheat_seeds": "2024-11-23 23:45:37 +0000"
    },
    "done": true
  },
  "spartanweaponry:recipes/wooden_tomahawk": {
    "criteria": {
      "has_wood": "2024-11-23 23:42:05 +0000"
    },
    "done": true
  },
  "spartanweaponry:recipes/combat/simple_handle": {
    "criteria": {
      "has_stick": "2024-11-23 23:39:22 +0000"
    },
    "done": true
  },
  "supertools:supertools/super_hoe": {
    "criteria": {
      "super_hoe": "2024-11-23 23:37:15 +0000"
    },
    "done": true
  },
  "minecraft:recipes/building_blocks/cobblestone_stairs_from_cobblestone_stonecutting": {
    "criteria": {
      "has_cobblestone": "2024-11-23 23:42:25 +0000"
    },
    "done": true
  },
  "spartanweaponry:recipes/stone_dagger": {
    "criteria": {
      "has_cobblestone": "2024-11-23 23:42:25 +0000"
    },
    "done": true
  },
  "apotheosis:give_book": {
    "criteria": {
      "tick": "2024-11-23 23:37:15 +0000"
    },
    "done": true
  },
  "aquaculture:recipes/misc/neptunium_ingot_from_nuggets": {
    "criteria": {
      "has_items": "2024-11-23 23:37:15 +0000"
    },
    "done": true
  },
  "spartanweaponry:recipes/stone_halberd": {
    "criteria": {
      "has_cobblestone": "2024-11-23 23:42:25 +0000"
    },
    "done": true
  },
  "supertools:recipes/supertools/super_pickaxe": {
    "criteria": {
      "has_items": "2024-11-23 23:37:15 +0000"
    },
    "done": true
  },
  "twilightforest:recipes/transportation/sorting_boat": {
    "criteria": {
      "in_water": "2024-11-23 23:48:06 +0000"
    },
    "done": true
  },
  "supertools:supertools/bag_of_bonemeal": {
    "criteria": {
      "bone_meal_tool": "2024-11-23 23:37:15 +0000"
    },
    "done": true
  },
  "minecraft:recipes/redstone/tnt": {
    "criteria": {
      "has_gunpowder": "2024-11-23 23:48:26 +0000"
    },
    "done": true
  },
  "supertools:recipes/tools/stone_sickle": {
    "criteria": {
      "has_items": "2024-11-23 23:37:15 +0000"
    },
    "done": true
  },
  "vampirism:recipes/decorations/general/vampire_rack": {
    "criteria": {
      "has_planks": "2024-11-23 23:42:05 +0000"
    },
    "done": true
  },
  "aquaculture:recipes/tools/stone_fillet_knife": {
    "criteria": {
      "has_items": "2024-11-23 23:42:25 +0000"
    },
    "done": true
  },
  "minecraft:recipes/tools/stone_hoe": {
    "criteria": {
      "has_cobblestone": "2024-11-23 23:42:25 +0000"
    },
    "done": true
  },
  "aquaculture:recipes/misc/iron_nugget_from_blasting": {
    "criteria": {
      "has_fishing_rod": "2024-11-23 23:37:15 +0000",
      "has_fillet_knife": "2024-11-23 23:37:15 +0000"
    },
    "done": true
  },
  "betterdungeons:spider_dungeon": {
    "criteria": {
      "in_better_spider_dungeon": "2024-11-23 23:49:40 +0000"
    },
    "done": true
  },
  "aquaculture:recipes/misc/tin_can_to_iron_nugget": {
    "criteria": {
      "has_items": "2024-11-23 23:37:15 +0000"
    },
    "done": true
  },
  "minecraft:story/root": {
    "criteria": {
      "crafting_table": "2024-11-23 23:42:15 +0000"
    },
    "done": true
  },
  "vampirism:recipes/decorations/general/altar_cleansing": {
    "criteria": {
      "has_vampire_book": "2024-11-23 23:42:05 +0000"
    },
    "done": true
  },
  "minecraft:recipes/transportation/dark_oak_boat": {
    "criteria": {
      "in_water": "2024-11-23 23:48:06 +0000"
    },
    "done": true
  },
  "cgm:recipes/combat/basic_bullet": {
    "criteria": {
      "has_gunpowder": "2024-11-23 23:48:26 +0000"
    },
    "done": true
  },
  "aquaculture:recipes/decorations/jungle_fish_mount": {
    "criteria": {
      "has_items": "2024-11-23 23:37:15 +0000"
    },
    "done": true
  },
  "minecraft:recipes/food/cooked_beef_from_campfire_cooking": {
    "criteria": {
      "has_beef": "2024-11-23 23:47:23 +0000"
    },
    "done": true
  },
  "sophisticatedbackpacks:recipes/misc/iron_backpack": {
    "criteria": {
      "has_backpack": "2024-11-23 23:39:28 +0000"
    },
    "done": true
  },
  "DataVersion": 3465
}