{
  "spartanweaponry:recipes/golden_rapier": {
    "criteria": {
      "has_gold_ingot": "2024-11-17 03:42:26 +0000"
    },
    "done": true
  },
  "cgm:recipes/combat/assault_rifle": {
    "criteria": {
      "has_iron_ingot": "2024-11-17 03:45:39 +0000"
    },
    "done": true
  },
  "croptopia:recipes/beef_jerky": {
    "criteria": {
      "has_beef": "2024-11-17 03:49:12 +0000"
    },
    "done": true
  },
  "minecraft:recipes/decorations/ladder": {
    "criteria": {
      "has_stick": "2024-11-17 03:13:13 +0000"
    },
    "done": true
  },
  "vampirism:recipes/decorations/vampire/blood_pedestal": {
    "criteria": {
      "has_gold": "2024-11-17 03:42:26 +0000"
    },
    "done": true
  },
  "spartanweaponry:recipes/iron_javelin": {
    "criteria": {
      "has_iron_ingot": "2024-11-17 03:45:40 +0000"
    },
    "done": true
  },
  "mutantmonsters:root": {
    "criteria": {
      "killed_something": "2024-11-17 03:13:22 +0000"
    },
    "done": true
  },
  "spartanshields:recipes/silver_tower_shield": {
    "criteria": {
      "has_silver_ingot": "2024-11-17 03:42:23 +0000"
    },
    "done": true
  },
  "spartanshields:recipes/iron_tower_shield": {
    "criteria": {
      "has_iron_ingot": "2024-11-17 03:45:39 +0000"
    },
    "done": true
  },
  "spartanweaponry:recipes/golden_halberd": {
    "criteria": {
      "has_gold_ingot": "2024-11-17 03:42:26 +0000"
    },
    "done": true
  },
  "supertools:supertools/super_shovel": {
    "criteria": {
      "super_shovel": "2024-11-17 03:08:52 +0000"
    },
    "done": true
  },
  "spartanweaponry:recipes/golden_dagger": {
    "criteria": {
      "has_gold_ingot": "2024-11-17 03:42:26 +0000"
    },
    "done": true
  },
  "croptopia:recipes/misc/apple_juice": {
    "criteria": {
      "has_apple": "2024-11-17 03:11:09 +0000"
    },
    "done": true
  },
  "spartanweaponry:recipes/wooden_scythe": {
    "criteria": {
      "has_wood": "2024-11-17 03:15:25 +0000"
    },
    "done": true
  },
  "spartanweaponry:recipes/stone_glaive": {
    "criteria": {
      "has_cobblestone": "2024-11-17 03:18:12 +0000"
    },
    "done": true
  },
  "corail_recycler:recipes/netherite_disk": {
    "criteria": {
      "requirement_2": "2024-11-17 03:45:39 +0000"
    },
    "done": false
  },
  "spartanweaponry:recipes/cestus": {
    "criteria": {
      "has_wool": "2024-11-17 03:57:15 +0000"
    },
    "done": true
  },
  "croptopia:recipes/pork_jerky": {
    "criteria": {
      "has_the_recipe": "2024-11-17 03:49:12 +0000"
    },
    "done": true
  },
  "spartanweaponry:recipes/silver_saber": {
    "criteria": {
      "has_silver_ingot": "2024-11-17 03:42:23 +0000"
    },
    "done": true
  },
  "supertools:recipes/tools/obsidian_sickle": {
    "criteria": {
      "has_items": "2024-11-17 03:08:52 +0000"
    },
    "done": true
  },
  "supertools:recipes/tools/quartz_shovel": {
    "criteria": {
      "has_items": "2024-11-17 03:08:52 +0000"
    },
    "done": true
  },
  "minecraft:recipes/food/cooked_mutton_from_smoking": {
    "criteria": {
      "has_mutton": "2024-11-17 03:57:50 +0000"
    },
    "done": true
  },
  "spartanweaponry:recipes/stone_longsword": {
    "criteria": {
      "has_cobblestone": "2024-11-17 03:18:12 +0000"
    },
    "done": true
  },
  "paraglider:root": {
    "criteria": {
      "crafting_table": "2024-11-17 03:15:32 +0000"
    },
    "done": true
  },
  "minecraft:recipes/building_blocks/jungle_wood": {
    "criteria": {
      "has_log": "2024-11-17 03:12:31 +0000"
    },
    "done": true
  },
  "minecraft:recipes/tools/golden_axe": {
    "criteria": {
      "has_gold_ingot": "2024-11-17 03:42:26 +0000"
    },
    "done": true
  },
  "spartanweaponry:recipes/copper_battle_hammer": {
    "criteria": {
      "has_copper_ingot": "2024-11-17 03:26:25 +0000"
    },
    "done": true
  },
  "minecraft:recipes/tools/golden_pickaxe": {
    "criteria": {
      "has_gold_ingot": "2024-11-17 03:42:26 +0000"
    },
    "done": true
  },
  "vampirism:recipes/decorations/vampire/coffin_cyan_from_white": {
    "criteria": {
      "has_dye": "2024-11-17 03:39:23 +0000"
    },
    "done": true
  },
  "vampirism:recipes/decorations/hunter/item_med_chair": {
    "criteria": {
      "has_iron_ingot": "2024-11-17 03:45:39 +0000"
    },
    "done": true
  },
  "aquaculture:recipes/aquaculture/heavy_hook": {
    "criteria": {
      "has_items": "2024-11-17 03:08:52 +0000"
    },
    "done": true
  },
  "cgm:recipes/combat/machine_pistol": {
    "criteria": {
      "has_iron_ingot": "2024-11-17 03:45:40 +0000"
    },
    "done": true
  },
  "aquaculture:recipes/decorations/birch_fish_mount": {
    "criteria": {
      "has_items": "2024-11-17 03:08:52 +0000"
    },
    "done": true
  },
  "minecraft:recipes/building_blocks/prismarine": {
    "criteria": {
      "has_prismarine_shard": "2024-11-17 03:44:43 +0000"
    },
    "done": true
  },
  "minecraft:recipes/building_blocks/polished_diorite": {
    "criteria": {
      "has_diorite": "2024-11-17 03:36:56 +0000"
    },
    "done": true
  },
  "minecraft:recipes/building_blocks/raw_iron_block": {
    "criteria": {
      "has_raw_iron": "2024-11-17 03:25:23 +0000"
    },
    "done": true
  },
  "croptopia:recipes/food/beef_jerky": {
    "criteria": {
      "has_the_recipe": "2024-11-17 03:49:12 +0000"
    },
    "done": true
  },
  "ironchest:recipes/decorations/upgrades/wood_to_iron_chest_upgrade": {
    "criteria": {
      "has_iron_ingot": "2024-11-17 03:45:40 +0000"
    },
    "done": true
  },
  "biomesoplenty:recipes/transportation/willow_boat": {
    "criteria": {
      "in_water": "2024-11-17 03:10:43 +0000"
    },
    "done": true
  },
  "croptopia:recipes/burrito": {
    "criteria": {
      "has_the_recipe": "2024-11-17 03:49:12 +0000"
    },
    "done": true
  },
  "supertools:recipes/armor/emerald_boots": {
    "criteria": {
      "has_emerald": "2024-11-17 03:08:52 +0000"
    },
    "done": true
  },
  "spartanweaponry:recipes/stone_katana": {
    "criteria": {
      "has_cobblestone": "2024-11-17 03:18:12 +0000"
    },
    "done": true
  },
  "minecraft:recipes/misc/gold_nugget": {
    "criteria": {
      "has_gold_ingot": "2024-11-17 03:42:26 +0000"
    },
    "done": true
  },
  "spartanweaponry:recipes/stone_battle_hammer": {
    "criteria": {
      "has_cobblestone": "2024-11-17 03:18:12 +0000"
    },
    "done": true
  },
  "supertools:recipes/supertools/special_cup": {
    "criteria": {
      "has_items": "2024-11-17 03:08:52 +0000"
    },
    "done": true
  },
  "spartanweaponry:recipes/wooden_spear": {
    "criteria": {
      "has_wood": "2024-11-17 03:15:25 +0000"
    },
    "done": true
  },
  "minecraft:recipes/combat/iron_helmet": {
    "criteria": {
      "has_iron_ingot": "2024-11-17 03:45:39 +0000"
    },
    "done": true
  },
  "minecraft:recipes/tools/golden_shovel": {
    "criteria": {
      "has_gold_ingot": "2024-11-17 03:42:26 +0000"
    },
    "done": true
  },
  "aquaculture:recipes/misc/neptunium_ingot_from_neptunium_block": {
    "criteria": {
      "has_items": "2024-11-17 03:08:52 +0000"
    },
    "done": true
  },
  "spartanweaponry:recipes/grease_ball": {
    "criteria": {
      "has_meat": "2024-11-17 03:49:12 +0000"
    },
    "done": true
  },
  "minecraft:story/mine_stone": {
    "criteria": {
      "get_stone": "2024-11-17 03:18:12 +0000"
    },
    "done": true
  },
  "vampirism:recipes/combat/vampire/vampire_clothing_crown": {
    "criteria": {
      "has_gold": "2024-11-17 03:42:26 +0000"
    },
    "done": true
  },
  "minecraft:recipes/decorations/furnace": {
    "criteria": {
      "has_cobblestone": "2024-11-17 03:18:12 +0000"
    },
    "done": true
  },
  "minecraft:recipes/food/golden_apple": {
    "criteria": {
      "has_gold_ingot": "2024-11-17 03:42:26 +0000"
    },
    "done": true
  },
  "supertools:recipes/armor/obsidian_leggings": {
    "criteria": {
      "has_obsidian": "2024-11-17 03:08:52 +0000"
    },
    "done": true
  },
  "spartanshields:recipes/wooden_basic_shield": {
    "criteria": {
      "has_planks": "2024-11-17 03:15:25 +0000"
    },
    "done": true
  },
  "spartanweaponry:recipes/copper_boomerang": {
    "criteria": {
      "has_copper_ingot": "2024-11-17 03:26:25 +0000"
    },
    "done": true
  },
  "apotheosis:affix/mythic_gem": {
    "criteria": {
      "gem": "2024-11-17 03:43:35 +0000"
    },
    "done": true
  },
  "spartanweaponry:recipes/silver_javelin": {
    "criteria": {
      "has_silver_ingot": "2024-11-17 03:42:23 +0000"
    },
    "done": true
  },
  "spartanweaponry:recipes/stone_throwing_knife": {
    "criteria": {
      "has_cobblestone": "2024-11-17 03:18:12 +0000"
    },
    "done": true
  },
  "minecraft:recipes/combat/golden_boots": {
    "criteria": {
      "has_gold_ingot": "2024-11-17 03:42:26 +0000"
    },
    "done": true
  },
  "minecraft:recipes/tools/wooden_axe": {
    "criteria": {
      "has_stick": "2024-11-17 03:13:13 +0000"
    },
    "done": true
  },
  "croptopia:recipes/potato_chips": {
    "criteria": {
      "has_potato": "2024-11-17 03:16:28 +0000"
    },
    "done": true
  },
  "minecraft:recipes/decorations/black_carpet": {
    "criteria": {
      "has_black_wool": "2024-11-17 03:58:06 +0000"
    },
    "done": true
  },
  "spartanweaponry:recipes/golden_lance": {
    "criteria": {
      "has_gold_ingot": "2024-11-17 03:42:26 +0000"
    },
    "done": true
  },
  "vampirism:vampire/first_blood": {
    "criteria": {
      "main": "2024-11-17 03:36:03 +0000",
      "flower": "2024-11-17 03:36:11 +0000"
    },
    "done": true
  },
  "supertools:recipes/tools/golden_sickle": {
    "criteria": {
      "has_items": "2024-11-17 03:08:52 +0000"
    },
    "done": true
  },
  "spartanweaponry:recipes/iron_heavy_crossbow": {
    "criteria": {
      "has_iron_ingot": "2024-11-17 03:45:39 +0000"
    },
    "done": true
  },
  "aquaculture:recipes/misc/iron_nugget_from_smelting": {
    "criteria": {
      "has_fishing_rod": "2024-11-17 03:08:52 +0000",
      "has_fillet_knife": "2024-11-17 03:08:52 +0000"
    },
    "done": true
  },
  "spartanweaponry:recipes/silver_spear": {
    "criteria": {
      "has_silver_ingot": "2024-11-17 03:42:23 +0000"
    },
    "done": true
  },
  "croptopia:recipes/shaped_beef_stew": {
    "criteria": {
      "has_beef": "2024-11-17 03:49:12 +0000"
    },
    "done": true
  },
  "minecraft:recipes/decorations/crafting_table": {
    "criteria": {
      "unlock_right_away": "2024-11-17 03:08:53 +0000"
    },
    "done": true
  },
  "ironchest:recipes/decorations/chests/copper_iron_chest": {
    "criteria": {
      "has_iron_ingot": "2024-11-17 03:45:39 +0000"
    },
    "done": true
  },
  "minecraft:recipes/building_blocks/cut_copper_stairs_from_copper_block_stonecutting": {
    "criteria": {
      "has_copper_block": "2024-11-17 03:54:15 +0000"
    },
    "done": true
  },
  "minecraft:recipes/decorations/chest": {
    "criteria": {
      "has_lots_of_items": "2024-11-17 03:12:31 +0000"
    },
    "done": true
  },
  "aquaculture:recipes/tools/golden_fishing_rod": {
    "criteria": {
      "has_vanilla_rod": "2024-11-17 03:08:52 +0000"
    },
    "done": true
  },
  "minecraft:recipes/tools/shears": {
    "criteria": {
      "has_iron_ingot": "2024-11-17 03:45:40 +0000"
    },
    "done": true
  },
  "minecraft:recipes/misc/stick": {
    "criteria": {
      "has_planks": "2024-11-17 03:15:25 +0000"
    },
    "done": true
  },
  "spartanweaponry:recipes/copper_glaive": {
    "criteria": {
      "has_copper_ingot": "2024-11-17 03:26:25 +0000"
    },
    "done": true
  },
  "spartanweaponry:recipes/combat/pole_from_leather": {
    "criteria": {
      "has_stick": "2024-11-17 03:13:13 +0000"
    },
    "done": true
  },
  "cgm:recipes/combat/bazooka": {
    "criteria": {
      "has_iron_ingot": "2024-11-17 03:45:39 +0000"
    },
    "done": true
  },
  "minecraft:recipes/brewing/golden_carrot": {
    "criteria": {
      "has_gold_nugget": "2024-11-17 03:42:26 +0000"
    },
    "done": true
  },
  "aquaculture:recipes/misc/gold_nugget_from_smelting": {
    "criteria": {
      "has_fishing_rod": "2024-11-17 03:08:52 +0000",
      "has_fillet_knife": "2024-11-17 03:08:52 +0000"
    },
    "done": true
  },
  "vampirism:recipes/combat/weapontable/crucifix_enhanced": {
    "criteria": {
      "iron": "2024-11-17 03:45:39 +0000"
    },
    "done": true
  },
  "minecraft:recipes/building_blocks/cobblestone_slab_from_cobblestone_stonecutting": {
    "criteria": {
      "has_cobblestone": "2024-11-17 03:18:12 +0000"
    },
    "done": true
  },
  "spartanweaponry:recipes/golden_battle_hammer": {
    "criteria": {
      "has_gold_ingot": "2024-11-17 03:42:26 +0000"
    },
    "done": true
  },
  "minecraft:recipes/transportation/cherry_boat": {
    "criteria": {
      "in_water": "2024-11-17 03:10:43 +0000"
    },
    "done": true
  },
  "spartanshields:recipes/copper_tower_shield": {
    "criteria": {
      "has_copper_ingot": "2024-11-17 03:26:25 +0000"
    },
    "done": true
  },
  "minecraft:recipes/redstone/lightning_rod": {
    "criteria": {
      "has_copper_ingot": "2024-11-17 03:26:25 +0000"
    },
    "done": true
  },
  "minecraft:adventure/kill_all_mobs": {
    "criteria": {
      "minecraft:skeleton": "2024-11-17 03:42:58 +0000",
      "minecraft:spider": "2024-11-17 03:15:18 +0000",
      "minecraft:creeper": "2024-11-17 03:48:03 +0000",
      "minecraft:zombie": "2024-11-17 03:13:22 +0000",
      "minecraft:drowned": "2024-11-17 03:44:42 +0000"
    },
    "done": false
  },
  "vampirism:recipes/misc/vampire/blood_infused_iron_ingot": {
    "criteria": {
      "has_iron": "2024-11-17 03:45:40 +0000"
    },
    "done": true
  },
  "minecraft:recipes/building_blocks/dye_cyan_bed": {
    "criteria": {
      "has_needed_dye": "2024-11-17 03:39:23 +0000"
    },
    "done": true
  },
  "minecraft:recipes/combat/golden_chestplate": {
    "criteria": {
      "has_gold_ingot": "2024-11-17 03:42:26 +0000"
    },
    "done": true
  },
  "spartanweaponry:recipes/iron_warhammer": {
    "criteria": {
      "has_iron_ingot": "2024-11-17 03:45:39 +0000"
    },
    "done": true
  },
  "biomesoplenty:recipes/transportation/umbran_boat": {
    "criteria": {
      "in_water": "2024-11-17 03:10:43 +0000"
    },
    "done": true
  },
  "supertools:recipes/tools/diamond_sickle": {
    "criteria": {
      "has_items": "2024-11-17 03:08:52 +0000"
    },
    "done": true
  },
  "minecraft:recipes/building_blocks/iron_block": {
    "criteria": {
      "has_iron_ingot": "2024-11-17 03:45:40 +0000"
    },
    "done": true
  },
  "usefulslime:recipes/slime_sling": {
    "criteria": {
      "has_slime": "2024-11-17 03:08:52 +0000"
    },
    "done": true
  },
  "croptopia:recipes/misc/grapefruit_sapling": {
    "criteria": {
      "has_grapefruit": "2024-11-17 03:39:04 +0000"
    },
    "done": true
  },
  "spartanweaponry:recipes/silver_warhammer": {
    "criteria": {
      "has_silver_ingot": "2024-11-17 03:42:23 +0000"
    },
    "done": true
  },
  "iceandfire:recipes/misc/ghost_chest": {
    "criteria": {
      "has_item": "2024-11-17 03:41:39 +0000"
    },
    "done": true
  },
  "minecraft:recipes/redstone/tripwire_hook": {
    "criteria": {
      "has_string": "2024-11-17 03:15:21 +0000"
    },
    "done": true
  },
  "ironchest:recipes/decorations/upgrades/wood_to_copper_chest_upgrade": {
    "criteria": {
      "has_copper_ingot": "2024-11-17 03:26:25 +0000"
    },
    "done": true
  },
  "croptopia:recipes/doughnut": {
    "criteria": {
      "has_milk": "2024-11-17 03:58:48 +0000"
    },
    "done": true
  },
  "supertools:recipes/armor/quartz_boots": {
    "criteria": {
      "has_quartz": "2024-11-17 03:08:52 +0000"
    },
    "done": true
  },
  "toughasnails:recipes/food/apple_juice": {
    "criteria": {
      "has_apple": "2024-11-17 03:11:09 +0000"
    },
    "done": true
  },
  "minecraft:recipes/building_blocks/stone": {
    "criteria": {
      "has_cobblestone": "2024-11-17 03:18:12 +0000"
    },
    "done": true
  },
  "supertools:supertools/cup": {
    "criteria": {
      "cup": "2024-11-17 03:08:52 +0000"
    },
    "done": true
  },
  "spartanweaponry:recipes/iron_parrying_dagger": {
    "criteria": {
      "has_iron_ingot": "2024-11-17 03:45:39 +0000"
    },
    "done": true
  },
  "minecraft:recipes/transportation/bamboo_raft": {
    "criteria": {
      "in_water": "2024-11-17 03:10:43 +0000"
    },
    "done": true
  },
  "minecraft:recipes/building_blocks/cut_copper": {
    "criteria": {
      "has_copper_block": "2024-11-17 03:54:15 +0000"
    },
    "done": true
  },
  "aquaculture:recipes/misc/bonemeal_from_fish_bones": {
    "criteria": {
      "has_items": "2024-11-17 03:08:52 +0000"
    },
    "done": true
  },
  "supertools:recipes/tools/obsidian_shovel": {
    "criteria": {
      "has_items": "2024-11-17 03:08:52 +0000"
    },
    "done": true
  },
  "spartanweaponry:recipes/wooden_saber": {
    "criteria": {
      "has_wood": "2024-11-17 03:15:25 +0000"
    },
    "done": true
  },
  "minecraft:recipes/decorations/candle": {
    "criteria": {
      "has_string": "2024-11-17 03:15:21 +0000"
    },
    "done": true
  },
  "minecraft:recipes/food/bread": {
    "criteria": {
      "has_wheat": "2024-11-17 03:45:44 +0000"
    },
    "done": true
  },
  "born_in_chaos_v1:dark_metallurgy": {
    "criteria": {
      "dark_metallurgy_0": "2024-11-17 03:43:57 +0000"
    },
    "done": true
  },
  "biomesoplenty:recipes/transportation/dead_boat": {
    "criteria": {
      "in_water": "2024-11-17 03:10:43 +0000"
    },
    "done": true
  },
  "spartanweaponry:recipes/wooden_javelin": {
    "criteria": {
      "has_wood": "2024-11-17 03:15:25 +0000"
    },
    "done": true
  },
  "biomesoplenty:recipes/transportation/magic_boat": {
    "criteria": {
      "in_water": "2024-11-17 03:10:43 +0000"
    },
    "done": true
  },
  "spartanweaponry:recipes/golden_pike": {
    "criteria": {
      "has_gold_ingot": "2024-11-17 03:42:26 +0000"
    },
    "done": true
  },
  "croptopia:recipes/oatmeal": {
    "criteria": {
      "has_milk": "2024-11-17 03:58:48 +0000"
    },
    "done": true
  },
  "minecraft:recipes/building_blocks/hay_block": {
    "criteria": {
      "has_wheat": "2024-11-17 03:45:44 +0000"
    },
    "done": true
  },
  "spartanweaponry:recipes/iron_rapier": {
    "criteria": {
      "has_iron_ingot": "2024-11-17 03:45:39 +0000"
    },
    "done": true
  },
  "spartanweaponry:recipes/iron_battleaxe": {
    "criteria": {
      "has_iron_ingot": "2024-11-17 03:45:40 +0000"
    },
    "done": true
  },
  "toughasnails:recipes/combat/wool_helmet": {
    "criteria": {
      "has_wool": "2024-11-17 03:57:15 +0000"
    },
    "done": true
  },
  "vampirism:recipes/decorations/general/tombstone2": {
    "criteria": {
      "has_coble": "2024-11-17 03:18:12 +0000"
    },
    "done": true
  },
  "croptopia:recipes/food/pork_jerky": {
    "criteria": {
      "has_the_recipe": "2024-11-17 03:49:12 +0000"
    },
    "done": true
  },
  "croptopia:recipes/misc/apple_sapling": {
    "criteria": {
      "has_apple": "2024-11-17 03:11:09 +0000"
    },
    "done": true
  },
  "vampirism:recipes/decorations/vampire/altar_tip": {
    "criteria": {
      "has_iron": "2024-11-17 03:45:39 +0000"
    },
    "done": true
  },
  "supertools:supertools/super_axe": {
    "criteria": {
      "super_axe": "2024-11-17 03:08:52 +0000"
    },
    "done": true
  },
  "minecraft:recipes/building_blocks/polished_diorite_stairs_from_diorite_stonecutting": {
    "criteria": {
      "has_diorite": "2024-11-17 03:36:56 +0000"
    },
    "done": true
  },
  "minecraft:recipes/building_blocks/waxed_copper_block_from_honeycomb": {
    "criteria": {
      "has_copper_block": "2024-11-17 03:54:15 +0000"
    },
    "done": true
  },
  "spartanweaponry:recipes/iron_dagger": {
    "criteria": {
      "has_iron_ingot": "2024-11-17 03:45:40 +0000"
    },
    "done": true
  },
  "spartanweaponry:recipes/wooden_quarterstaff": {
    "criteria": {
      "has_wood": "2024-11-17 03:15:25 +0000"
    },
    "done": true
  },
  "minecraft:recipes/redstone/light_weighted_pressure_plate": {
    "criteria": {
      "has_gold_ingot": "2024-11-17 03:42:26 +0000"
    },
    "done": true
  },
  "supertools:recipes/armor/quartz_leggings": {
    "criteria": {
      "has_quartz": "2024-11-17 03:08:52 +0000"
    },
    "done": true
  },
  "soulsweapons:root": {
    "criteria": {
      "crafting_table": "2024-11-17 03:15:32 +0000"
    },
    "done": true
  },
  "spartanweaponry:recipes/stone_boomerang": {
    "criteria": {
      "has_cobblestone": "2024-11-17 03:18:12 +0000"
    },
    "done": true
  },
  "supertools:recipes/tools/obsidian_pickaxe": {
    "criteria": {
      "has_items": "2024-11-17 03:08:52 +0000"
    },
    "done": true
  },
  "minecraft:recipes/building_blocks/jungle_stairs": {
    "criteria": {
      "has_planks": "2024-11-17 03:15:25 +0000"
    },
    "done": true
  },
  "supertools:recipes/armor/quartz_helmet": {
    "criteria": {
      "has_quartz": "2024-11-17 03:08:52 +0000"
    },
    "done": true
  },
  "spartanweaponry:recipes/silver_glaive": {
    "criteria": {
      "has_silver_ingot": "2024-11-17 03:42:23 +0000"
    },
    "done": true
  },
  "supertools:recipes/armor/emerald_chestplate": {
    "criteria": {
      "has_emerald": "2024-11-17 03:08:52 +0000"
    },
    "done": true
  },
  "spartanweaponry:recipes/wooden_club": {
    "criteria": {
      "has_wood_log": "2024-11-17 03:12:31 +0000"
    },
    "done": true
  },
  "croptopia:recipes/campfire_toast": {
    "criteria": {
      "has_bread": "2024-11-17 03:11:09 +0000"
    },
    "done": true
  },
  "minecraft:recipes/building_blocks/copper_block": {
    "criteria": {
      "has_copper_ingot": "2024-11-17 03:26:25 +0000"
    },
    "done": true
  },
  "iceandfire:iceandfire/root": {
    "criteria": {
      "tick": "2024-11-17 03:08:53 +0000"
    },
    "done": true
  },
  "croptopia:recipes/misc/mortar_and_pestle": {
    "criteria": {
      "has_bowl": "2024-11-17 03:38:24 +0000"
    },
    "done": true
  },
  "vampirism:recipes/decorations/vampire/blood_container": {
    "criteria": {
      "has_iron": "2024-11-17 03:45:40 +0000"
    },
    "done": true
  },
  "minecraft:recipes/redstone/hopper": {
    "criteria": {
      "has_iron_ingot": "2024-11-17 03:45:40 +0000"
    },
    "done": true
  },
  "spartanweaponry:recipes/silver_battleaxe": {
    "criteria": {
      "has_silver_ingot": "2024-11-17 03:42:23 +0000"
    },
    "done": true
  },
  "vampirism:recipes/decorations/general/throne": {
    "criteria": {
      "has_stick": "2024-11-17 03:13:13 +0000"
    },
    "done": true
  },
  "vampirism:recipes/decorations/general/fire_place": {
    "criteria": {
      "has_logs": "2024-11-17 03:12:31 +0000"
    },
    "done": true
  },
  "ironchest:recipes/decorations/chests/vanilla_dirt_chest": {
    "criteria": {
      "has_iron_ingot": "2024-11-17 03:36:56 +0000"
    },
    "done": true
  },
  "minecraft:recipes/misc/copper_ingot_from_blasting_raw_copper": {
    "criteria": {
      "has_raw_copper": "2024-11-17 03:19:52 +0000"
    },
    "done": true
  },
  "croptopia:gather_food": {
    "criteria": {
      "leafy_salad": "2024-11-17 03:38:12 +0000"
    },
    "done": false
  },
  "minecraft:recipes/decorations/black_bed": {
    "criteria": {
      "has_black_wool": "2024-11-17 03:58:06 +0000"
    },
    "done": true
  },
  "aquaculture:recipes/misc/brown_mushroom_from_fish": {
    "criteria": {
      "has_items": "2024-11-17 03:08:52 +0000"
    },
    "done": true
  },
  "supertools:recipes/tools/copper_sword": {
    "criteria": {
      "has_items": "2024-11-17 03:08:52 +0000"
    },
    "done": true
  },
  "minecraft:recipes/food/cooked_beef_from_smoking": {
    "criteria": {
      "has_beef": "2024-11-17 03:49:12 +0000"
    },
    "done": true
  },
  "spartanweaponry:greatsword": {
    "criteria": {
      "has_greatsword": "2024-11-17 03:27:56 +0000"
    },
    "done": true
  },
  "minecraft:recipes/food/cooked_porkchop": {
    "criteria": {
      "has_porkchop": "2024-11-17 03:58:21 +0000"
    },
    "done": true
  },
  "spartanweaponry:recipes/combat/handle_from_leather": {
    "criteria": {
      "has_stick": "2024-11-17 03:13:13 +0000"
    },
    "done": true
  },
  "minecraft:recipes/building_blocks/raw_copper_block": {
    "criteria": {
      "has_raw_copper": "2024-11-17 03:19:52 +0000"
    },
    "done": true
  },
  "minecraft:recipes/tools/brush": {
    "criteria": {
      "has_copper_ingot": "2024-11-17 03:26:25 +0000"
    },
    "done": true
  },
  "minecraft:recipes/decorations/cyan_candle": {
    "criteria": {
      "has_cyan_dye": "2024-11-17 03:39:23 +0000"
    },
    "done": true
  },
  "minecraft:recipes/building_blocks/diorite_stairs_from_diorite_stonecutting": {
    "criteria": {
      "has_diorite": "2024-11-17 03:36:56 +0000"
    },
    "done": true
  },
  "supertools:recipes/tools/quartz_axe": {
    "criteria": {
      "has_items": "2024-11-17 03:08:52 +0000"
    },
    "done": true
  },
  "spartanweaponry:recipes/wooden_warhammer": {
    "criteria": {
      "has_wood": "2024-11-17 03:15:25 +0000"
    },
    "done": true
  },
  "supertools:recipes/tools/copper_hoe": {
    "criteria": {
      "has_items": "2024-11-17 03:08:52 +0000"
    },
    "done": true
  },
  "minecraft:recipes/combat/iron_boots": {
    "criteria": {
      "has_iron_ingot": "2024-11-17 03:45:39 +0000"
    },
    "done": true
  },
  "spartanweaponry:recipes/silver_dagger": {
    "criteria": {
      "has_silver_ingot": "2024-11-17 03:42:23 +0000"
    },
    "done": true
  },
  "spartanweaponry:recipes/stone_tomahawk": {
    "criteria": {
      "has_cobblestone": "2024-11-17 03:18:12 +0000"
    },
    "done": true
  },
  "spartanweaponry:recipes/golden_longsword": {
    "criteria": {
      "has_gold_ingot": "2024-11-17 03:42:26 +0000"
    },
    "done": true
  },
  "vampirism:recipes/decorations/vampire/candle_stick": {
    "criteria": {
      "has_iron": "2024-11-17 03:45:40 +0000"
    },
    "done": true
  },
  "supertools:recipes/armor/lapis_chestplate": {
    "criteria": {
      "has_lapis": "2024-11-17 03:08:52 +0000"
    },
    "done": true
  },
  "supertools:recipes/armor/obsidian_boots": {
    "criteria": {
      "has_obsidian": "2024-11-17 03:08:52 +0000"
    },
    "done": true
  },
  "croptopia:recipes/misc/frying_pan": {
    "criteria": {
      "has_iron": "2024-11-17 03:45:39 +0000"
    },
    "done": true
  },
  "vampirism:recipes/food/general/garlic_bread": {
    "criteria": {
      "has_bread": "2024-11-17 03:11:09 +0000"
    },
    "done": true
  },
  "minecraft:recipes/tools/stone_pickaxe": {
    "criteria": {
      "has_cobblestone": "2024-11-17 03:18:12 +0000"
    },
    "done": true
  },
  "spartanweaponry:recipes/golden_scythe": {
    "criteria": {
      "has_gold_ingot": "2024-11-17 03:42:26 +0000"
    },
    "done": true
  },
  "minecraft:recipes/misc/black_dye": {
    "criteria": {
      "has_ink_sac": "2024-11-17 03:40:37 +0000"
    },
    "done": true
  },
  "vampirism:recipes/decorations/hunter/hunter_table": {
    "criteria": {
      "has_fang": "2024-11-17 03:13:46 +0000"
    },
    "done": true
  },
  "spartanweaponry:recipes/golden_glaive": {
    "criteria": {
      "has_gold_ingot": "2024-11-17 03:42:26 +0000"
    },
    "done": true
  },
  "minecraft:recipes/decorations/lantern": {
    "criteria": {
      "has_iron_ingot": "2024-11-17 03:45:40 +0000"
    },
    "done": true
  },
  "cgm:recipes/combat/advanced_bullet": {
    "criteria": {
      "has_copper_ingot": "2024-11-17 03:26:25 +0000"
    },
    "done": true
  },
  "supertools:recipes/tools/emerald_pickaxe": {
    "criteria": {
      "has_items": "2024-11-17 03:08:52 +0000"
    },
    "done": true
  },
  "supertools:recipes/tools/obsidian_sword": {
    "criteria": {
      "has_items": "2024-11-17 03:08:52 +0000"
    },
    "done": true
  },
  "apotheosis:affix/rare": {
    "criteria": {
      "sword": "2024-11-17 03:43:10 +0000"
    },
    "done": true
  },
  "spartanweaponry:recipes/medium_quiver_brace": {
    "criteria": {
      "has_gold_ingot": "2024-11-17 03:42:26 +0000"
    },
    "done": true
  },
  "minecraft:recipes/decorations/campfire": {
    "criteria": {
      "has_stick": "2024-11-17 03:13:13 +0000"
    },
    "done": true
  },
  "supertools:supertools/super_sickle": {
    "criteria": {
      "super_sickle": "2024-11-17 03:08:52 +0000"
    },
    "done": true
  },
  "aquaculture:recipes/tools/wooden_fillet_knife": {
    "criteria": {
      "has_items": "2024-11-17 03:13:13 +0000"
    },
    "done": true
  },
  "minecraft:recipes/redstone/jungle_trapdoor": {
    "criteria": {
      "has_planks": "2024-11-17 03:15:25 +0000"
    },
    "done": true
  },
  "minecraft:recipes/tools/wooden_hoe": {
    "criteria": {
      "has_stick": "2024-11-17 03:13:13 +0000"
    },
    "done": true
  },
  "spartanweaponry:recipes/wooden_greatsword": {
    "criteria": {
      "has_wood": "2024-11-17 03:15:25 +0000"
    },
    "done": true
  },
  "minecraft:recipes/misc/charcoal": {
    "criteria": {
      "has_log": "2024-11-17 03:12:31 +0000"
    },
    "done": true
  },
  "supertools:recipes/armor/quartz_chestplate": {
    "criteria": {
      "has_quartz": "2024-11-17 03:08:52 +0000"
    },
    "done": true
  },
  "minecraft:recipes/tools/iron_shovel": {
    "criteria": {
      "has_iron_ingot": "2024-11-17 03:45:40 +0000"
    },
    "done": true
  },
  "supertools:recipes/armor/lapis_boots": {
    "criteria": {
      "has_lapis": "2024-11-17 03:08:52 +0000"
    },
    "done": true
  },
  "spartanweaponry:recipes/copper_dagger": {
    "criteria": {
      "has_copper_ingot": "2024-11-17 03:26:25 +0000"
    },
    "done": true
  },
  "spartanweaponry:recipes/wooden_parrying_dagger": {
    "criteria": {
      "has_wood": "2024-11-17 03:15:25 +0000"
    },
    "done": true
  },
  "spartanweaponry:recipes/wooden_rapier": {
    "criteria": {
      "has_wood": "2024-11-17 03:15:25 +0000"
    },
    "done": true
  },
  "vampirism:recipes/decorations/vampire/chandelier": {
    "criteria": {
      "has_string": "2024-11-17 03:15:21 +0000"
    },
    "done": true
  },
  "aquaculture:recipes/misc/neptinium_ingot_from_blasting": {
    "criteria": {
      "has_leggings": "2024-11-17 03:08:52 +0000",
      "has_axe": "2024-11-17 03:08:52 +0000",
      "has_helmet": "2024-11-17 03:08:52 +0000",
      "has_fishing_rod": "2024-11-17 03:08:52 +0000",
      "has_bow": "2024-11-17 03:08:52 +0000",
      "has_chestplate": "2024-11-17 03:08:52 +0000",
      "has_sword": "2024-11-17 03:08:52 +0000",
      "has_fillet_knife": "2024-11-17 03:08:52 +0000",
      "has_shovel": "2024-11-17 03:08:52 +0000",
      "has_hoe": "2024-11-17 03:08:52 +0000",
      "has_boots": "2024-11-17 03:08:52 +0000",
      "has_pickaxe": "2024-11-17 03:08:52 +0000"
    },
    "done": true
  },
  "ironchest:recipes/decorations/chests/iron_gold_chest": {
    "criteria": {
      "has_gold_ingot": "2024-11-17 03:42:26 +0000"
    },
    "done": true
  },
  "supertools:recipes/tools/obsidian_hoe": {
    "criteria": {
      "has_items": "2024-11-17 03:08:52 +0000"
    },
    "done": true
  },
  "vampirism:recipes/alchemy_table/alchemy_table/vampire_blood_oil": {
    "criteria": {
      "has_wheat_seeds": "2024-11-17 03:23:34 +0000"
    },
    "done": true
  },
  "cgm:recipes/combat/mini_gun": {
    "criteria": {
      "has_iron_ingot": "2024-11-17 03:45:40 +0000"
    },
    "done": true
  },
  "spartanweaponry:recipes/stone_battleaxe": {
    "criteria": {
      "has_cobblestone": "2024-11-17 03:18:12 +0000"
    },
    "done": true
  },
  "minecraft:recipes/decorations/jungle_sign": {
    "criteria": {
      "has_planks": "2024-11-17 03:15:25 +0000"
    },
    "done": true
  },
  "minecraft:recipes/building_blocks/andesite": {
    "criteria": {
      "has_stone": "2024-11-17 03:36:56 +0000"
    },
    "done": true
  },
  "apotheosis:affix/gem": {
    "criteria": {
      "gem": "2024-11-17 03:42:29 +0000"
    },
    "done": true
  },
  "spartanweaponry:recipes/silver_longbow": {
    "criteria": {
      "has_silver_ingot": "2024-11-17 03:42:23 +0000"
    },
    "done": true
  },
  "corail_recycler:recipes/recycler": {
    "criteria": {
      "requirement_2": "2024-11-17 03:45:39 +0000",
      "requirement_3": "2024-11-17 03:24:19 +0000",
      "requirement_1": "2024-11-17 03:15:25 +0000"
    },
    "done": true
  },
  "spartanweaponry:recipes/copper_heavy_crossbow": {
    "criteria": {
      "has_copper_ingot": "2024-11-17 03:26:25 +0000"
    },
    "done": true
  },
  "aquaculture:recipes/decorations/dark_oak_fish_mount": {
    "criteria": {
      "has_items": "2024-11-17 03:08:52 +0000"
    },
    "done": true
  },
  "spartanweaponry:recipes/wooden_boomerang": {
    "criteria": {
      "has_wood": "2024-11-17 03:15:25 +0000"
    },
    "done": true
  },
  "spartanweaponry:recipes/copper_flanged_mace": {
    "criteria": {
      "has_copper_ingot": "2024-11-17 03:26:25 +0000"
    },
    "done": true
  },
  "croptopia:recipes/shaped_milk_bottle": {
    "criteria": {
      "has_milk": "2024-11-17 03:58:48 +0000"
    },
    "done": true
  },
  "spartanweaponry:recipes/silver_greatsword": {
    "criteria": {
      "has_silver_ingot": "2024-11-17 03:42:23 +0000"
    },
    "done": true
  },
  "minecraft:recipes/redstone/jungle_door": {
    "criteria": {
      "has_planks": "2024-11-17 03:15:25 +0000"
    },
    "done": true
  },
  "iceandfire:recipes/food/gold_pile": {
    "criteria": {
      "has_item": "2024-11-17 03:42:26 +0000"
    },
    "done": true
  },
  "supertools:recipes/tools/emerald_sword": {
    "criteria": {
      "has_items": "2024-11-17 03:08:52 +0000"
    },
    "done": true
  },
  "ironchest:recipes/decorations/upgrades/copper_to_iron_chest_upgrade": {
    "criteria": {
      "has_iron_ingot": "2024-11-17 03:45:40 +0000"
    },
    "done": true
  },
  "croptopia:eatcrafted": {
    "criteria": {
      "eat_crafted": "2024-11-17 03:38:24 +0000"
    },
    "done": true
  },
  "supertools:recipes/supertools/super_hoe": {
    "criteria": {
      "has_items": "2024-11-17 03:08:52 +0000"
    },
    "done": true
  },
  "spartanweaponry:recipes/stone_spear": {
    "criteria": {
      "has_cobblestone": "2024-11-17 03:18:12 +0000"
    },
    "done": true
  },
  "spartanweaponry:recipes/wooden_throwing_knife": {
    "criteria": {
      "has_wood": "2024-11-17 03:15:25 +0000"
    },
    "done": true
  },
  "minecraft:recipes/combat/golden_sword": {
    "criteria": {
      "has_gold_ingot": "2024-11-17 03:42:26 +0000"
    },
    "done": true
  },
  "spartanweaponry:recipes/copper_scythe": {
    "criteria": {
      "has_copper_ingot": "2024-11-17 03:26:25 +0000"
    },
    "done": true
  },
  "minecraft:recipes/tools/wooden_shovel": {
    "criteria": {
      "has_stick": "2024-11-17 03:13:13 +0000"
    },
    "done": true
  },
  "minecraft:recipes/building_blocks/cobblestone_slab": {
    "criteria": {
      "has_cobblestone": "2024-11-17 03:18:12 +0000"
    },
    "done": true
  },
  "supertools:recipes/tools/emerald_axe": {
    "criteria": {
      "has_items": "2024-11-17 03:08:52 +0000"
    },
    "done": true
  },
  "spartanshields:recipes/golden_tower_shield": {
    "criteria": {
      "has_gold_ingot": "2024-11-17 03:42:26 +0000"
    },
    "done": true
  },
  "ironchest:recipes/decorations/chests/vanilla_iron_chest": {
    "criteria": {
      "has_iron_ingot": "2024-11-17 03:45:40 +0000"
    },
    "done": true
  },
  "spartanweaponry:root": {
    "criteria": {
      "has_handle": "2024-11-17 03:30:03 +0000"
    },
    "done": true
  },
  "minecraft:recipes/building_blocks/gold_block": {
    "criteria": {
      "has_gold_ingot": "2024-11-17 03:42:26 +0000"
    },
    "done": true
  },
  "paraglider:recipes/misc/paraglider": {
    "criteria": {
      "has_stick": "2024-11-17 03:13:13 +0000"
    },
    "done": true
  },
  "minecraft:recipes/transportation/acacia_boat": {
    "criteria": {
      "in_water": "2024-11-17 03:10:43 +0000"
    },
    "done": true
  },
  "minecraft:recipes/redstone/iron_trapdoor": {
    "criteria": {
      "has_iron_ingot": "2024-11-17 03:45:39 +0000"
    },
    "done": true
  },
  "spartanshields:recipes/silver_basic_shield": {
    "criteria": {
      "has_silver_ingot": "2024-11-17 03:42:23 +0000"
    },
    "done": true
  },
  "minecraft:adventure/root": {
    "criteria": {
      "killed_something": "2024-11-17 03:13:22 +0000"
    },
    "done": true
  },
  "aquaculture:recipes/decorations/acacia_fish_mount": {
    "criteria": {
      "has_items": "2024-11-17 03:08:52 +0000"
    },
    "done": true
  },
  "vampirism:recipes/combat/hunter/crucifix": {
    "criteria": {
      "stick": "2024-11-17 03:13:13 +0000"
    },
    "done": true
  },
  "minecraft:recipes/decorations/jungle_fence": {
    "criteria": {
      "has_planks": "2024-11-17 03:15:25 +0000"
    },
    "done": true
  },
  "spartanweaponry:recipes/golden_warhammer": {
    "criteria": {
      "has_gold_ingot": "2024-11-17 03:42:26 +0000"
    },
    "done": true
  },
  "vampirism:recipes/decorations/hunter/weapon_table": {
    "criteria": {
      "has_iron_ingot": "2024-11-17 03:45:39 +0000"
    },
    "done": true
  },
  "apotheosis:affix/rare_gem": {
    "criteria": {
      "gem": "2024-11-17 03:43:57 +0000"
    },
    "done": true
  },
  "spartanweaponry:recipes/iron_battle_hammer": {
    "criteria": {
      "has_iron_ingot": "2024-11-17 03:45:39 +0000"
    },
    "done": true
  },
  "croptopia:recipes/hamburger": {
    "criteria": {
      "has_beef": "2024-11-17 03:49:12 +0000"
    },
    "done": true
  },
  "spartanweaponry:recipes/golden_longbow": {
    "criteria": {
      "has_gold_ingot": "2024-11-17 03:42:26 +0000"
    },
    "done": true
  },
  "minecraft:recipes/misc/iron_ingot_from_blasting_raw_iron": {
    "criteria": {
      "has_raw_iron": "2024-11-17 03:25:23 +0000"
    },
    "done": true
  },
  "spartanweaponry:recipes/wooden_flanged_mace": {
    "criteria": {
      "has_wood": "2024-11-17 03:15:25 +0000"
    },
    "done": true
  },
  "minecraft:recipes/combat/wooden_sword": {
    "criteria": {
      "has_stick": "2024-11-17 03:13:13 +0000"
    },
    "done": true
  },
  "spartanweaponry:recipes/silver_tomahawk": {
    "criteria": {
      "has_silver_ingot": "2024-11-17 03:42:23 +0000"
    },
    "done": true
  },
  "croptopia:recipes/misc/knife": {
    "criteria": {
      "has_iron": "2024-11-17 03:45:40 +0000"
    },
    "done": true
  },
  "aquaculture:recipes/aquaculture/diamond_hook": {
    "criteria": {
      "has_items": "2024-11-17 03:08:52 +0000"
    },
    "done": true
  },
  "supertools:recipes/supertools/super_sickle": {
    "criteria": {
      "has_items": "2024-11-17 03:08:52 +0000"
    },
    "done": true
  },
  "minecraft:recipes/combat/crossbow": {
    "criteria": {
      "has_string": "2024-11-17 03:15:21 +0000"
    },
    "done": true
  },
  "minecraft:recipes/food/cooked_porkchop_from_smoking": {
    "criteria": {
      "has_porkchop": "2024-11-17 03:58:21 +0000"
    },
    "done": true
  },
  "betterdungeons:root": {
    "criteria": {
      "always": "2024-11-17 03:08:53 +0000"
    },
    "done": true
  },
  "aquaculture:recipes/food/sushi": {
    "criteria": {
      "has_alt_items": "2024-11-17 03:08:52 +0000",
      "has_items": "2024-11-17 03:08:52 +0000"
    },
    "done": true
  },
  "vampirism:recipes/decorations/vampire/coffin_black": {
    "criteria": {
      "has_wool": "2024-11-17 03:58:06 +0000"
    },
    "done": true
  },
  "minecraft:recipes/decorations/barrel": {
    "criteria": {
      "has_planks": "2024-11-17 03:15:25 +0000"
    },
    "done": true
  },
  "spartanweaponry:recipes/iron_spear": {
    "criteria": {
      "has_iron_ingot": "2024-11-17 03:45:39 +0000"
    },
    "done": true
  },
  "minecraft:recipes/decorations/cobblestone_wall_from_cobblestone_stonecutting": {
    "criteria": {
      "has_cobblestone": "2024-11-17 03:18:12 +0000"
    },
    "done": true
  },
  "minecraft:recipes/decorations/white_bed": {
    "criteria": {
      "has_white_wool": "2024-11-17 03:57:15 +0000"
    },
    "done": true
  },
  "spartanweaponry:recipes/iron_saber": {
    "criteria": {
      "has_iron_ingot": "2024-11-17 03:45:40 +0000"
    },
    "done": true
  },
  "spartanweaponry:recipes/stone_rapier": {
    "criteria": {
      "has_cobblestone": "2024-11-17 03:18:12 +0000"
    },
    "done": true
  },
  "minecraft:recipes/building_blocks/cobblestone_stairs": {
    "criteria": {
      "has_cobblestone": "2024-11-17 03:18:12 +0000"
    },
    "done": true
  },
  "aquaculture:recipes/tools/gold_fillet_knife": {
    "criteria": {
      "has_items": "2024-11-17 03:42:26 +0000"
    },
    "done": true
  },
  "croptopia:recipes/flour": {
    "criteria": {
      "has_grain": "2024-11-17 03:45:44 +0000"
    },
    "done": true
  },
  "spartanweaponry:recipes/golden_flanged_mace": {
    "criteria": {
      "has_gold_ingot": "2024-11-17 03:42:26 +0000"
    },
    "done": true
  },
  "minecraft:recipes/building_blocks/polished_diorite_slab_from_diorite_stonecutting": {
    "criteria": {
      "has_diorite": "2024-11-17 03:36:56 +0000"
    },
    "done": true
  },
  "aquaculture:recipes/aquaculture/light_hook": {
    "criteria": {
      "has_items": "2024-11-17 03:08:52 +0000"
    },
    "done": true
  },
  "aquaculture:recipes/misc/red_mushroom_from_fish": {
    "criteria": {
      "has_items": "2024-11-17 03:08:52 +0000"
    },
    "done": true
  },
  "corail_recycler:recipes/copper_nugget": {
    "criteria": {
      "requirement": "2024-11-17 04:12:59 +0000"
    },
    "done": true
  },
  "born_in_chaos_v1:bornin_chaos": {
    "criteria": {
      "bornin_chaos_0": "2024-11-17 03:08:53 +0000"
    },
    "done": true
  },
  "aquaculture:recipes/building_blocks/planks_from_driftwood": {
    "criteria": {
      "has_items": "2024-11-17 03:08:52 +0000"
    },
    "done": true
  },
  "mcwfurnitures:recipes/jungle": {
    "criteria": {
      "has_wood": "2024-11-17 03:12:31 +0000"
    },
    "done": true
  },
  "spartanweaponry:recipes/golden_heavy_crossbow": {
    "criteria": {
      "has_gold_ingot": "2024-11-17 03:42:26 +0000"
    },
    "done": true
  },
  "minecraft:recipes/tools/stone_shovel": {
    "criteria": {
      "has_cobblestone": "2024-11-17 03:18:12 +0000"
    },
    "done": true
  },
  "supertools:recipes/tools/lapis_axe": {
    "criteria": {
      "has_items": "2024-11-17 03:08:52 +0000"
    },
    "done": true
  },
  "supertools:recipes/tools/lapis_shovel": {
    "criteria": {
      "has_items": "2024-11-17 03:08:52 +0000"
    },
    "done": true
  },
  "toughasnails:recipes/combat/wool_leggings": {
    "criteria": {
      "has_wool": "2024-11-17 03:57:15 +0000"
    },
    "done": true
  },
  "minecraft:recipes/building_blocks/jungle_slab": {
    "criteria": {
      "has_planks": "2024-11-17 03:15:25 +0000"
    },
    "done": true
  },
  "croptopia:recipes/food/toast_from_bread": {
    "criteria": {
      "has_bread": "2024-11-17 03:11:09 +0000"
    },
    "done": true
  },
  "spartanweaponry:recipes/silver_scythe": {
    "criteria": {
      "has_silver_ingot": "2024-11-17 03:42:23 +0000"
    },
    "done": true
  },
  "toughasnails:recipes/combat/wool_chestplate": {
    "criteria": {
      "has_wool": "2024-11-17 03:57:15 +0000"
    },
    "done": true
  },
  "minecraft:recipes/food/cooked_beef": {
    "criteria": {
      "has_beef": "2024-11-17 03:49:12 +0000"
    },
    "done": true
  },
  "cgm:recipes/misc/workbench": {
    "criteria": {
      "has_iron": "2024-11-17 03:45:39 +0000"
    },
    "done": true
  },
  "minecraft:recipes/transportation/jungle_boat": {
    "criteria": {
      "in_water": "2024-11-17 03:10:43 +0000"
    },
    "done": true
  },
  "vampirism:recipes/decorations/vampire/coffin_white": {
    "criteria": {
      "has_wool": "2024-11-17 03:57:15 +0000"
    },
    "done": true
  },
  "minecraft:recipes/redstone/heavy_weighted_pressure_plate": {
    "criteria": {
      "has_iron_ingot": "2024-11-17 03:45:39 +0000"
    },
    "done": true
  },
  "spartanweaponry:recipes/silver_parrying_dagger": {
    "criteria": {
      "has_silver_ingot": "2024-11-17 03:42:23 +0000"
    },
    "done": true
  },
  "supertools:recipes/tools/redstone_hoe": {
    "criteria": {
      "has_items": "2024-11-17 03:08:52 +0000"
    },
    "done": true
  },
  "vampirism:recipes/decorations/hunter/potion_table": {
    "criteria": {
      "has_glass_bottle": "2024-11-17 03:15:09 +0000"
    },
    "done": true
  },
  "spartanweaponry:recipes/wooden_longbow": {
    "criteria": {
      "has_wood": "2024-11-17 03:15:25 +0000"
    },
    "done": true
  },
  "vampirism:recipes/decorations/item_tent": {
    "criteria": {
      "has_wool": "2024-11-17 03:57:15 +0000"
    },
    "done": true
  },
  "croptopia:recipes/ham_sandwich": {
    "criteria": {
      "has_cooked_porkchop": "2024-11-17 04:06:58 +0000"
    },
    "done": true
  },
  "supertools:recipes/tools/redstone_pickaxe": {
    "criteria": {
      "has_items": "2024-11-17 03:08:52 +0000"
    },
    "done": true
  },
  "twilightforest:recipes/transportation/twilight_oak_boat": {
    "criteria": {
      "in_water": "2024-11-17 03:10:43 +0000"
    },
    "done": true
  },
  "minecraft:recipes/redstone/lever": {
    "criteria": {
      "has_cobblestone": "2024-11-17 03:18:12 +0000"
    },
    "done": true
  },
  "twilightforest:recipes/transportation/time_boat": {
    "criteria": {
      "in_water": "2024-11-17 03:10:43 +0000"
    },
    "done": true
  },
  "spartanweaponry:recipes/stone_saber": {
    "criteria": {
      "has_cobblestone": "2024-11-17 03:18:12 +0000"
    },
    "done": true
  },
  "spartanshields:recipes/copper_basic_shield": {
    "criteria": {
      "has_copper_ingot": "2024-11-17 03:26:25 +0000"
    },
    "done": true
  },
  "supertools:recipes/tools/quartz_pickaxe": {
    "criteria": {
      "has_items": "2024-11-17 03:08:52 +0000"
    },
    "done": true
  },
  "minecraft:recipes/combat/iron_leggings": {
    "criteria": {
      "has_iron_ingot": "2024-11-17 03:45:39 +0000"
    },
    "done": true
  },
  "vampirism:recipes/decorations/general/grave_cage": {
    "criteria": {
      "has_iron": "2024-11-17 03:45:39 +0000"
    },
    "done": true
  },
  "supertools:recipes/tools/copper_axe": {
    "criteria": {
      "has_items": "2024-11-17 03:08:52 +0000"
    },
    "done": true
  },
  "twilightforest:recipes/transportation/mining_boat": {
    "criteria": {
      "in_water": "2024-11-17 03:10:43 +0000"
    },
    "done": true
  },
  "cgm:recipes/combat/shotgun": {
    "criteria": {
      "has_iron_ingot": "2024-11-17 03:45:40 +0000"
    },
    "done": true
  },
  "aquaculture:recipes/aquaculture/worm_farm": {
    "criteria": {
      "has_items": "2024-11-17 03:08:52 +0000"
    },
    "done": true
  },
  "iceandfire:recipes/misc/dragon_meal": {
    "criteria": {
      "has_item": "2024-11-17 03:49:12 +0000"
    },
    "done": true
  },
  "spartanweaponry:recipes/stone_scythe": {
    "criteria": {
      "has_cobblestone": "2024-11-17 03:18:12 +0000"
    },
    "done": true
  },
  "spartanweaponry:recipes/silver_longsword": {
    "criteria": {
      "has_silver_ingot": "2024-11-17 03:42:23 +0000"
    },
    "done": true
  },
  "minecraft:story/obtain_armor": {
    "criteria": {
      "iron_helmet": "2024-11-17 03:16:28 +0000"
    },
    "done": true
  },
  "croptopia:recipes/pork_and_beans": {
    "criteria": {
      "has_pork": "2024-11-17 03:58:21 +0000"
    },
    "done": true
  },
  "aquaculture:recipes/tools/iron_fishing_rod": {
    "criteria": {
      "has_vanilla_rod": "2024-11-17 03:08:52 +0000"
    },
    "done": true
  },
  "supertools:recipes/supertools/super_shovel": {
    "criteria": {
      "has_items": "2024-11-17 03:08:52 +0000"
    },
    "done": true
  },
  "spartanweaponry:recipes/stone_greatsword": {
    "criteria": {
      "has_cobblestone": "2024-11-17 03:18:12 +0000"
    },
    "done": true
  },
  "spartanweaponry:recipes/wooden_glaive": {
    "criteria": {
      "has_wood": "2024-11-17 03:15:25 +0000"
    },
    "done": true
  },
  "supertools:recipes/tools/lapis_sword": {
    "criteria": {
      "has_items": "2024-11-17 03:08:52 +0000"
    },
    "done": true
  },
  "minecraft:recipes/misc/iron_nugget_from_smelting": {
    "criteria": {
      "has_iron_helmet": "2024-11-17 03:16:28 +0000"
    },
    "done": true
  },
  "supertools:recipes/tools/emerald_sickle": {
    "criteria": {
      "has_items": "2024-11-17 03:08:52 +0000"
    },
    "done": true
  },
  "minecraft:recipes/food/baked_potato_from_campfire_cooking": {
    "criteria": {
      "has_potato": "2024-11-17 03:16:28 +0000"
    },
    "done": true
  },
  "vampirism:recipes/combat/hunter/stake": {
    "criteria": {
      "has_sticks": "2024-11-17 03:13:13 +0000"
    },
    "done": true
  },
  "spartanweaponry:katana": {
    "criteria": {
      "has_katana": "2024-11-17 03:30:10 +0000"
    },
    "done": true
  },
  "spartanweaponry:recipes/golden_spear": {
    "criteria": {
      "has_gold_ingot": "2024-11-17 03:42:26 +0000"
    },
    "done": true
  },
  "minecraft:story/iron_tools": {
    "criteria": {
      "iron_pickaxe": "2024-11-17 04:09:46 +0000"
    },
    "done": true
  },
  "croptopia:recipes/stuffed_poblanos": {
    "criteria": {
      "has_beef": "2024-11-17 03:49:12 +0000"
    },
    "done": true
  },
  "minecraft:recipes/combat/iron_chestplate": {
    "criteria": {
      "has_iron_ingot": "2024-11-17 03:45:39 +0000"
    },
    "done": true
  },
  "soulsweapons:recipes/combat/holy_greatsword": {
    "criteria": {
      "has_item": "2024-11-17 03:45:40 +0000"
    },
    "done": true
  },
  "spartanweaponry:recipes/iron_quarterstaff": {
    "criteria": {
      "has_iron_ingot": "2024-11-17 03:45:39 +0000"
    },
    "done": true
  },
  "minecraft:recipes/combat/stone_sword": {
    "criteria": {
      "has_cobblestone": "2024-11-17 03:18:12 +0000"
    },
    "done": true
  },
  "minecraft:recipes/decorations/cobblestone_wall": {
    "criteria": {
      "has_cobblestone": "2024-11-17 03:18:12 +0000"
    },
    "done": true
  },
  "supertools:recipes/tools/lapis_hoe": {
    "criteria": {
      "has_items": "2024-11-17 03:08:52 +0000"
    },
    "done": true
  },
  "iceandfire:recipes/misc/silver_ingot_to_silver_nugget": {
    "criteria": {
      "has_silver_ingot": "2024-11-17 03:42:23 +0000"
    },
    "done": true
  },
  "supertools:recipes/tools/obsidian_axe": {
    "criteria": {
      "has_items": "2024-11-17 03:08:52 +0000"
    },
    "done": true
  },
  "spartanweaponry:recipes/golden_battleaxe": {
    "criteria": {
      "has_gold_ingot": "2024-11-17 03:42:26 +0000"
    },
    "done": true
  },
  "minecraft:recipes/tools/stone_axe": {
    "criteria": {
      "has_cobblestone": "2024-11-17 03:18:12 +0000"
    },
    "done": true
  },
  "spartanweaponry:recipes/wooden_lance": {
    "criteria": {
      "has_wood": "2024-11-17 03:15:25 +0000"
    },
    "done": true
  },
  "aquaculture:recipes/aquaculture/note_hook": {
    "criteria": {
      "has_items": "2024-11-17 03:08:52 +0000"
    },
    "done": true
  },
  "supertools:recipes/tools/quartz_hoe": {
    "criteria": {
      "has_items": "2024-11-17 03:08:52 +0000"
    },
    "done": true
  },
  "spartanweaponry:recipes/silver_flanged_mace": {
    "criteria": {
      "has_silver_ingot": "2024-11-17 03:42:23 +0000"
    },
    "done": true
  },
  "minecraft:recipes/misc/iron_nugget": {
    "criteria": {
      "has_iron_ingot": "2024-11-17 03:45:39 +0000"
    },
    "done": true
  },
  "corail_recycler:recipes/diamond_disk": {
    "criteria": {
      "requirement_2": "2024-11-17 03:45:39 +0000"
    },
    "done": false
  },
  "aquaculture:recipes/food/cooked_fish_fillet_from_campfire": {
    "criteria": {
      "has_items": "2024-11-17 03:08:52 +0000"
    },
    "done": true
  },
  "spartanweaponry:recipes/iron_halberd": {
    "criteria": {
      "has_iron_ingot": "2024-11-17 03:45:39 +0000"
    },
    "done": true
  },
  "vampirism:recipes/decorations/vampire/altar_infusion": {
    "criteria": {
      "has_gold": "2024-11-17 03:42:26 +0000"
    },
    "done": true
  },
  "minecraft:recipes/misc/bucket": {
    "criteria": {
      "has_iron_ingot": "2024-11-17 03:45:39 +0000"
    },
    "done": true
  },
  "minecraft:recipes/building_blocks/diorite_slab": {
    "criteria": {
      "has_diorite": "2024-11-17 03:36:56 +0000"
    },
    "done": true
  },
  "spartanweaponry:recipes/iron_flanged_mace": {
    "criteria": {
      "has_iron_ingot": "2024-11-17 03:45:40 +0000"
    },
    "done": true
  },
  "spartanweaponry:recipes/silver_quarterstaff": {
    "criteria": {
      "has_silver_ingot": "2024-11-17 03:42:23 +0000"
    },
    "done": true
  },
  "minecraft:recipes/combat/bow": {
    "criteria": {
      "has_string": "2024-11-17 03:15:21 +0000"
    },
    "done": true
  },
  "spartanweaponry:recipes/iron_boomerang": {
    "criteria": {
      "has_iron_ingot": "2024-11-17 03:45:39 +0000"
    },
    "done": true
  },
  "minecraft:recipes/transportation/minecart": {
    "criteria": {
      "has_iron_ingot": "2024-11-17 03:45:40 +0000"
    },
    "done": true
  },
  "minecraft:recipes/tools/iron_hoe": {
    "criteria": {
      "has_iron_ingot": "2024-11-17 03:45:39 +0000"
    },
    "done": true
  },
  "spartanweaponry:recipes/silver_battle_hammer": {
    "criteria": {
      "has_silver_ingot": "2024-11-17 03:42:23 +0000"
    },
    "done": true
  },
  "spartanweaponry:recipes/iron_katana": {
    "criteria": {
      "has_iron_ingot": "2024-11-17 03:45:40 +0000"
    },
    "done": true
  },
  "croptopia:recipes/carnitas": {
    "criteria": {
      "has_porkchop": "2024-11-17 03:58:21 +0000"
    },
    "done": true
  },
  "supertools:recipes/tools/copper_pickaxe": {
    "criteria": {
      "has_items": "2024-11-17 03:08:52 +0000"
    },
    "done": true
  },
  "minecraft:recipes/food/baked_potato": {
    "criteria": {
      "has_potato": "2024-11-17 03:16:28 +0000"
    },
    "done": true
  },
  "spartanweaponry:recipes/iron_pike": {
    "criteria": {
      "has_iron_ingot": "2024-11-17 03:45:39 +0000"
    },
    "done": true
  },
  "minecraft:recipes/misc/gold_ingot_from_nuggets": {
    "criteria": {
      "has_gold_nugget": "2024-11-17 03:42:26 +0000"
    },
    "done": true
  },
  "supertools:recipes/armor/lapis_leggings": {
    "criteria": {
      "has_lapis": "2024-11-17 03:08:52 +0000"
    },
    "done": true
  },
  "spartanweaponry:recipes/wooden_longsword": {
    "criteria": {
      "has_wood": "2024-11-17 03:15:25 +0000"
    },
    "done": true
  },
  "spartanweaponry:recipes/stone_parrying_dagger": {
    "criteria": {
      "has_cobblestone": "2024-11-17 03:18:12 +0000"
    },
    "done": true
  },
  "minecraft:recipes/decorations/painting": {
    "criteria": {
      "has_wool": "2024-11-17 03:57:15 +0000"
    },
    "done": true
  },
  "spartanweaponry:recipes/golden_throwing_knife": {
    "criteria": {
      "has_gold_ingot": "2024-11-17 03:42:26 +0000"
    },
    "done": true
  },
  "spartanshields:recipes/wooden_tower_shield": {
    "criteria": {
      "has_planks": "2024-11-17 03:15:25 +0000"
    },
    "done": true
  },
  "aquaculture:recipes/aquaculture/gold_hook": {
    "criteria": {
      "has_items": "2024-11-17 03:08:52 +0000"
    },
    "done": true
  },
  "spartanweaponry:recipes/silver_boomerang": {
    "criteria": {
      "has_silver_ingot": "2024-11-17 03:42:23 +0000"
    },
    "done": true
  },
  "minecraft:recipes/combat/golden_helmet": {
    "criteria": {
      "has_gold_ingot": "2024-11-17 03:42:26 +0000"
    },
    "done": true
  },
  "supertools:recipes/supertools/adarum": {
    "criteria": {
      "has_items": "2024-11-17 03:08:52 +0000"
    },
    "done": true
  },
  "spartanweaponry:recipes/silver_heavy_crossbow": {
    "criteria": {
      "has_silver_ingot": "2024-11-17 03:42:23 +0000"
    },
    "done": true
  },
  "aquaculture:recipes/decorations/oak_fish_mount": {
    "criteria": {
      "has_items": "2024-11-17 03:08:52 +0000"
    },
    "done": true
  },
  "minecraft:recipes/building_blocks/dye_cyan_wool": {
    "criteria": {
      "has_needed_dye": "2024-11-17 03:39:23 +0000"
    },
    "done": true
  },
  "twilightforest:recipes/transportation/mangrove_boat": {
    "criteria": {
      "in_water": "2024-11-17 03:10:43 +0000"
    },
    "done": true
  },
  "spartanweaponry:recipes/copper_warhammer": {
    "criteria": {
      "has_copper_ingot": "2024-11-17 03:26:25 +0000"
    },
    "done": true
  },
  "supertools:recipes/armor/copper_helmet": {
    "criteria": {
      "has_emerald": "2024-11-17 03:08:52 +0000"
    },
    "done": true
  },
  "croptopia:recipes/misc/apple_pie": {
    "criteria": {
      "has_apple": "2024-11-17 03:11:09 +0000"
    },
    "done": true
  },
  "minecraft:story/smelt_iron": {
    "criteria": {
      "iron": "2024-11-17 03:45:39 +0000"
    },
    "done": true
  },
  "minecraft:recipes/tools/fishing_rod": {
    "criteria": {
      "has_string": "2024-11-17 03:15:21 +0000"
    },
    "done": true
  },
  "minecraft:recipes/decorations/smoker": {
    "criteria": {
      "has_furnace": "2024-11-17 03:25:09 +0000"
    },
    "done": true
  },
  "supertools:supertools/super_pickaxe": {
    "criteria": {
      "super_pickaxe": "2024-11-17 03:08:52 +0000"
    },
    "done": true
  },
  "croptopia:recipes/fruit_smoothie": {
    "criteria": {
      "has_fruit": "2024-11-17 03:11:09 +0000"
    },
    "done": true
  },
  "supertools:supertools/special_cup": {
    "criteria": {
      "special_cup": "2024-11-17 03:08:52 +0000"
    },
    "done": true
  },
  "spartanshields:recipes/iron_basic_shield": {
    "criteria": {
      "has_iron_ingot": "2024-11-17 03:45:39 +0000"
    },
    "done": true
  },
  "croptopia:recipes/cheeseburger": {
    "criteria": {
      "has_bread": "2024-11-17 03:11:09 +0000"
    },
    "done": true
  },
  "vampirism:main/root": {
    "criteria": {
      "main": "2024-11-17 03:13:46 +0000"
    },
    "done": true
  },
  "spartanweaponry:recipes/wooden_pike": {
    "criteria": {
      "has_wood": "2024-11-17 03:15:25 +0000"
    },
    "done": true
  },
  "supertools:recipes/tools/netherite_sickle": {
    "criteria": {
      "has_items": "2024-11-17 03:08:52 +0000"
    },
    "done": true
  },
  "spartanshields:recipes/stone_basic_shield": {
    "criteria": {
      "has_cobblestone": "2024-11-17 03:18:12 +0000"
    },
    "done": true
  },
  "biomesoplenty:recipes/transportation/fir_boat": {
    "criteria": {
      "in_water": "2024-11-17 03:10:43 +0000"
    },
    "done": true
  },
  "aquaculture:recipes/decorations/spruce_fish_mount": {
    "criteria": {
      "has_items": "2024-11-17 03:08:52 +0000"
    },
    "done": true
  },
  "twilightforest:recipes/transportation/transformation_boat": {
    "criteria": {
      "in_water": "2024-11-17 03:10:43 +0000"
    },
    "done": true
  },
  "iceandfire:recipes/building_blocks/silver_ingot_to_silver_block": {
    "criteria": {
      "has_silver_ingot": "2024-11-17 03:42:23 +0000"
    },
    "done": true
  },
  "spartanweaponry:recipes/golden_saber": {
    "criteria": {
      "has_gold_ingot": "2024-11-17 03:42:26 +0000"
    },
    "done": true
  },
  "aquaculture:recipes/tools/iron_fillet_knife": {
    "criteria": {
      "has_items": "2024-11-17 03:45:40 +0000"
    },
    "done": true
  },
  "vampirism:recipes/misc/vampire/blood_infused_enhanced_iron_ingot": {
    "criteria": {
      "has_iron": "2024-11-17 03:45:40 +0000"
    },
    "done": true
  },
  "spartanweaponry:recipes/copper_battleaxe": {
    "criteria": {
      "has_copper_ingot": "2024-11-17 03:26:25 +0000"
    },
    "done": true
  },
  "spartanweaponry:recipes/iron_tomahawk": {
    "criteria": {
      "has_iron_ingot": "2024-11-17 03:45:39 +0000"
    },
    "done": true
  },
  "minecraft:recipes/decorations/chain": {
    "criteria": {
      "has_iron_ingot": "2024-11-17 03:45:39 +0000"
    },
    "done": true
  },
  "spartanweaponry:recipes/iron_glaive": {
    "criteria": {
      "has_iron_ingot": "2024-11-17 03:45:40 +0000"
    },
    "done": true
  },
  "ironchest:recipes/decorations/chests/vanilla_copper_chest": {
    "criteria": {
      "has_copper_ingot": "2024-11-17 03:26:25 +0000"
    },
    "done": true
  },
  "minecraft:recipes/food/cooked_porkchop_from_campfire_cooking": {
    "criteria": {
      "has_porkchop": "2024-11-17 03:58:21 +0000"
    },
    "done": true
  },
  "spartanweaponry:recipes/golden_greatsword": {
    "criteria": {
      "has_gold_ingot": "2024-11-17 03:42:26 +0000"
    },
    "done": true
  },
  "spartanweaponry:recipes/copper_quarterstaff": {
    "criteria": {
      "has_copper_ingot": "2024-11-17 03:26:25 +0000"
    },
    "done": true
  },
  "supertools:recipes/tools/emerald_shovel": {
    "criteria": {
      "has_items": "2024-11-17 03:08:52 +0000"
    },
    "done": true
  },
  "spartanweaponry:recipes/combat/pole_from_wool": {
    "criteria": {
      "has_stick": "2024-11-17 03:13:13 +0000"
    },
    "done": true
  },
  "supertools:recipes/tools/redstone_axe": {
    "criteria": {
      "has_items": "2024-11-17 03:08:52 +0000"
    },
    "done": true
  },
  "spartanweaponry:recipes/copper_greatsword": {
    "criteria": {
      "has_copper_ingot": "2024-11-17 03:26:25 +0000"
    },
    "done": true
  },
  "spartanweaponry:recipes/iron_longsword": {
    "criteria": {
      "has_iron_ingot": "2024-11-17 03:45:40 +0000"
    },
    "done": true
  },
  "supertools:recipes/tools/emerald_hoe": {
    "criteria": {
      "has_items": "2024-11-17 03:08:52 +0000"
    },
    "done": true
  },
  "spartanweaponry:recipes/wooden_halberd": {
    "criteria": {
      "has_wood": "2024-11-17 03:15:25 +0000"
    },
    "done": true
  },
  "croptopia:recipes/shaped_bacon": {
    "criteria": {
      "has_porkchop": "2024-11-17 03:58:21 +0000"
    },
    "done": true
  },
  "minecraft:recipes/decorations/black_banner": {
    "criteria": {
      "has_black_wool": "2024-11-17 03:58:06 +0000"
    },
    "done": true
  },
  "minecraft:recipes/misc/bone_meal": {
    "criteria": {
      "has_bone": "2024-11-17 03:20:34 +0000"
    },
    "done": true
  },
  "supertools:recipes/supertools/super_axe": {
    "criteria": {
      "has_items": "2024-11-17 03:08:52 +0000"
    },
    "done": true
  },
  "vampirism:recipes/combat/hunter/crossbow_arrow_from_vanilla": {
    "criteria": {
      "has_arrow": "2024-11-17 03:43:39 +0000"
    },
    "done": true
  },
  "minecraft:recipes/building_blocks/prismarine_bricks": {
    "criteria": {
      "has_prismarine_shard": "2024-11-17 03:44:43 +0000"
    },
    "done": true
  },
  "alexsmobs:alexsmobs/seagull_steal": {
    "criteria": {
      "ex": "2024-11-17 03:17:39 +0000"
    },
    "done": true
  },
  "minecraft:recipes/decorations/diorite_wall": {
    "criteria": {
      "has_diorite": "2024-11-17 03:36:56 +0000"
    },
    "done": true
  },
  "iceandfire:recipes/misc/earplugs": {
    "criteria": {
      "has_item": "2024-11-17 03:15:25 +0000"
    },
    "done": true
  },
  "supertools:recipes/tools/lapis_sickle": {
    "criteria": {
      "has_items": "2024-11-17 03:08:52 +0000"
    },
    "done": true
  },
  "spartanweaponry:recipes/golden_quarterstaff": {
    "criteria": {
      "has_gold_ingot": "2024-11-17 03:42:26 +0000"
    },
    "done": true
  },
  "vampirism:recipes/decorations/vampire/altar_inspiration": {
    "criteria": {
      "has_planks": "2024-11-17 03:15:25 +0000"
    },
    "done": true
  },
  "minecraft:recipes/decorations/smithing_table": {
    "criteria": {
      "has_iron_ingot": "2024-11-17 03:45:40 +0000"
    },
    "done": true
  },
  "supertools:recipes/armor/obsidian_chestplate": {
    "criteria": {
      "has_obsidian": "2024-11-17 03:08:52 +0000"
    },
    "done": true
  },
  "aquaculture:recipes/aquaculture/double_hook": {
    "criteria": {
      "has_items": "2024-11-17 03:08:52 +0000"
    },
    "done": true
  },
  "croptopia:recipes/food/toast_from_smoking_bread": {
    "criteria": {
      "has_bread": "2024-11-17 03:11:09 +0000"
    },
    "done": true
  },
  "spartanweaponry:recipes/copper_lance": {
    "criteria": {
      "has_copper_ingot": "2024-11-17 03:26:25 +0000"
    },
    "done": true
  },
  "supertools:recipes/armor/copper_chestplate": {
    "criteria": {
      "has_emerald": "2024-11-17 03:08:52 +0000"
    },
    "done": true
  },
  "supertools:recipes/armor/obsidian_helmet": {
    "criteria": {
      "has_obsidian": "2024-11-17 03:08:52 +0000"
    },
    "done": true
  },
  "minecraft:recipes/building_blocks/dark_prismarine": {
    "criteria": {
      "has_prismarine_shard": "2024-11-17 03:44:43 +0000"
    },
    "done": true
  },
  "spartanweaponry:recipes/copper_javelin": {
    "criteria": {
      "has_copper_ingot": "2024-11-17 03:26:25 +0000"
    },
    "done": true
  },
  "supertools:recipes/armor/copper_boots": {
    "criteria": {
      "has_emerald": "2024-11-17 03:08:52 +0000"
    },
    "done": true
  },
  "minecraft:recipes/transportation/spruce_boat": {
    "criteria": {
      "in_water": "2024-11-17 03:10:43 +0000"
    },
    "done": true
  },
  "apotheosis:affix/root": {
    "criteria": {
      "sword": "2024-11-17 03:16:28 +0000"
    },
    "done": true
  },
  "minecraft:recipes/redstone/jungle_button": {
    "criteria": {
      "has_planks": "2024-11-17 03:15:25 +0000"
    },
    "done": true
  },
  "vampirism:recipes/decorations/vampire/candelabra": {
    "criteria": {
      "has_string": "2024-11-17 03:15:21 +0000"
    },
    "done": true
  },
  "minecraft:husbandry/root": {
    "criteria": {
      "consumed_item": "2024-11-17 03:14:19 +0000"
    },
    "done": true
  },
  "minecraft:recipes/transportation/birch_boat": {
    "criteria": {
      "in_water": "2024-11-17 03:10:43 +0000"
    },
    "done": true
  },
  "minecraft:recipes/building_blocks/cut_copper_from_copper_block_stonecutting": {
    "criteria": {
      "has_copper_block": "2024-11-17 03:54:15 +0000"
    },
    "done": true
  },
  "spartanweaponry:recipes/wooden_katana": {
    "criteria": {
      "has_wood": "2024-11-17 03:15:25 +0000"
    },
    "done": true
  },
  "spartanweaponry:recipes/iron_lance": {
    "criteria": {
      "has_iron_ingot": "2024-11-17 03:45:39 +0000"
    },
    "done": true
  },
  "spartanweaponry:recipes/silver_halberd": {
    "criteria": {
      "has_silver_ingot": "2024-11-17 03:42:23 +0000"
    },
    "done": true
  },
  "minecraft:recipes/decorations/white_carpet": {
    "criteria": {
      "has_white_wool": "2024-11-17 03:57:15 +0000"
    },
    "done": true
  },
  "vampirism:recipes/combat/vampire/vampire_clothing_hat": {
    "criteria": {
      "has_wool": "2024-11-17 03:58:06 +0000"
    },
    "done": true
  },
  "iceandfire:recipes/decorations/copper_pile": {
    "criteria": {
      "has_item": "2024-11-17 04:12:59 +0000"
    },
    "done": true
  },
  "spartanweaponry:recipes/small_arrow_quiver": {
    "criteria": {
      "has_arrow": "2024-11-17 03:43:39 +0000"
    },
    "done": true
  },
  "aquaculture:recipes/aquaculture/fishing_line": {
    "criteria": {
      "has_items": "2024-11-17 03:08:52 +0000"
    },
    "done": true
  },
  "minecraft:recipes/transportation/oak_boat": {
    "criteria": {
      "in_water": "2024-11-17 03:10:43 +0000"
    },
    "done": true
  },
  "cgm:recipes/combat/heavy_rifle": {
    "criteria": {
      "has_iron_ingot": "2024-11-17 03:45:40 +0000"
    },
    "done": true
  },
  "aquaculture:recipes/misc/tin_can_to_iron_nugget_from_blasting": {
    "criteria": {
      "has_items": "2024-11-17 03:08:52 +0000"
    },
    "done": true
  },
  "vampirism:recipes/transportation/cursed_spruce_boat": {
    "criteria": {
      "in_water": "2024-11-17 03:10:43 +0000"
    },
    "done": true
  },
  "biomesoplenty:recipes/transportation/redwood_boat": {
    "criteria": {
      "in_water": "2024-11-17 03:10:43 +0000"
    },
    "done": true
  },
  "spartanweaponry:recipes/golden_javelin": {
    "criteria": {
      "has_gold_ingot": "2024-11-17 03:42:26 +0000"
    },
    "done": true
  },
  "supertools:recipes/armor/lapis_helmet": {
    "criteria": {
      "has_lapis": "2024-11-17 03:08:52 +0000"
    },
    "done": true
  },
  "spartanweaponry:recipes/combat/handle_from_string": {
    "criteria": {
      "has_string": "2024-11-17 03:15:21 +0000"
    },
    "done": true
  },
  "cgm:recipes/combat/shell": {
    "criteria": {
      "has_copper_ingot": "2024-11-17 03:26:25 +0000"
    },
    "done": true
  },
  "spartanweaponry:recipes/silver_throwing_knife": {
    "criteria": {
      "has_silver_ingot": "2024-11-17 03:42:23 +0000"
    },
    "done": true
  },
  "cataclysm:root": {
    "criteria": {
      "custom_test_name": "2024-11-17 03:08:53 +0000"
    },
    "done": true
  },
  "spartanweaponry:recipes/wooden_battleaxe": {
    "criteria": {
      "has_wood": "2024-11-17 03:15:25 +0000"
    },
    "done": true
  },
  "cgm:recipes/combat/grenade_launcher": {
    "criteria": {
      "has_iron_ingot": "2024-11-17 03:45:40 +0000"
    },
    "done": true
  },
  "spartanweaponry:recipes/copper_tomahawk": {
    "criteria": {
      "has_copper_ingot": "2024-11-17 03:26:25 +0000"
    },
    "done": true
  },
  "spartanweaponry:recipes/copper_pike": {
    "criteria": {
      "has_copper_ingot": "2024-11-17 03:26:25 +0000"
    },
    "done": true
  },
  "aquaculture:recipes/aquaculture/iron_hook": {
    "criteria": {
      "has_items": "2024-11-17 03:08:52 +0000"
    },
    "done": true
  },
  "spartanweaponry:recipes/iron_throwing_knife": {
    "criteria": {
      "has_iron_ingot": "2024-11-17 03:45:40 +0000"
    },
    "done": true
  },
  "rewards:rewards": {
    "criteria": {
      "january": "2024-11-17 03:08:53 +0000"
    },
    "done": true
  },
  "minecraft:recipes/redstone/jungle_fence_gate": {
    "criteria": {
      "has_planks": "2024-11-17 03:15:25 +0000"
    },
    "done": true
  },
  "supertools:supertools/super_sword": {
    "criteria": {
      "super_sword": "2024-11-17 03:08:52 +0000"
    },
    "done": true
  },
  "cgm:recipes/combat/rifle": {
    "criteria": {
      "has_iron_ingot": "2024-11-17 03:45:40 +0000"
    },
    "done": true
  },
  "supertools:recipes/tools/redstone_shovel": {
    "criteria": {
      "has_items": "2024-11-17 03:08:52 +0000"
    },
    "done": true
  },
  "minecraft:recipes/combat/iron_sword": {
    "criteria": {
      "has_iron_ingot": "2024-11-17 03:45:39 +0000"
    },
    "done": true
  },
  "cgm:recipes/combat/pistol": {
    "criteria": {
      "has_iron_ingot": "2024-11-17 03:45:39 +0000"
    },
    "done": true
  },
  "iceandfire:recipes/combat/armor_copper_metal_boots": {
    "criteria": {
      "has_the_recipe": "2024-11-17 03:32:57 +0000"
    },
    "done": true
  },
  "minecraft:recipes/tools/iron_pickaxe": {
    "criteria": {
      "has_iron_ingot": "2024-11-17 03:45:39 +0000"
    },
    "done": true
  },
  "spartanweaponry:recipes/wooden_battle_hammer": {
    "criteria": {
      "has_wood": "2024-11-17 03:15:25 +0000"
    },
    "done": true
  },
  "minecraft:recipes/transportation/mangrove_boat": {
    "criteria": {
      "in_water": "2024-11-17 03:10:43 +0000"
    },
    "done": true
  },
  "minecraft:recipes/decorations/torch": {
    "criteria": {
      "has_stone_pickaxe": "2024-11-17 03:18:30 +0000"
    },
    "done": true
  },
  "usefulslime:recipes/jello": {
    "criteria": {
      "has_slime": "2024-11-17 03:08:52 +0000"
    },
    "done": true
  },
  "spartanweaponry:recipes/golden_parrying_dagger": {
    "criteria": {
      "has_gold_ingot": "2024-11-17 03:42:26 +0000"
    },
    "done": true
  },
  "spartanweaponry:recipes/golden_boomerang": {
    "criteria": {
      "has_gold_ingot": "2024-11-17 03:42:26 +0000"
    },
    "done": true
  },
  "iceandfire:recipes/combat/armor_copper_metal_helmet": {
    "criteria": {
      "has_the_recipe": "2024-11-17 03:32:56 +0000"
    },
    "done": true
  },
  "minecraft:recipes/combat/shield": {
    "criteria": {
      "has_iron_ingot": "2024-11-17 03:45:39 +0000"
    },
    "done": true
  },
  "iceandfire:recipes/misc/copper_nuggets_to_ingot": {
    "criteria": {
      "has_item": "2024-11-17 04:12:59 +0000"
    },
    "done": true
  },
  "spartanweaponry:recipes/copper_spear": {
    "criteria": {
      "has_copper_ingot": "2024-11-17 03:26:25 +0000"
    },
    "done": true
  },
  "spartanshields:recipes/golden_basic_shield": {
    "criteria": {
      "has_gold_ingot": "2024-11-17 03:42:26 +0000"
    },
    "done": true
  },
  "minecraft:recipes/decorations/iron_bars": {
    "criteria": {
      "has_iron_ingot": "2024-11-17 03:45:39 +0000"
    },
    "done": true
  },
  "croptopia:recipes/crema": {
    "criteria": {
      "has_milk": "2024-11-17 03:58:48 +0000"
    },
    "done": true
  },
  "minecraft:recipes/misc/copper_ingot": {
    "criteria": {
      "has_copper_block": "2024-11-17 03:54:15 +0000"
    },
    "done": true
  },
  "corail_recycler:recipes/steel_disk": {
    "criteria": {
      "requirement_2": "2024-11-17 03:45:39 +0000"
    },
    "done": false
  },
  "spartanweaponry:recipes/stone_lance": {
    "criteria": {
      "has_cobblestone": "2024-11-17 03:18:12 +0000"
    },
    "done": true
  },
  "aquaculture:recipes/misc/jellyfish_to_slimeball": {
    "criteria": {
      "has_items": "2024-11-17 03:08:52 +0000"
    },
    "done": true
  },
  "apotheosis:affix/random": {
    "criteria": {
      "sword": "2024-11-17 03:16:28 +0000"
    },
    "done": true
  },
  "supertools:recipes/supertools/super_sword": {
    "criteria": {
      "has_items": "2024-11-17 03:08:52 +0000"
    },
    "done": true
  },
  "supertools:recipes/armor/copper_leggings": {
    "criteria": {
      "has_emerald": "2024-11-17 03:08:52 +0000"
    },
    "done": true
  },
  "spartanweaponry:recipes/silver_lance": {
    "criteria": {
      "has_silver_ingot": "2024-11-17 03:42:23 +0000"
    },
    "done": true
  },
  "spartanshields:recipes/stone_tower_shield": {
    "criteria": {
      "has_cobblestone": "2024-11-17 03:18:12 +0000"
    },
    "done": true
  },
  "spartanweaponry:recipes/copper_parrying_dagger": {
    "criteria": {
      "has_copper_ingot": "2024-11-17 03:26:25 +0000"
    },
    "done": true
  },
  "aquaculture:recipes/aquaculture/redstone_hook": {
    "criteria": {
      "has_items": "2024-11-17 03:08:52 +0000"
    },
    "done": true
  },
  "spartanweaponry:recipes/stone_quarterstaff": {
    "criteria": {
      "has_cobblestone": "2024-11-17 03:18:12 +0000"
    },
    "done": true
  },
  "supertools:recipes/armor/emerald_helmet": {
    "criteria": {
      "has_emerald": "2024-11-17 03:08:52 +0000"
    },
    "done": true
  },
  "spartanweaponry:recipes/combat/handle_from_wool": {
    "criteria": {
      "has_stick": "2024-11-17 03:13:13 +0000"
    },
    "done": true
  },
  "minecraft:recipes/building_blocks/jungle_planks": {
    "criteria": {
      "has_logs": "2024-11-17 03:12:31 +0000"
    },
    "done": true
  },
  "supertools:recipes/supertools/cup": {
    "criteria": {
      "has_items": "2024-11-17 03:08:52 +0000"
    },
    "done": true
  },
  "spartanweaponry:recipes/copper_halberd": {
    "criteria": {
      "has_copper_ingot": "2024-11-17 03:26:25 +0000"
    },
    "done": true
  },
  "croptopia:recipes/misc/mashed_potatoes": {
    "criteria": {
      "has_milk": "2024-11-17 03:58:48 +0000"
    },
    "done": true
  },
  "spartanweaponry:recipes/copper_katana": {
    "criteria": {
      "has_copper_ingot": "2024-11-17 03:26:25 +0000"
    },
    "done": true
  },
  "toughasnails:recipes/combat/wool_boots": {
    "criteria": {
      "has_wool": "2024-11-17 03:57:15 +0000"
    },
    "done": true
  },
  "biomesoplenty:recipes/transportation/hellbark_boat": {
    "criteria": {
      "in_water": "2024-11-17 03:10:43 +0000"
    },
    "done": true
  },
  "supertools:recipes/tools/copper_sickle": {
    "criteria": {
      "has_items": "2024-11-17 03:08:52 +0000"
    },
    "done": true
  },
  "minecraft:recipes/misc/iron_ingot_from_smelting_raw_iron": {
    "criteria": {
      "has_raw_iron": "2024-11-17 03:25:23 +0000"
    },
    "done": true
  },
  "aquaculture:recipes/misc/gold_nugget_from_blasting": {
    "criteria": {
      "has_fishing_rod": "2024-11-17 03:08:52 +0000",
      "has_fillet_knife": "2024-11-17 03:08:52 +0000"
    },
    "done": true
  },
  "usefulslime:recipes/slime_boots": {
    "criteria": {
      "has_slime": "2024-11-17 03:08:52 +0000"
    },
    "done": true
  },
  "biomesoplenty:recipes/transportation/jacaranda_boat": {
    "criteria": {
      "in_water": "2024-11-17 03:10:43 +0000"
    },
    "done": true
  },
  "aquaculture:recipes/aquaculture/bobber": {
    "criteria": {
      "has_items": "2024-11-17 03:08:52 +0000"
    },
    "done": true
  },
  "minecraft:recipes/food/cooked_mutton": {
    "criteria": {
      "has_mutton": "2024-11-17 03:57:50 +0000"
    },
    "done": true
  },
  "supertools:recipes/tools/redstone_sword": {
    "criteria": {
      "has_items": "2024-11-17 03:08:52 +0000"
    },
    "done": true
  },
  "spartanweaponry:recipes/silver_rapier": {
    "criteria": {
      "has_silver_ingot": "2024-11-17 03:42:23 +0000"
    },
    "done": true
  },
  "twilightforest:recipes/transportation/canopy_boat": {
    "criteria": {
      "in_water": "2024-11-17 03:10:43 +0000"
    },
    "done": true
  },
  "biomesoplenty:recipes/transportation/mahogany_boat": {
    "criteria": {
      "in_water": "2024-11-17 03:10:43 +0000"
    },
    "done": true
  },
  "supertools:recipes/tools/lapis_pickaxe": {
    "criteria": {
      "has_items": "2024-11-17 03:08:52 +0000"
    },
    "done": true
  },
  "twilightforest:recipes/transportation/dark_boat": {
    "criteria": {
      "in_water": "2024-11-17 03:10:43 +0000"
    },
    "done": true
  },
  "vampirism:recipes/decorations/hunter/cross": {
    "criteria": {
      "has_planks": "2024-11-17 03:15:25 +0000"
    },
    "done": true
  },
  "spartanweaponry:recipes/wooden_dagger": {
    "criteria": {
      "has_wood": "2024-11-17 03:15:25 +0000"
    },
    "done": true
  },
  "aquaculture:recipes/misc/gold_nugget_from_gold_fish": {
    "criteria": {
      "has_items": "2024-11-17 03:08:52 +0000"
    },
    "done": true
  },
  "minecraft:recipes/decorations/white_banner": {
    "criteria": {
      "has_white_wool": "2024-11-17 03:57:15 +0000"
    },
    "done": true
  },
  "aquaculture:recipes/food/cooked_fish_fillet_from_smoking": {
    "criteria": {
      "has_items": "2024-11-17 03:08:52 +0000"
    },
    "done": true
  },
  "minecraft:recipes/decorations/diorite_wall_from_diorite_stonecutting": {
    "criteria": {
      "has_diorite": "2024-11-17 03:36:56 +0000"
    },
    "done": true
  },
  "minecraft:recipes/tools/wooden_pickaxe": {
    "criteria": {
      "has_stick": "2024-11-17 03:13:13 +0000"
    },
    "done": true
  },
  "supertools:recipes/tools/wooden_sickle": {
    "criteria": {
      "has_items": "2024-11-17 03:15:25 +0000"
    },
    "done": true
  },
  "aquaculture:recipes/tools/diamond_fishing_rod": {
    "criteria": {
      "has_vanilla_rod": "2024-11-17 03:08:52 +0000"
    },
    "done": true
  },
  "minecraft:recipes/food/baked_potato_from_smoking": {
    "criteria": {
      "has_potato": "2024-11-17 03:16:28 +0000"
    },
    "done": true
  },
  "vampirism:recipes/decorations/bat_cage": {
    "criteria": {
      "has_planks": "2024-11-17 03:15:25 +0000"
    },
    "done": true
  },
  "spartanweaponry:recipes/iron_longbow": {
    "criteria": {
      "has_iron_ingot": "2024-11-17 03:45:39 +0000"
    },
    "done": true
  },
  "minecraft:story/upgrade_tools": {
    "criteria": {
      "stone_pickaxe": "2024-11-17 03:18:30 +0000"
    },
    "done": true
  },
  "vampirism:recipes/transportation/dark_spruce_boat": {
    "criteria": {
      "in_water": "2024-11-17 03:10:43 +0000"
    },
    "done": true
  },
  "biomesoplenty:recipes/transportation/palm_boat": {
    "criteria": {
      "in_water": "2024-11-17 03:10:43 +0000"
    },
    "done": true
  },
  "spartanweaponry:recipes/iron_greatsword": {
    "criteria": {
      "has_iron_ingot": "2024-11-17 03:45:39 +0000"
    },
    "done": true
  },
  "supertools:recipes/tools/iron_sickle": {
    "criteria": {
      "has_items": "2024-11-17 03:08:52 +0000"
    },
    "done": true
  },
  "croptopia:recipes/documentation": {
    "criteria": {
      "has_crop": "2024-11-17 03:11:09 +0000"
    },
    "done": true
  },
  "aquaculture:recipes/food/cooked_fish_fillet": {
    "criteria": {
      "has_items": "2024-11-17 03:08:52 +0000"
    },
    "done": true
  },
  "spartanweaponry:recipes/stone_flanged_mace": {
    "criteria": {
      "has_cobblestone": "2024-11-17 03:18:12 +0000"
    },
    "done": true
  },
  "vampirism:recipes/decorations/hunter/alchemical_cauldron": {
    "criteria": {
      "has_iron": "2024-11-17 03:45:39 +0000"
    },
    "done": true
  },
  "corail_recycler:tutorial/root": {
    "criteria": {
      "auto": "2024-11-17 03:08:54 +0000"
    },
    "done": true
  },
  "vampirism:recipes/combat/hunter/crossbow_arrow_normal": {
    "criteria": {
      "has_iron_ingot": "2024-11-17 03:45:39 +0000"
    },
    "done": true
  },
  "minecraft:recipes/transportation/carrot_on_a_stick": {
    "criteria": {
      "has_carrot": "2024-11-17 03:45:42 +0000"
    },
    "done": true
  },
  "ironchest:recipes/decorations/upgrades/iron_to_gold_chest_upgrade": {
    "criteria": {
      "has_iron_ingot": "2024-11-17 03:45:40 +0000"
    },
    "done": true
  },
  "vampirism:vampire/become_vampire": {
    "criteria": {
      "main": "2024-11-17 03:36:03 +0000"
    },
    "done": true
  },
  "vampirism:recipes/decorations/vampire/candelabra_candles": {
    "criteria": {
      "has_gold": "2024-11-17 03:42:26 +0000"
    },
    "done": true
  },
  "croptopia:recipes/fruit_salad": {
    "criteria": {
      "has_apple": "2024-11-17 03:11:09 +0000"
    },
    "done": true
  },
  "minecraft:recipes/food/cooked_mutton_from_campfire_cooking": {
    "criteria": {
      "has_mutton": "2024-11-17 03:57:50 +0000"
    },
    "done": true
  },
  "spartanweaponry:recipes/copper_longbow": {
    "criteria": {
      "has_copper_ingot": "2024-11-17 03:26:25 +0000"
    },
    "done": true
  },
  "spartanweaponry:recipes/golden_katana": {
    "criteria": {
      "has_gold_ingot": "2024-11-17 03:42:26 +0000"
    },
    "done": true
  },
  "supertools:recipes/tools/copper_shovel": {
    "criteria": {
      "has_items": "2024-11-17 03:08:52 +0000"
    },
    "done": true
  },
  "spartanweaponry:recipes/stone_javelin": {
    "criteria": {
      "has_cobblestone": "2024-11-17 03:18:12 +0000"
    },
    "done": true
  },
  "croptopia:recipes/butter": {
    "criteria": {
      "has_milk": "2024-11-17 03:58:48 +0000"
    },
    "done": true
  },
  "spartanweaponry:recipes/wooden_heavy_crossbow": {
    "criteria": {
      "has_wood": "2024-11-17 03:15:25 +0000"
    },
    "done": true
  },
  "vampirism:recipes/combat/alchemy_table": {
    "criteria": {
      "has_planks": "2024-11-17 03:15:25 +0000"
    },
    "done": true
  },
  "spartanweaponry:recipes/copper_longsword": {
    "criteria": {
      "has_copper_ingot": "2024-11-17 03:26:25 +0000"
    },
    "done": true
  },
  "minecraft:recipes/building_blocks/white_wool_from_string": {
    "criteria": {
      "has_string": "2024-11-17 03:15:21 +0000"
    },
    "done": true
  },
  "minecraft:recipes/redstone/jungle_pressure_plate": {
    "criteria": {
      "has_planks": "2024-11-17 03:15:25 +0000"
    },
    "done": true
  },
  "spartanweaponry:recipes/stone_pike": {
    "criteria": {
      "has_cobblestone": "2024-11-17 03:18:12 +0000"
    },
    "done": true
  },
  "iceandfire:recipes/building_blocks/graveyard_soil": {
    "criteria": {
      "has_item": "2024-11-17 03:41:39 +0000"
    },
    "done": true
  },
  "supertools:recipes/tools/quartz_sword": {
    "criteria": {
      "has_items": "2024-11-17 03:08:52 +0000"
    },
    "done": true
  },
  "spartanweaponry:recipes/golden_tomahawk": {
    "criteria": {
      "has_gold_ingot": "2024-11-17 03:42:26 +0000"
    },
    "done": true
  },
  "spartanweaponry:recipes/silver_katana": {
    "criteria": {
      "has_silver_ingot": "2024-11-17 03:42:23 +0000"
    },
    "done": true
  },
  "minecraft:recipes/decorations/cyan_stained_glass_pane_from_glass_pane": {
    "criteria": {
      "has_cyan_dye": "2024-11-17 03:39:23 +0000"
    },
    "done": true
  },
  "spartanweaponry:recipes/combat/pole_from_string": {
    "criteria": {
      "has_stick": "2024-11-17 03:13:13 +0000"
    },
    "done": true
  },
  "spartanweaponry:recipes/silver_pike": {
    "criteria": {
      "has_silver_ingot": "2024-11-17 03:42:23 +0000"
    },
    "done": true
  },
  "supertools:recipes/tools/quartz_sickle": {
    "criteria": {
      "has_items": "2024-11-17 03:08:52 +0000"
    },
    "done": true
  },
  "minecraft:recipes/tools/iron_axe": {
    "criteria": {
      "has_iron_ingot": "2024-11-17 03:45:40 +0000"
    },
    "done": true
  },
  "spartanweaponry:recipes/stone_warhammer": {
    "criteria": {
      "has_cobblestone": "2024-11-17 03:18:12 +0000"
    },
    "done": true
  },
  "supertools:recipes/armor/emerald_leggings": {
    "criteria": {
      "has_emerald": "2024-11-17 03:08:52 +0000"
    },
    "done": true
  },
  "minecraft:recipes/building_blocks/polished_diorite_from_diorite_stonecutting": {
    "criteria": {
      "has_diorite": "2024-11-17 03:36:56 +0000"
    },
    "done": true
  },
  "spartanweaponry:recipes/iron_scythe": {
    "criteria": {
      "has_iron_ingot": "2024-11-17 03:45:40 +0000"
    },
    "done": true
  },
  "minecraft:recipes/misc/iron_nugget_from_blasting": {
    "criteria": {
      "has_iron_helmet": "2024-11-17 03:16:28 +0000"
    },
    "done": true
  },
  "spartanweaponry:recipes/copper_saber": {
    "criteria": {
      "has_copper_ingot": "2024-11-17 03:26:25 +0000"
    },
    "done": true
  },
  "supertools:recipes/tools/redstone_sickle": {
    "criteria": {
      "has_items": "2024-11-17 03:08:52 +0000"
    },
    "done": true
  },
  "minecraft:adventure/kill_a_mob": {
    "criteria": {
      "minecraft:zombie": "2024-11-17 03:13:22 +0000"
    },
    "done": true
  },
  "vampirism:recipes/alchemy_table/alchemy_table/plant_oil": {
    "criteria": {
      "has_wheat_seeds": "2024-11-17 03:13:19 +0000"
    },
    "done": true
  },
  "minecraft:adventure/adventuring_time": {
    "criteria": {
      "minecraft:bamboo_jungle": "2024-11-17 03:08:54 +0000",
      "minecraft:beach": "2024-11-17 03:39:13 +0000",
      "minecraft:sparse_jungle": "2024-11-17 03:49:38 +0000",
      "minecraft:lukewarm_ocean": "2024-11-17 03:39:58 +0000",
      "minecraft:river": "2024-11-17 03:37:58 +0000",
      "minecraft:forest": "2024-11-17 03:45:08 +0000",
      "minecraft:jungle": "2024-11-17 03:38:33 +0000",
      "minecraft:savanna": "2024-11-17 03:57:31 +0000",
      "minecraft:plains": "2024-11-17 03:45:22 +0000"
    },
    "done": false
  },
  "minecraft:recipes/building_blocks/dye_cyan_carpet": {
    "criteria": {
      "has_needed_dye": "2024-11-17 03:39:23 +0000"
    },
    "done": true
  },
  "spartanweaponry:recipes/wooden_tomahawk": {
    "criteria": {
      "has_wood": "2024-11-17 03:15:25 +0000"
    },
    "done": true
  },
  "spartanweaponry:recipes/copper_rapier": {
    "criteria": {
      "has_copper_ingot": "2024-11-17 03:26:25 +0000"
    },
    "done": true
  },
  "iceandfire:iceandfire/kill_ghost": {
    "criteria": {
      "killed_fire_dragon": "2024-11-17 03:41:26 +0000"
    },
    "done": true
  },
  "spartanweaponry:recipes/combat/simple_handle": {
    "criteria": {
      "has_stick": "2024-11-17 03:13:13 +0000"
    },
    "done": true
  },
  "supertools:supertools/super_hoe": {
    "criteria": {
      "super_hoe": "2024-11-17 03:08:52 +0000"
    },
    "done": true
  },
  "minecraft:recipes/misc/stick_from_bamboo_item": {
    "criteria": {
      "has_bamboo": "2024-11-17 03:10:52 +0000"
    },
    "done": true
  },
  "minecraft:recipes/building_blocks/cobblestone_stairs_from_cobblestone_stonecutting": {
    "criteria": {
      "has_cobblestone": "2024-11-17 03:18:12 +0000"
    },
    "done": true
  },
  "spartanweaponry:recipes/stone_dagger": {
    "criteria": {
      "has_cobblestone": "2024-11-17 03:18:12 +0000"
    },
    "done": true
  },
  "minecraft:recipes/tools/golden_hoe": {
    "criteria": {
      "has_gold_ingot": "2024-11-17 03:42:26 +0000"
    },
    "done": true
  },
  "minecraft:recipes/building_blocks/diorite_slab_from_diorite_stonecutting": {
    "criteria": {
      "has_diorite": "2024-11-17 03:36:56 +0000"
    },
    "done": true
  },
  "apotheosis:give_book": {
    "criteria": {
      "tick": "2024-11-17 03:08:53 +0000"
    },
    "done": true
  },
  "minecraft:recipes/building_blocks/cut_copper_slab_from_copper_block_stonecutting": {
    "criteria": {
      "has_copper_block": "2024-11-17 03:54:15 +0000"
    },
    "done": true
  },
  "spartanweaponry:recipes/copper_throwing_knife": {
    "criteria": {
      "has_copper_ingot": "2024-11-17 03:26:25 +0000"
    },
    "done": true
  },
  "minecraft:recipes/food/mushroom_stew": {
    "criteria": {
      "has_bowl": "2024-11-17 03:38:24 +0000"
    },
    "done": true
  },
  "minecraft:husbandry/balanced_diet": {
    "criteria": {
      "apple": "2024-11-17 03:16:15 +0000",
      "bread": "2024-11-17 03:14:19 +0000"
    },
    "done": false
  },
  "aquaculture:recipes/misc/neptunium_ingot_from_nuggets": {
    "criteria": {
      "has_items": "2024-11-17 03:08:52 +0000"
    },
    "done": true
  },
  "spartanweaponry:recipes/stone_halberd": {
    "criteria": {
      "has_cobblestone": "2024-11-17 03:18:12 +0000"
    },
    "done": true
  },
  "croptopia:recipes/cheese": {
    "criteria": {
      "has_milk": "2024-11-17 03:58:48 +0000"
    },
    "done": true
  },
  "supertools:recipes/supertools/super_pickaxe": {
    "criteria": {
      "has_items": "2024-11-17 03:08:52 +0000"
    },
    "done": true
  },
  "minecraft:recipes/building_blocks/bamboo_block": {
    "criteria": {
      "has_bamboo": "2024-11-17 03:10:52 +0000"
    },
    "done": true
  },
  "twilightforest:recipes/transportation/sorting_boat": {
    "criteria": {
      "in_water": "2024-11-17 03:10:43 +0000"
    },
    "done": true
  },
  "supertools:supertools/bag_of_bonemeal": {
    "criteria": {
      "bone_meal_tool": "2024-11-17 03:08:52 +0000"
    },
    "done": true
  },
  "supertools:recipes/tools/stone_sickle": {
    "criteria": {
      "has_items": "2024-11-17 03:08:52 +0000"
    },
    "done": true
  },
  "vampirism:recipes/decorations/general/vampire_rack": {
    "criteria": {
      "has_fangs": "2024-11-17 03:13:46 +0000"
    },
    "done": true
  },
  "croptopia:recipes/french_fries": {
    "criteria": {
      "has_potato": "2024-11-17 03:16:28 +0000"
    },
    "done": true
  },
  "iceandfire:recipes/combat/armor_copper_metal_chestplate": {
    "criteria": {
      "has_the_recipe": "2024-11-17 03:32:56 +0000"
    },
    "done": true
  },
  "aquaculture:recipes/tools/stone_fillet_knife": {
    "criteria": {
      "has_items": "2024-11-17 03:18:12 +0000"
    },
    "done": true
  },
  "minecraft:recipes/tools/stone_hoe": {
    "criteria": {
      "has_cobblestone": "2024-11-17 03:18:12 +0000"
    },
    "done": true
  },
  "aquaculture:recipes/misc/iron_nugget_from_blasting": {
    "criteria": {
      "has_fishing_rod": "2024-11-17 03:08:52 +0000",
      "has_fillet_knife": "2024-11-17 03:08:52 +0000"
    },
    "done": true
  },
  "croptopia:recipes/churros": {
    "criteria": {
      "has_milk": "2024-11-17 03:58:48 +0000"
    },
    "done": true
  },
  "minecraft:recipes/decorations/loom": {
    "criteria": {
      "has_string": "2024-11-17 03:15:21 +0000"
    },
    "done": true
  },
  "minecraft:recipes/decorations/scaffolding": {
    "criteria": {
      "has_bamboo": "2024-11-17 03:10:52 +0000"
    },
    "done": true
  },
  "minecraft:recipes/building_blocks/diorite_stairs": {
    "criteria": {
      "has_diorite": "2024-11-17 03:36:56 +0000"
    },
    "done": true
  },
  "aquaculture:recipes/misc/tin_can_to_iron_nugget": {
    "criteria": {
      "has_items": "2024-11-17 03:08:52 +0000"
    },
    "done": true
  },
  "iceandfire:recipes/misc/copper_ingot_to_nuggets": {
    "criteria": {
      "has_item": "2024-11-17 03:26:25 +0000"
    },
    "done": true
  },
  "minecraft:story/root": {
    "criteria": {
      "crafting_table": "2024-11-17 03:15:32 +0000"
    },
    "done": true
  },
  "vampirism:recipes/decorations/general/altar_cleansing": {
    "criteria": {
      "has_vampire_book": "2024-11-17 03:15:25 +0000"
    },
    "done": true
  },
  "minecraft:recipes/redstone/iron_door": {
    "criteria": {
      "has_iron_ingot": "2024-11-17 03:45:39 +0000"
    },
    "done": true
  },
  "minecraft:recipes/misc/copper_ingot_from_smelting_raw_copper": {
    "criteria": {
      "has_raw_copper": "2024-11-17 03:19:52 +0000"
    },
    "done": true
  },
  "croptopia:recipes/misc/cooking_pot": {
    "criteria": {
      "has_iron": "2024-11-17 03:45:39 +0000"
    },
    "done": true
  },
  "minecraft:recipes/transportation/dark_oak_boat": {
    "criteria": {
      "in_water": "2024-11-17 03:10:43 +0000"
    },
    "done": true
  },
  "cgm:recipes/combat/basic_bullet": {
    "criteria": {
      "has_copper_ingot": "2024-11-17 03:26:25 +0000"
    },
    "done": true
  },
  "aquaculture:recipes/decorations/jungle_fish_mount": {
    "criteria": {
      "has_items": "2024-11-17 03:08:52 +0000"
    },
    "done": true
  },
  "minecraft:recipes/combat/golden_leggings": {
    "criteria": {
      "has_gold_ingot": "2024-11-17 03:42:26 +0000"
    },
    "done": true
  },
  "minecraft:recipes/food/cooked_beef_from_campfire_cooking": {
    "criteria": {
      "has_beef": "2024-11-17 03:49:12 +0000"
    },
    "done": true
  },
  "DataVersion": 3465
}