{
  "aquaculture:recipes/decorations/birch_fish_mount": {
    "criteria": {
      "has_items": "2024-11-25 00:13:30 +0000"
    },
    "done": true
  },
  "usefulslime:recipes/slime_sling": {
    "criteria": {
      "has_slime": "2024-11-25 00:13:30 +0000"
    },
    "done": true
  },
  "supertools:recipes/tools/obsidian_pickaxe": {
    "criteria": {
      "has_items": "2024-11-25 00:13:30 +0000"
    },
    "done": true
  },
  "supertools:recipes/tools/emerald_axe": {
    "criteria": {
      "has_items": "2024-11-25 00:13:30 +0000"
    },
    "done": true
  },
  "supertools:recipes/tools/redstone_pickaxe": {
    "criteria": {
      "has_items": "2024-11-25 00:13:30 +0000"
    },
    "done": true
  },
  "aquaculture:recipes/tools/iron_fishing_rod": {
    "criteria": {
      "has_vanilla_rod": "2024-11-25 00:13:30 +0000"
    },
    "done": true
  },
  "supertools:recipes/tools/copper_pickaxe": {
    "criteria": {
      "has_items": "2024-11-25 00:13:30 +0000"
    },
    "done": true
  },
  "aquaculture:recipes/misc/gold_nugget_from_blasting": {
    "criteria": {
      "has_fishing_rod": "2024-11-25 00:13:30 +0000",
      "has_fillet_knife": "2024-11-25 00:13:30 +0000"
    },
    "done": true
  },
  "supertools:recipes/tools/iron_sickle": {
    "criteria": {
      "has_items": "2024-11-25 00:13:30 +0000"
    },
    "done": true
  },
  "aquaculture:recipes/misc/iron_nugget_from_blasting": {
    "criteria": {
      "has_fishing_rod": "2024-11-25 00:13:31 +0000",
      "has_fillet_knife": "2024-11-25 00:13:30 +0000"
    },
    "done": true
  },
  "supertools:supertools/super_shovel": {
    "criteria": {
      "super_shovel": "2024-11-25 00:13:31 +0000"
    },
    "done": true
  },
  "supertools:recipes/tools/obsidian_sickle": {
    "criteria": {
      "has_items": "2024-11-25 00:13:31 +0000"
    },
    "done": true
  },
  "supertools:recipes/tools/quartz_shovel": {
    "criteria": {
      "has_items": "2024-11-25 00:13:31 +0000"
    },
    "done": true
  },
  "aquaculture:recipes/aquaculture/heavy_hook": {
    "criteria": {
      "has_items": "2024-11-25 00:13:31 +0000"
    },
    "done": true
  },
  "supertools:recipes/armor/emerald_boots": {
    "criteria": {
      "has_emerald": "2024-11-25 00:13:31 +0000"
    },
    "done": true
  },
  "supertools:recipes/supertools/special_cup": {
    "criteria": {
      "has_items": "2024-11-25 00:13:31 +0000"
    },
    "done": true
  },
  "aquaculture:recipes/misc/neptunium_ingot_from_neptunium_block": {
    "criteria": {
      "has_items": "2024-11-25 00:13:31 +0000"
    },
    "done": true
  },
  "supertools:recipes/armor/obsidian_leggings": {
    "criteria": {
      "has_obsidian": "2024-11-25 00:13:31 +0000"
    },
    "done": true
  },
  "supertools:recipes/tools/golden_sickle": {
    "criteria": {
      "has_items": "2024-11-25 00:13:31 +0000"
    },
    "done": true
  },
  "aquaculture:recipes/misc/iron_nugget_from_smelting": {
    "criteria": {
      "has_fishing_rod": "2024-11-25 00:13:31 +0000",
      "has_fillet_knife": "2024-11-25 00:13:31 +0000"
    },
    "done": true
  },
  "minecraft:recipes/decorations/crafting_table": {
    "criteria": {
      "unlock_right_away": "2024-11-25 00:13:31 +0000"
    },
    "done": true
  },
  "aquaculture:recipes/tools/golden_fishing_rod": {
    "criteria": {
      "has_vanilla_rod": "2024-11-25 00:13:31 +0000"
    },
    "done": true
  },
  "aquaculture:recipes/misc/gold_nugget_from_smelting": {
    "criteria": {
      "has_fishing_rod": "2024-11-25 00:13:31 +0000",
      "has_fillet_knife": "2024-11-25 00:13:31 +0000"
    },
    "done": true
  },
  "supertools:recipes/tools/diamond_sickle": {
    "criteria": {
      "has_items": "2024-11-25 00:13:31 +0000"
    },
    "done": true
  },
  "supertools:recipes/armor/quartz_boots": {
    "criteria": {
      "has_quartz": "2024-11-25 00:13:31 +0000"
    },
    "done": true
  },
  "supertools:supertools/cup": {
    "criteria": {
      "cup": "2024-11-25 00:13:31 +0000"
    },
    "done": true
  },
  "aquaculture:recipes/misc/bonemeal_from_fish_bones": {
    "criteria": {
      "has_items": "2024-11-25 00:13:31 +0000"
    },
    "done": true
  },
  "supertools:recipes/tools/obsidian_shovel": {
    "criteria": {
      "has_items": "2024-11-25 00:13:31 +0000"
    },
    "done": true
  },
  "supertools:supertools/super_axe": {
    "criteria": {
      "super_axe": "2024-11-25 00:13:31 +0000"
    },
    "done": true
  },
  "supertools:recipes/armor/quartz_leggings": {
    "criteria": {
      "has_quartz": "2024-11-25 00:13:31 +0000"
    },
    "done": true
  },
  "supertools:recipes/armor/quartz_helmet": {
    "criteria": {
      "has_quartz": "2024-11-25 00:13:31 +0000"
    },
    "done": true
  },
  "supertools:recipes/armor/emerald_chestplate": {
    "criteria": {
      "has_emerald": "2024-11-25 00:13:31 +0000"
    },
    "done": true
  },
  "iceandfire:iceandfire/root": {
    "criteria": {
      "tick": "2024-11-25 00:13:31 +0000"
    },
    "done": true
  },
  "aquaculture:recipes/misc/brown_mushroom_from_fish": {
    "criteria": {
      "has_items": "2024-11-25 00:13:31 +0000"
    },
    "done": true
  },
  "supertools:recipes/tools/copper_sword": {
    "criteria": {
      "has_items": "2024-11-25 00:13:31 +0000"
    },
    "done": true
  },
  "supertools:recipes/tools/quartz_axe": {
    "criteria": {
      "has_items": "2024-11-25 00:13:31 +0000"
    },
    "done": true
  },
  "supertools:recipes/tools/copper_hoe": {
    "criteria": {
      "has_items": "2024-11-25 00:13:31 +0000"
    },
    "done": true
  },
  "supertools:recipes/armor/lapis_chestplate": {
    "criteria": {
      "has_lapis": "2024-11-25 00:13:31 +0000"
    },
    "done": true
  },
  "supertools:recipes/armor/obsidian_boots": {
    "criteria": {
      "has_obsidian": "2024-11-25 00:13:31 +0000"
    },
    "done": true
  },
  "supertools:recipes/tools/emerald_pickaxe": {
    "criteria": {
      "has_items": "2024-11-25 00:13:31 +0000"
    },
    "done": true
  },
  "supertools:recipes/tools/obsidian_sword": {
    "criteria": {
      "has_items": "2024-11-25 00:13:31 +0000"
    },
    "done": true
  },
  "supertools:supertools/super_sickle": {
    "criteria": {
      "super_sickle": "2024-11-25 00:13:31 +0000"
    },
    "done": true
  },
  "supertools:recipes/armor/quartz_chestplate": {
    "criteria": {
      "has_quartz": "2024-11-25 00:13:31 +0000"
    },
    "done": true
  },
  "supertools:recipes/armor/lapis_boots": {
    "criteria": {
      "has_lapis": "2024-11-25 00:13:31 +0000"
    },
    "done": true
  },
  "aquaculture:recipes/misc/neptinium_ingot_from_blasting": {
    "criteria": {
      "has_leggings": "2024-11-25 00:13:31 +0000",
      "has_axe": "2024-11-25 00:13:31 +0000",
      "has_helmet": "2024-11-25 00:13:31 +0000",
      "has_fishing_rod": "2024-11-25 00:13:31 +0000",
      "has_bow": "2024-11-25 00:13:31 +0000",
      "has_chestplate": "2024-11-25 00:13:31 +0000",
      "has_sword": "2024-11-25 00:13:31 +0000",
      "has_fillet_knife": "2024-11-25 00:13:31 +0000",
      "has_shovel": "2024-11-25 00:13:31 +0000",
      "has_hoe": "2024-11-25 00:13:31 +0000",
      "has_boots": "2024-11-25 00:13:31 +0000",
      "has_pickaxe": "2024-11-25 00:13:31 +0000"
    },
    "done": true
  },
  "supertools:recipes/tools/obsidian_hoe": {
    "criteria": {
      "has_items": "2024-11-25 00:13:31 +0000"
    },
    "done": true
  },
  "aquaculture:recipes/decorations/dark_oak_fish_mount": {
    "criteria": {
      "has_items": "2024-11-25 00:13:31 +0000"
    },
    "done": true
  },
  "supertools:recipes/tools/emerald_sword": {
    "criteria": {
      "has_items": "2024-11-25 00:13:31 +0000"
    },
    "done": true
  },
  "supertools:recipes/supertools/super_hoe": {
    "criteria": {
      "has_items": "2024-11-25 00:13:31 +0000"
    },
    "done": true
  },
  "aquaculture:recipes/decorations/acacia_fish_mount": {
    "criteria": {
      "has_items": "2024-11-25 00:13:31 +0000"
    },
    "done": true
  },
  "aquaculture:recipes/aquaculture/diamond_hook": {
    "criteria": {
      "has_items": "2024-11-25 00:13:31 +0000"
    },
    "done": true
  },
  "supertools:recipes/supertools/super_sickle": {
    "criteria": {
      "has_items": "2024-11-25 00:13:31 +0000"
    },
    "done": true
  },
  "betterdungeons:root": {
    "criteria": {
      "always": "2024-11-25 00:13:31 +0000"
    },
    "done": true
  },
  "aquaculture:recipes/food/sushi": {
    "criteria": {
      "has_alt_items": "2024-11-25 00:13:31 +0000",
      "has_items": "2024-11-25 00:13:31 +0000"
    },
    "done": true
  },
  "aquaculture:recipes/aquaculture/light_hook": {
    "criteria": {
      "has_items": "2024-11-25 00:13:31 +0000"
    },
    "done": true
  },
  "aquaculture:recipes/misc/red_mushroom_from_fish": {
    "criteria": {
      "has_items": "2024-11-25 00:13:31 +0000"
    },
    "done": true
  },
  "born_in_chaos_v1:bornin_chaos": {
    "criteria": {
      "bornin_chaos_0": "2024-11-25 00:13:31 +0000"
    },
    "done": true
  },
  "aquaculture:recipes/building_blocks/planks_from_driftwood": {
    "criteria": {
      "has_items": "2024-11-25 00:13:31 +0000"
    },
    "done": true
  },
  "supertools:recipes/tools/lapis_axe": {
    "criteria": {
      "has_items": "2024-11-25 00:13:31 +0000"
    },
    "done": true
  },
  "supertools:recipes/tools/lapis_shovel": {
    "criteria": {
      "has_items": "2024-11-25 00:13:31 +0000"
    },
    "done": true
  },
  "supertools:recipes/tools/redstone_hoe": {
    "criteria": {
      "has_items": "2024-11-25 00:13:31 +0000"
    },
    "done": true
  },
  "supertools:recipes/tools/quartz_pickaxe": {
    "criteria": {
      "has_items": "2024-11-25 00:13:31 +0000"
    },
    "done": true
  },
  "supertools:recipes/tools/copper_axe": {
    "criteria": {
      "has_items": "2024-11-25 00:13:31 +0000"
    },
    "done": true
  },
  "aquaculture:recipes/aquaculture/worm_farm": {
    "criteria": {
      "has_items": "2024-11-25 00:13:31 +0000"
    },
    "done": true
  },
  "supertools:recipes/supertools/super_shovel": {
    "criteria": {
      "has_items": "2024-11-25 00:13:31 +0000"
    },
    "done": true
  },
  "supertools:recipes/tools/lapis_sword": {
    "criteria": {
      "has_items": "2024-11-25 00:13:31 +0000"
    },
    "done": true
  },
  "supertools:recipes/tools/emerald_sickle": {
    "criteria": {
      "has_items": "2024-11-25 00:13:31 +0000"
    },
    "done": true
  },
  "supertools:recipes/tools/lapis_hoe": {
    "criteria": {
      "has_items": "2024-11-25 00:13:31 +0000"
    },
    "done": true
  },
  "supertools:recipes/tools/obsidian_axe": {
    "criteria": {
      "has_items": "2024-11-25 00:13:31 +0000"
    },
    "done": true
  },
  "aquaculture:recipes/aquaculture/note_hook": {
    "criteria": {
      "has_items": "2024-11-25 00:13:31 +0000"
    },
    "done": true
  },
  "supertools:recipes/tools/quartz_hoe": {
    "criteria": {
      "has_items": "2024-11-25 00:13:31 +0000"
    },
    "done": true
  },
  "aquaculture:recipes/food/cooked_fish_fillet_from_campfire": {
    "criteria": {
      "has_items": "2024-11-25 00:13:31 +0000"
    },
    "done": true
  },
  "supertools:recipes/armor/lapis_leggings": {
    "criteria": {
      "has_lapis": "2024-11-25 00:13:31 +0000"
    },
    "done": true
  },
  "aquaculture:recipes/aquaculture/gold_hook": {
    "criteria": {
      "has_items": "2024-11-25 00:13:31 +0000"
    },
    "done": true
  },
  "supertools:recipes/supertools/adarum": {
    "criteria": {
      "has_items": "2024-11-25 00:13:31 +0000"
    },
    "done": true
  },
  "aquaculture:recipes/decorations/oak_fish_mount": {
    "criteria": {
      "has_items": "2024-11-25 00:13:31 +0000"
    },
    "done": true
  },
  "supertools:recipes/armor/copper_helmet": {
    "criteria": {
      "has_emerald": "2024-11-25 00:13:31 +0000"
    },
    "done": true
  },
  "supertools:supertools/super_pickaxe": {
    "criteria": {
      "super_pickaxe": "2024-11-25 00:13:31 +0000"
    },
    "done": true
  },
  "supertools:supertools/special_cup": {
    "criteria": {
      "special_cup": "2024-11-25 00:13:31 +0000"
    },
    "done": true
  },
  "supertools:recipes/tools/netherite_sickle": {
    "criteria": {
      "has_items": "2024-11-25 00:13:31 +0000"
    },
    "done": true
  },
  "aquaculture:recipes/decorations/spruce_fish_mount": {
    "criteria": {
      "has_items": "2024-11-25 00:13:31 +0000"
    },
    "done": true
  },
  "supertools:recipes/tools/emerald_shovel": {
    "criteria": {
      "has_items": "2024-11-25 00:13:31 +0000"
    },
    "done": true
  },
  "supertools:recipes/tools/redstone_axe": {
    "criteria": {
      "has_items": "2024-11-25 00:13:31 +0000"
    },
    "done": true
  },
  "supertools:recipes/tools/emerald_hoe": {
    "criteria": {
      "has_items": "2024-11-25 00:13:31 +0000"
    },
    "done": true
  },
  "supertools:recipes/supertools/super_axe": {
    "criteria": {
      "has_items": "2024-11-25 00:13:31 +0000"
    },
    "done": true
  },
  "supertools:recipes/tools/lapis_sickle": {
    "criteria": {
      "has_items": "2024-11-25 00:13:31 +0000"
    },
    "done": true
  },
  "supertools:recipes/armor/obsidian_chestplate": {
    "criteria": {
      "has_obsidian": "2024-11-25 00:13:31 +0000"
    },
    "done": true
  },
  "aquaculture:recipes/aquaculture/double_hook": {
    "criteria": {
      "has_items": "2024-11-25 00:13:31 +0000"
    },
    "done": true
  },
  "supertools:recipes/armor/copper_chestplate": {
    "criteria": {
      "has_emerald": "2024-11-25 00:13:31 +0000"
    },
    "done": true
  },
  "supertools:recipes/armor/obsidian_helmet": {
    "criteria": {
      "has_obsidian": "2024-11-25 00:13:31 +0000"
    },
    "done": true
  },
  "supertools:recipes/armor/copper_boots": {
    "criteria": {
      "has_emerald": "2024-11-25 00:13:31 +0000"
    },
    "done": true
  },
  "aquaculture:recipes/aquaculture/fishing_line": {
    "criteria": {
      "has_items": "2024-11-25 00:13:31 +0000"
    },
    "done": true
  },
  "aquaculture:recipes/misc/tin_can_to_iron_nugget_from_blasting": {
    "criteria": {
      "has_items": "2024-11-25 00:13:31 +0000"
    },
    "done": true
  },
  "supertools:recipes/armor/lapis_helmet": {
    "criteria": {
      "has_lapis": "2024-11-25 00:13:31 +0000"
    },
    "done": true
  },
  "cataclysm:root": {
    "criteria": {
      "custom_test_name": "2024-11-25 00:13:31 +0000"
    },
    "done": true
  },
  "aquaculture:recipes/aquaculture/iron_hook": {
    "criteria": {
      "has_items": "2024-11-25 00:13:31 +0000"
    },
    "done": true
  },
  "rewards:rewards": {
    "criteria": {
      "january": "2024-11-25 00:13:31 +0000"
    },
    "done": true
  },
  "supertools:supertools/super_sword": {
    "criteria": {
      "super_sword": "2024-11-25 00:13:31 +0000"
    },
    "done": true
  },
  "supertools:recipes/tools/redstone_shovel": {
    "criteria": {
      "has_items": "2024-11-25 00:13:31 +0000"
    },
    "done": true
  },
  "usefulslime:recipes/jello": {
    "criteria": {
      "has_slime": "2024-11-25 00:13:31 +0000"
    },
    "done": true
  },
  "aquaculture:recipes/misc/jellyfish_to_slimeball": {
    "criteria": {
      "has_items": "2024-11-25 00:13:31 +0000"
    },
    "done": true
  },
  "supertools:recipes/supertools/super_sword": {
    "criteria": {
      "has_items": "2024-11-25 00:13:31 +0000"
    },
    "done": true
  },
  "supertools:recipes/armor/copper_leggings": {
    "criteria": {
      "has_emerald": "2024-11-25 00:13:31 +0000"
    },
    "done": true
  },
  "aquaculture:recipes/aquaculture/redstone_hook": {
    "criteria": {
      "has_items": "2024-11-25 00:13:31 +0000"
    },
    "done": true
  },
  "supertools:recipes/armor/emerald_helmet": {
    "criteria": {
      "has_emerald": "2024-11-25 00:13:31 +0000"
    },
    "done": true
  },
  "supertools:recipes/supertools/cup": {
    "criteria": {
      "has_items": "2024-11-25 00:13:31 +0000"
    },
    "done": true
  },
  "supertools:recipes/tools/copper_sickle": {
    "criteria": {
      "has_items": "2024-11-25 00:13:31 +0000"
    },
    "done": true
  },
  "usefulslime:recipes/slime_boots": {
    "criteria": {
      "has_slime": "2024-11-25 00:13:31 +0000"
    },
    "done": true
  },
  "aquaculture:recipes/aquaculture/bobber": {
    "criteria": {
      "has_items": "2024-11-25 00:13:31 +0000"
    },
    "done": true
  },
  "supertools:recipes/tools/redstone_sword": {
    "criteria": {
      "has_items": "2024-11-25 00:13:31 +0000"
    },
    "done": true
  },
  "supertools:recipes/tools/lapis_pickaxe": {
    "criteria": {
      "has_items": "2024-11-25 00:13:31 +0000"
    },
    "done": true
  },
  "aquaculture:recipes/misc/gold_nugget_from_gold_fish": {
    "criteria": {
      "has_items": "2024-11-25 00:13:31 +0000"
    },
    "done": true
  },
  "aquaculture:recipes/food/cooked_fish_fillet_from_smoking": {
    "criteria": {
      "has_items": "2024-11-25 00:13:31 +0000"
    },
    "done": true
  },
  "aquaculture:recipes/tools/diamond_fishing_rod": {
    "criteria": {
      "has_vanilla_rod": "2024-11-25 00:13:31 +0000"
    },
    "done": true
  },
  "aquaculture:recipes/food/cooked_fish_fillet": {
    "criteria": {
      "has_items": "2024-11-25 00:13:31 +0000"
    },
    "done": true
  },
  "soulslikeuniverse:soulslikeuniverse": {
    "criteria": {
      "soulslikeuniverse": "2024-11-25 00:13:31 +0000"
    },
    "done": true
  },
  "supertools:recipes/tools/copper_shovel": {
    "criteria": {
      "has_items": "2024-11-25 00:13:31 +0000"
    },
    "done": true
  },
  "supertools:recipes/tools/quartz_sword": {
    "criteria": {
      "has_items": "2024-11-25 00:13:31 +0000"
    },
    "done": true
  },
  "supertools:recipes/tools/quartz_sickle": {
    "criteria": {
      "has_items": "2024-11-25 00:13:31 +0000"
    },
    "done": true
  },
  "supertools:recipes/armor/emerald_leggings": {
    "criteria": {
      "has_emerald": "2024-11-25 00:13:31 +0000"
    },
    "done": true
  },
  "supertools:recipes/tools/redstone_sickle": {
    "criteria": {
      "has_items": "2024-11-25 00:13:31 +0000"
    },
    "done": true
  },
  "supertools:supertools/super_hoe": {
    "criteria": {
      "super_hoe": "2024-11-25 00:13:31 +0000"
    },
    "done": true
  },
  "apotheosis:give_book": {
    "criteria": {
      "tick": "2024-11-25 00:13:31 +0000"
    },
    "done": true
  },
  "aquaculture:recipes/misc/neptunium_ingot_from_nuggets": {
    "criteria": {
      "has_items": "2024-11-25 00:13:31 +0000"
    },
    "done": true
  },
  "supertools:recipes/supertools/super_pickaxe": {
    "criteria": {
      "has_items": "2024-11-25 00:13:31 +0000"
    },
    "done": true
  },
  "supertools:supertools/bag_of_bonemeal": {
    "criteria": {
      "bone_meal_tool": "2024-11-25 00:13:31 +0000"
    },
    "done": true
  },
  "supertools:recipes/tools/stone_sickle": {
    "criteria": {
      "has_items": "2024-11-25 00:13:31 +0000"
    },
    "done": true
  },
  "aquaculture:recipes/misc/tin_can_to_iron_nugget": {
    "criteria": {
      "has_items": "2024-11-25 00:13:31 +0000"
    },
    "done": true
  },
  "aquaculture:recipes/decorations/jungle_fish_mount": {
    "criteria": {
      "has_items": "2024-11-25 00:13:31 +0000"
    },
    "done": true
  },
  "corail_recycler:tutorial/root": {
    "criteria": {
      "auto": "2024-11-25 00:13:33 +0000"
    },
    "done": true
  },
  "minecraft:adventure/adventuring_time": {
    "criteria": {
      "minecraft:river": "2024-11-25 00:21:06 +0000",
      "minecraft:forest": "2024-11-25 00:13:33 +0000",
      "minecraft:plains": "2024-11-25 00:21:21 +0000"
    },
    "done": false
  },
  "man:feelingwatched": {
    "criteria": {
      "feelingwatched_0": "2024-11-25 00:18:17 +0000"
    },
    "done": true
  },
  "minecraft:recipes/misc/map": {
    "criteria": {
      "has_compass": "2024-11-25 00:19:43 +0000"
    },
    "done": true
  },
  "sereneseasons:recipes/tools/calendar": {
    "criteria": {
      "has_clock": "2024-11-25 00:19:43 +0000"
    },
    "done": true
  },
  "biomesoplenty:recipes/transportation/willow_boat": {
    "criteria": {
      "in_water": "2024-11-25 00:21:04 +0000"
    },
    "done": true
  },
  "minecraft:recipes/transportation/cherry_boat": {
    "criteria": {
      "in_water": "2024-11-25 00:21:04 +0000"
    },
    "done": true
  },
  "biomesoplenty:recipes/transportation/umbran_boat": {
    "criteria": {
      "in_water": "2024-11-25 00:21:04 +0000"
    },
    "done": true
  },
  "minecraft:recipes/transportation/bamboo_raft": {
    "criteria": {
      "in_water": "2024-11-25 00:21:04 +0000"
    },
    "done": true
  },
  "biomesoplenty:recipes/transportation/dead_boat": {
    "criteria": {
      "in_water": "2024-11-25 00:21:04 +0000"
    },
    "done": true
  },
  "biomesoplenty:recipes/transportation/magic_boat": {
    "criteria": {
      "in_water": "2024-11-25 00:21:04 +0000"
    },
    "done": true
  },
  "minecraft:recipes/transportation/acacia_boat": {
    "criteria": {
      "in_water": "2024-11-25 00:21:04 +0000"
    },
    "done": true
  },
  "minecraft:recipes/transportation/jungle_boat": {
    "criteria": {
      "in_water": "2024-11-25 00:21:04 +0000"
    },
    "done": true
  },
  "twilightforest:recipes/transportation/twilight_oak_boat": {
    "criteria": {
      "in_water": "2024-11-25 00:21:04 +0000"
    },
    "done": true
  },
  "twilightforest:recipes/transportation/time_boat": {
    "criteria": {
      "in_water": "2024-11-25 00:21:04 +0000"
    },
    "done": true
  },
  "twilightforest:recipes/transportation/mining_boat": {
    "criteria": {
      "in_water": "2024-11-25 00:21:04 +0000"
    },
    "done": true
  },
  "twilightforest:recipes/transportation/mangrove_boat": {
    "criteria": {
      "in_water": "2024-11-25 00:21:04 +0000"
    },
    "done": true
  },
  "biomesoplenty:recipes/transportation/fir_boat": {
    "criteria": {
      "in_water": "2024-11-25 00:21:04 +0000"
    },
    "done": true
  },
  "twilightforest:recipes/transportation/transformation_boat": {
    "criteria": {
      "in_water": "2024-11-25 00:21:04 +0000"
    },
    "done": true
  },
  "minecraft:recipes/transportation/spruce_boat": {
    "criteria": {
      "in_water": "2024-11-25 00:21:04 +0000"
    },
    "done": true
  },
  "minecraft:recipes/transportation/birch_boat": {
    "criteria": {
      "in_water": "2024-11-25 00:21:04 +0000"
    },
    "done": true
  },
  "minecraft:recipes/transportation/oak_boat": {
    "criteria": {
      "in_water": "2024-11-25 00:21:04 +0000"
    },
    "done": true
  },
  "vampirism:recipes/transportation/cursed_spruce_boat": {
    "criteria": {
      "in_water": "2024-11-25 00:21:04 +0000"
    },
    "done": true
  },
  "biomesoplenty:recipes/transportation/redwood_boat": {
    "criteria": {
      "in_water": "2024-11-25 00:21:04 +0000"
    },
    "done": true
  },
  "minecraft:recipes/transportation/mangrove_boat": {
    "criteria": {
      "in_water": "2024-11-25 00:21:04 +0000"
    },
    "done": true
  },
  "biomesoplenty:recipes/transportation/hellbark_boat": {
    "criteria": {
      "in_water": "2024-11-25 00:21:04 +0000"
    },
    "done": true
  },
  "biomesoplenty:recipes/transportation/jacaranda_boat": {
    "criteria": {
      "in_water": "2024-11-25 00:21:04 +0000"
    },
    "done": true
  },
  "twilightforest:recipes/transportation/canopy_boat": {
    "criteria": {
      "in_water": "2024-11-25 00:21:04 +0000"
    },
    "done": true
  },
  "biomesoplenty:recipes/transportation/mahogany_boat": {
    "criteria": {
      "in_water": "2024-11-25 00:21:04 +0000"
    },
    "done": true
  },
  "twilightforest:recipes/transportation/dark_boat": {
    "criteria": {
      "in_water": "2024-11-25 00:21:04 +0000"
    },
    "done": true
  },
  "vampirism:recipes/transportation/dark_spruce_boat": {
    "criteria": {
      "in_water": "2024-11-25 00:21:04 +0000"
    },
    "done": true
  },
  "biomesoplenty:recipes/transportation/palm_boat": {
    "criteria": {
      "in_water": "2024-11-25 00:21:04 +0000"
    },
    "done": true
  },
  "twilightforest:recipes/transportation/sorting_boat": {
    "criteria": {
      "in_water": "2024-11-25 00:21:04 +0000"
    },
    "done": true
  },
  "minecraft:recipes/transportation/dark_oak_boat": {
    "criteria": {
      "in_water": "2024-11-25 00:21:04 +0000"
    },
    "done": true
  },
  "biomesoplenty:biomesoplenty/root": {
    "criteria": {
      "rocky_shrubland": "2024-11-25 00:21:53 +0000"
    },
    "done": true
  },
  "biomesoplenty:biomesoplenty/all_biomes": {
    "criteria": {
      "rocky_shrubland": "2024-11-25 00:21:53 +0000"
    },
    "done": false
  },
  "minecraft:recipes/decorations/ladder": {
    "criteria": {
      "has_stick": "2024-11-25 00:26:32 +0000"
    },
    "done": true
  },
  "spartanweaponry:recipes/wooden_scythe": {
    "criteria": {
      "has_wood": "2024-11-25 00:25:32 +0000"
    },
    "done": true
  },
  "spartanweaponry:recipes/stone_glaive": {
    "criteria": {
      "has_cobblestone": "2024-11-25 00:24:13 +0000"
    },
    "done": true
  },
  "spartanweaponry:recipes/stone_longsword": {
    "criteria": {
      "has_cobblestone": "2024-11-25 00:24:13 +0000"
    },
    "done": true
  },
  "paraglider:root": {
    "criteria": {
      "crafting_table": "2024-11-25 00:26:13 +0000"
    },
    "done": true
  },
  "minecraft:recipes/decorations/oak_sign": {
    "criteria": {
      "has_planks": "2024-11-25 00:25:32 +0000"
    },
    "done": true
  },
  "spartanweaponry:recipes/stone_katana": {
    "criteria": {
      "has_cobblestone": "2024-11-25 00:24:13 +0000"
    },
    "done": true
  },
  "spartanweaponry:recipes/stone_battle_hammer": {
    "criteria": {
      "has_cobblestone": "2024-11-25 00:24:13 +0000"
    },
    "done": true
  },
  "spartanweaponry:recipes/wooden_spear": {
    "criteria": {
      "has_wood": "2024-11-25 00:25:32 +0000"
    },
    "done": true
  },
  "minecraft:story/mine_stone": {
    "criteria": {
      "get_stone": "2024-11-25 00:24:13 +0000"
    },
    "done": true
  },
  "minecraft:recipes/decorations/furnace": {
    "criteria": {
      "has_cobblestone": "2024-11-25 00:24:13 +0000"
    },
    "done": true
  },
  "spartanshields:recipes/wooden_basic_shield": {
    "criteria": {
      "has_planks": "2024-11-25 00:25:32 +0000"
    },
    "done": true
  },
  "spartanweaponry:recipes/stone_throwing_knife": {
    "criteria": {
      "has_cobblestone": "2024-11-25 00:24:13 +0000"
    },
    "done": true
  },
  "minecraft:recipes/tools/wooden_axe": {
    "criteria": {
      "has_stick": "2024-11-25 00:26:32 +0000"
    },
    "done": true
  },
  "minecraft:recipes/decorations/chest": {
    "criteria": {
      "has_lots_of_items": "2024-11-25 00:24:13 +0000"
    },
    "done": true
  },
  "minecraft:recipes/misc/stick": {
    "criteria": {
      "has_planks": "2024-11-25 00:25:32 +0000"
    },
    "done": true
  },
  "spartanweaponry:recipes/combat/pole_from_leather": {
    "criteria": {
      "has_stick": "2024-11-25 00:26:32 +0000"
    },
    "done": true
  },
  "minecraft:recipes/building_blocks/cobblestone_slab_from_cobblestone_stonecutting": {
    "criteria": {
      "has_cobblestone": "2024-11-25 00:24:13 +0000"
    },
    "done": true
  },
  "minecraft:recipes/building_blocks/stone": {
    "criteria": {
      "has_cobblestone": "2024-11-25 00:24:13 +0000"
    },
    "done": true
  },
  "spartanweaponry:recipes/wooden_saber": {
    "criteria": {
      "has_wood": "2024-11-25 00:25:32 +0000"
    },
    "done": true
  },
  "spartanweaponry:recipes/wooden_javelin": {
    "criteria": {
      "has_wood": "2024-11-25 00:25:32 +0000"
    },
    "done": true
  },
  "vampirism:recipes/decorations/general/tombstone2": {
    "criteria": {
      "has_coble": "2024-11-25 00:24:13 +0000"
    },
    "done": true
  },
  "spartanweaponry:recipes/wooden_quarterstaff": {
    "criteria": {
      "has_wood": "2024-11-25 00:25:32 +0000"
    },
    "done": true
  },
  "soulsweapons:root": {
    "criteria": {
      "crafting_table": "2024-11-25 00:26:13 +0000"
    },
    "done": true
  },
  "spartanweaponry:recipes/stone_boomerang": {
    "criteria": {
      "has_cobblestone": "2024-11-25 00:24:13 +0000"
    },
    "done": true
  },
  "spartanweaponry:recipes/wooden_club": {
    "criteria": {
      "has_wood_log": "2024-11-25 00:25:28 +0000"
    },
    "done": true
  },
  "vampirism:recipes/decorations/general/throne": {
    "criteria": {
      "has_planks": "2024-11-25 00:25:32 +0000"
    },
    "done": true
  },
  "vampirism:recipes/decorations/general/fire_place": {
    "criteria": {
      "has_logs": "2024-11-25 00:25:28 +0000"
    },
    "done": true
  },
  "croptopia:gather_food": {
    "criteria": {
      "steamed_clams": "2024-11-25 00:24:24 +0000"
    },
    "done": false
  },
  "minecraft:recipes/building_blocks/oak_slab": {
    "criteria": {
      "has_planks": "2024-11-25 00:25:32 +0000"
    },
    "done": true
  },
  "spartanweaponry:recipes/combat/handle_from_leather": {
    "criteria": {
      "has_stick": "2024-11-25 00:26:32 +0000"
    },
    "done": true
  },
  "spartanweaponry:recipes/wooden_warhammer": {
    "criteria": {
      "has_wood": "2024-11-25 00:25:32 +0000"
    },
    "done": true
  },
  "spartanweaponry:recipes/stone_tomahawk": {
    "criteria": {
      "has_cobblestone": "2024-11-25 00:24:13 +0000"
    },
    "done": true
  },
  "minecraft:recipes/tools/stone_pickaxe": {
    "criteria": {
      "has_cobblestone": "2024-11-25 00:24:13 +0000"
    },
    "done": true
  },
  "minecraft:recipes/decorations/campfire": {
    "criteria": {
      "has_stick": "2024-11-25 00:26:32 +0000"
    },
    "done": true
  },
  "aquaculture:recipes/tools/wooden_fillet_knife": {
    "criteria": {
      "has_items": "2024-11-25 00:26:32 +0000"
    },
    "done": true
  },
  "minecraft:recipes/tools/wooden_hoe": {
    "criteria": {
      "has_stick": "2024-11-25 00:26:32 +0000"
    },
    "done": true
  },
  "minecraft:recipes/redstone/oak_fence_gate": {
    "criteria": {
      "has_planks": "2024-11-25 00:25:32 +0000"
    },
    "done": true
  },
  "spartanweaponry:recipes/wooden_greatsword": {
    "criteria": {
      "has_wood": "2024-11-25 00:25:32 +0000"
    },
    "done": true
  },
  "minecraft:recipes/misc/charcoal": {
    "criteria": {
      "has_log": "2024-11-25 00:25:28 +0000"
    },
    "done": true
  },
  "spartanweaponry:recipes/wooden_parrying_dagger": {
    "criteria": {
      "has_wood": "2024-11-25 00:25:32 +0000"
    },
    "done": true
  },
  "spartanweaponry:recipes/wooden_rapier": {
    "criteria": {
      "has_wood": "2024-11-25 00:25:32 +0000"
    },
    "done": true
  },
  "spartanweaponry:recipes/stone_battleaxe": {
    "criteria": {
      "has_cobblestone": "2024-11-25 00:24:13 +0000"
    },
    "done": true
  },
  "corail_recycler:recipes/recycler": {
    "criteria": {
      "requirement_1": "2024-11-25 00:25:32 +0000"
    },
    "done": false
  },
  "minecraft:recipes/redstone/oak_door": {
    "criteria": {
      "has_planks": "2024-11-25 00:25:32 +0000"
    },
    "done": true
  },
  "spartanweaponry:recipes/wooden_boomerang": {
    "criteria": {
      "has_wood": "2024-11-25 00:25:32 +0000"
    },
    "done": true
  },
  "spartanweaponry:recipes/stone_spear": {
    "criteria": {
      "has_cobblestone": "2024-11-25 00:24:13 +0000"
    },
    "done": true
  },
  "spartanweaponry:recipes/wooden_throwing_knife": {
    "criteria": {
      "has_wood": "2024-11-25 00:25:32 +0000"
    },
    "done": true
  },
  "minecraft:recipes/tools/wooden_shovel": {
    "criteria": {
      "has_stick": "2024-11-25 00:26:32 +0000"
    },
    "done": true
  },
  "minecraft:recipes/building_blocks/cobblestone_slab": {
    "criteria": {
      "has_cobblestone": "2024-11-25 00:24:13 +0000"
    },
    "done": true
  },
  "paraglider:recipes/misc/paraglider": {
    "criteria": {
      "has_stick": "2024-11-25 00:26:32 +0000"
    },
    "done": true
  },
  "vampirism:recipes/combat/hunter/crucifix": {
    "criteria": {
      "planks": "2024-11-25 00:25:32 +0000"
    },
    "done": true
  },
  "spartanweaponry:recipes/wooden_flanged_mace": {
    "criteria": {
      "has_wood": "2024-11-25 00:25:32 +0000"
    },
    "done": true
  },
  "minecraft:recipes/combat/wooden_sword": {
    "criteria": {
      "has_stick": "2024-11-25 00:26:32 +0000"
    },
    "done": true
  },
  "minecraft:recipes/building_blocks/oak_planks": {
    "criteria": {
      "has_logs": "2024-11-25 00:25:28 +0000"
    },
    "done": true
  },
  "mcwfurnitures:recipes/oak": {
    "criteria": {
      "has_wood": "2024-11-25 00:25:28 +0000"
    },
    "done": true
  },
  "minecraft:recipes/decorations/barrel": {
    "criteria": {
      "has_planks": "2024-11-25 00:25:32 +0000"
    },
    "done": true
  },
  "minecraft:recipes/decorations/cobblestone_wall_from_cobblestone_stonecutting": {
    "criteria": {
      "has_cobblestone": "2024-11-25 00:24:13 +0000"
    },
    "done": true
  },
  "spartanweaponry:recipes/stone_rapier": {
    "criteria": {
      "has_cobblestone": "2024-11-25 00:24:13 +0000"
    },
    "done": true
  },
  "minecraft:recipes/building_blocks/cobblestone_stairs": {
    "criteria": {
      "has_cobblestone": "2024-11-25 00:24:13 +0000"
    },
    "done": true
  },
  "minecraft:recipes/tools/stone_shovel": {
    "criteria": {
      "has_cobblestone": "2024-11-25 00:24:13 +0000"
    },
    "done": true
  },
  "minecraft:recipes/building_blocks/oak_wood": {
    "criteria": {
      "has_log": "2024-11-25 00:25:28 +0000"
    },
    "done": true
  },
  "spartanweaponry:recipes/wooden_longbow": {
    "criteria": {
      "has_wood": "2024-11-25 00:25:32 +0000"
    },
    "done": true
  },
  "minecraft:recipes/redstone/lever": {
    "criteria": {
      "has_cobblestone": "2024-11-25 00:24:13 +0000"
    },
    "done": true
  },
  "spartanweaponry:recipes/stone_saber": {
    "criteria": {
      "has_cobblestone": "2024-11-25 00:24:13 +0000"
    },
    "done": true
  },
  "spartanweaponry:recipes/stone_scythe": {
    "criteria": {
      "has_cobblestone": "2024-11-25 00:24:13 +0000"
    },
    "done": true
  },
  "spartanweaponry:recipes/stone_greatsword": {
    "criteria": {
      "has_cobblestone": "2024-11-25 00:24:13 +0000"
    },
    "done": true
  },
  "spartanweaponry:recipes/wooden_glaive": {
    "criteria": {
      "has_wood": "2024-11-25 00:25:32 +0000"
    },
    "done": true
  },
  "vampirism:recipes/combat/hunter/stake": {
    "criteria": {
      "has_sticks": "2024-11-25 00:26:32 +0000"
    },
    "done": true
  },
  "minecraft:recipes/redstone/oak_trapdoor": {
    "criteria": {
      "has_planks": "2024-11-25 00:25:32 +0000"
    },
    "done": true
  },
  "minecraft:recipes/combat/stone_sword": {
    "criteria": {
      "has_cobblestone": "2024-11-25 00:24:13 +0000"
    },
    "done": true
  },
  "minecraft:recipes/decorations/cobblestone_wall": {
    "criteria": {
      "has_cobblestone": "2024-11-25 00:24:13 +0000"
    },
    "done": true
  },
  "minecraft:recipes/tools/stone_axe": {
    "criteria": {
      "has_cobblestone": "2024-11-25 00:24:13 +0000"
    },
    "done": true
  },
  "spartanweaponry:recipes/wooden_lance": {
    "criteria": {
      "has_wood": "2024-11-25 00:25:32 +0000"
    },
    "done": true
  },
  "spartanweaponry:recipes/wooden_longsword": {
    "criteria": {
      "has_wood": "2024-11-25 00:25:32 +0000"
    },
    "done": true
  },
  "spartanweaponry:recipes/stone_parrying_dagger": {
    "criteria": {
      "has_cobblestone": "2024-11-25 00:24:13 +0000"
    },
    "done": true
  },
  "spartanshields:recipes/wooden_tower_shield": {
    "criteria": {
      "has_planks": "2024-11-25 00:25:32 +0000"
    },
    "done": true
  },
  "spartanweaponry:recipes/wooden_pike": {
    "criteria": {
      "has_wood": "2024-11-25 00:25:32 +0000"
    },
    "done": true
  },
  "spartanshields:recipes/stone_basic_shield": {
    "criteria": {
      "has_cobblestone": "2024-11-25 00:24:13 +0000"
    },
    "done": true
  },
  "minecraft:recipes/building_blocks/oak_stairs": {
    "criteria": {
      "has_planks": "2024-11-25 00:25:32 +0000"
    },
    "done": true
  },
  "minecraft:recipes/decorations/oak_fence": {
    "criteria": {
      "has_planks": "2024-11-25 00:25:32 +0000"
    },
    "done": true
  },
  "spartanweaponry:recipes/combat/pole_from_wool": {
    "criteria": {
      "has_stick": "2024-11-25 00:26:32 +0000"
    },
    "done": true
  },
  "spartanweaponry:recipes/wooden_halberd": {
    "criteria": {
      "has_wood": "2024-11-25 00:25:32 +0000"
    },
    "done": true
  },
  "iceandfire:recipes/misc/earplugs": {
    "criteria": {
      "has_item": "2024-11-25 00:25:32 +0000"
    },
    "done": true
  },
  "vampirism:recipes/decorations/vampire/altar_inspiration": {
    "criteria": {
      "has_planks": "2024-11-25 00:25:32 +0000"
    },
    "done": true
  },
  "spartanweaponry:recipes/wooden_katana": {
    "criteria": {
      "has_wood": "2024-11-25 00:25:32 +0000"
    },
    "done": true
  },
  "spartanweaponry:recipes/wooden_battleaxe": {
    "criteria": {
      "has_wood": "2024-11-25 00:25:32 +0000"
    },
    "done": true
  },
  "minecraft:recipes/redstone/oak_button": {
    "criteria": {
      "has_planks": "2024-11-25 00:25:32 +0000"
    },
    "done": true
  },
  "spartanweaponry:recipes/wooden_battle_hammer": {
    "criteria": {
      "has_wood": "2024-11-25 00:25:32 +0000"
    },
    "done": true
  },
  "minecraft:recipes/decorations/torch": {
    "criteria": {
      "has_stone_pickaxe": "2024-11-25 00:26:40 +0000"
    },
    "done": true
  },
  "spartanweaponry:recipes/stone_lance": {
    "criteria": {
      "has_cobblestone": "2024-11-25 00:24:13 +0000"
    },
    "done": true
  },
  "spartanshields:recipes/stone_tower_shield": {
    "criteria": {
      "has_cobblestone": "2024-11-25 00:24:13 +0000"
    },
    "done": true
  },
  "spartanweaponry:recipes/stone_quarterstaff": {
    "criteria": {
      "has_cobblestone": "2024-11-25 00:24:13 +0000"
    },
    "done": true
  },
  "spartanweaponry:recipes/combat/handle_from_wool": {
    "criteria": {
      "has_stick": "2024-11-25 00:26:32 +0000"
    },
    "done": true
  },
  "vampirism:recipes/decorations/hunter/cross": {
    "criteria": {
      "has_planks": "2024-11-25 00:25:32 +0000"
    },
    "done": true
  },
  "spartanweaponry:recipes/wooden_dagger": {
    "criteria": {
      "has_wood": "2024-11-25 00:25:32 +0000"
    },
    "done": true
  },
  "minecraft:recipes/tools/wooden_pickaxe": {
    "criteria": {
      "has_stick": "2024-11-25 00:26:32 +0000"
    },
    "done": true
  },
  "supertools:recipes/tools/wooden_sickle": {
    "criteria": {
      "has_items": "2024-11-25 00:25:32 +0000"
    },
    "done": true
  },
  "vampirism:recipes/decorations/bat_cage": {
    "criteria": {
      "has_planks": "2024-11-25 00:25:32 +0000"
    },
    "done": true
  },
  "minecraft:story/upgrade_tools": {
    "criteria": {
      "stone_pickaxe": "2024-11-25 00:26:40 +0000"
    },
    "done": true
  },
  "minecraft:recipes/redstone/oak_pressure_plate": {
    "criteria": {
      "has_planks": "2024-11-25 00:25:32 +0000"
    },
    "done": true
  },
  "spartanweaponry:recipes/stone_flanged_mace": {
    "criteria": {
      "has_cobblestone": "2024-11-25 00:24:13 +0000"
    },
    "done": true
  },
  "spartanweaponry:recipes/stone_javelin": {
    "criteria": {
      "has_cobblestone": "2024-11-25 00:24:13 +0000"
    },
    "done": true
  },
  "spartanweaponry:recipes/wooden_heavy_crossbow": {
    "criteria": {
      "has_wood": "2024-11-25 00:25:32 +0000"
    },
    "done": true
  },
  "vampirism:recipes/combat/alchemy_table": {
    "criteria": {
      "has_planks": "2024-11-25 00:25:32 +0000"
    },
    "done": true
  },
  "spartanweaponry:recipes/stone_pike": {
    "criteria": {
      "has_cobblestone": "2024-11-25 00:24:13 +0000"
    },
    "done": true
  },
  "spartanweaponry:recipes/combat/pole_from_string": {
    "criteria": {
      "has_stick": "2024-11-25 00:26:32 +0000"
    },
    "done": true
  },
  "spartanweaponry:recipes/stone_warhammer": {
    "criteria": {
      "has_cobblestone": "2024-11-25 00:24:13 +0000"
    },
    "done": true
  },
  "spartanweaponry:recipes/wooden_tomahawk": {
    "criteria": {
      "has_wood": "2024-11-25 00:25:32 +0000"
    },
    "done": true
  },
  "spartanweaponry:recipes/combat/simple_handle": {
    "criteria": {
      "has_stick": "2024-11-25 00:26:32 +0000"
    },
    "done": true
  },
  "minecraft:recipes/building_blocks/cobblestone_stairs_from_cobblestone_stonecutting": {
    "criteria": {
      "has_cobblestone": "2024-11-25 00:24:13 +0000"
    },
    "done": true
  },
  "spartanweaponry:recipes/stone_dagger": {
    "criteria": {
      "has_cobblestone": "2024-11-25 00:24:13 +0000"
    },
    "done": true
  },
  "spartanweaponry:recipes/stone_halberd": {
    "criteria": {
      "has_cobblestone": "2024-11-25 00:24:13 +0000"
    },
    "done": true
  },
  "vampirism:recipes/decorations/general/vampire_rack": {
    "criteria": {
      "has_planks": "2024-11-25 00:25:32 +0000"
    },
    "done": true
  },
  "aquaculture:recipes/tools/stone_fillet_knife": {
    "criteria": {
      "has_items": "2024-11-25 00:24:13 +0000"
    },
    "done": true
  },
  "minecraft:recipes/tools/stone_hoe": {
    "criteria": {
      "has_cobblestone": "2024-11-25 00:24:13 +0000"
    },
    "done": true
  },
  "minecraft:story/root": {
    "criteria": {
      "crafting_table": "2024-11-25 00:26:13 +0000"
    },
    "done": true
  },
  "vampirism:recipes/decorations/general/altar_cleansing": {
    "criteria": {
      "has_vampire_book": "2024-11-25 00:25:32 +0000"
    },
    "done": true
  },
  "DataVersion": 3465
}